# Exported from MakeClothes (TM)
# author Elvaerwyn
# license CC_by
# homepage http://www.makehuman.org/
v 1.1005 0.6445 -0.5960
v 1.1031 0.6480 -0.5809
v 1.1845 0.6146 -0.5475
v 1.1814 0.6113 -0.5629
v 1.0032 0.6728 -0.6322
v 1.0095 0.6837 -0.6104
v 0.9015 0.7092 -0.6560
v 0.9082 0.7210 -0.6342
v 0.8043 0.7585 -0.6515
v 0.7967 0.7454 -0.6734
v 0.6976 0.7878 -0.6770
v 0.6824 0.7572 -0.7001
v 0.7826 0.7154 -0.6864
v 0.9883 0.6445 -0.6452
v 0.8871 0.6798 -0.6689
v 1.0851 0.6197 -0.6203
v 1.0808 0.6115 -0.6167
v 1.1601 0.5811 -0.5853
v 1.2462 0.5808 -0.5277
v 1.2938 0.5562 -0.4966
v 1.2671 0.5312 -0.5213
v 1.2223 0.5535 -0.5513
v 1.2498 0.5840 -0.5121
v 1.2979 0.5594 -0.4810
v 1.3233 0.5406 -0.4769
v 1.3175 0.5147 -0.4921
v 1.2915 0.4888 -0.5110
v 1.2944 0.5169 -0.5019
v 1.3254 0.4899 -0.4925
v 1.1902 0.4170 -0.6028
v 1.2554 0.4620 -0.5452
v 1.2897 0.4415 -0.5351
v 1.1223 0.3512 -0.6766
v 1.1078 0.3581 -0.6746
v 1.0210 0.2898 -0.7459
v 0.9015 0.1907 -0.8395
v 0.9463 0.2286 -0.8044
v 0.9630 0.1997 -0.8086
v 0.8683 0.1673 -0.8685
v 0.8759 0.1739 -0.8571
v 0.8413 0.1928 -0.8687
v 0.8356 0.1538 -0.8837
v 0.8509 0.1390 -0.8789
v 0.8724 0.1139 -0.8711
v 0.9170 0.1364 -0.8402
v 0.8363 0.0770 -0.8880
v 0.8279 0.0964 -0.8900
v 0.7906 0.0297 -0.9045
v 0.7948 0.0861 -0.8947
v 0.8100 0.1087 -0.8891
v 0.8227 0.1219 -0.8918
v 0.8068 0.1244 -0.8892
v 0.7886 0.1420 -0.8934
v 0.8175 0.1711 -0.8877
v 0.7876 0.1996 -0.8943
v 0.7717 0.2579 -0.8821
v 0.8114 0.2209 -0.8750
v 0.7593 0.1703 -0.8998
v 0.7209 0.2071 -0.9072
v 0.6752 0.2501 -0.9137
v 0.7115 0.2901 -0.9035
v 0.6497 0.3283 -0.9124
v 0.6716 0.3490 -0.8921
v 0.7247 0.3014 -0.8886
v 0.6236 0.2969 -0.9169
v 0.5666 0.3453 -0.9140
v 0.5921 0.3774 -0.9105
v 0.6137 0.3981 -0.8904
v 0.5526 0.4477 -0.8817
v 0.5309 0.4273 -0.9011
v 0.4755 0.4868 -0.8811
v 0.3812 0.4962 -0.8684
v 0.4115 0.5382 -0.8617
v 0.4436 0.4447 -0.8881
v 0.3207 0.5505 -0.8454
v 0.3418 0.5837 -0.8435
v 0.4259 0.5479 -0.8478
v 0.3654 0.6020 -0.8259
v 0.4891 0.4971 -0.8668
v 0.5061 0.3948 -0.9038
v 0.3098 0.6578 -0.8002
v 0.2847 0.6406 -0.8171
v 0.2429 0.7071 -0.7826
v 0.2110 0.6736 -0.7944
v 0.2637 0.6068 -0.8185
v 0.2119 0.6646 -0.7872
v 0.1671 0.7373 -0.7580
v 0.1655 0.7251 -0.7513
v 0.1247 0.7893 -0.7108
v 0.1528 0.8176 -0.7090
v 0.1995 0.7651 -0.7468
v 0.1834 0.8250 -0.6929
v 0.2184 0.7694 -0.7345
v 0.2606 0.7137 -0.7700
v 0.1516 0.8825 -0.6463
v 0.0856 0.8587 -0.6626
v 0.0495 0.9457 -0.6074
v 0.1184 0.8816 -0.6608
v 0.0442 0.9340 -0.6026
v 0.0447 1.0226 -0.5401
v 0.0959 0.9524 -0.6023
v 0.0015 1.0123 -0.5336
v 0.0859 1.0085 -0.5403
v 0.1189 0.9444 -0.5955
v 0.7581 0.2464 -0.8966
v 0.6957 -0.0163 -0.9242
v 0.6572 -0.1301 -0.9305
v 0.6205 -0.0903 -0.9356
v 0.7239 -0.0395 -0.9261
v 0.5479 -0.1800 -0.9326
v 0.7343 -0.0526 -0.9170
v 0.5779 -0.2044 -0.9244
v 0.5441 -0.1602 -0.9292
v 0.4777 -0.2427 -0.9120
v 0.4436 -0.2456 -0.8994
v 0.4804 -0.2155 -0.9139
v 0.4137 -0.2675 -0.8892
v 0.4244 -0.2556 -0.8894
v 0.4029 -0.2337 -0.8881
v 0.4394 -0.3313 -0.8719
v 0.4010 -0.2926 -0.8743
v 0.4670 -0.3050 -0.8901
v 0.4181 -0.3549 -0.8532
v 0.3931 -0.3280 -0.8572
v 0.3961 -0.3823 -0.8293
v 0.3714 -0.3564 -0.8337
v 0.3742 -0.3085 -0.8519
v 0.3286 -0.3907 -0.7907
v 0.3547 -0.3507 -0.8223
v 0.3693 -0.3255 -0.8418
v 0.3301 -0.4677 -0.7519
v 0.2945 -0.4382 -0.7495
v 0.3667 -0.4209 -0.7953
v 0.2869 -0.5178 -0.6998
v 0.2553 -0.4849 -0.7010
v 0.2414 -0.5684 -0.6382
v 0.2135 -0.5320 -0.6419
v 0.1716 -0.5818 -0.5692
v 0.1980 -0.6169 -0.5663
v 0.1575 -0.6599 -0.4842
v 0.1306 -0.6298 -0.4855
v 0.0913 -0.6710 -0.3920
v 0.1204 -0.6938 -0.3912
v 0.0642 -0.7104 -0.3136
v 0.0686 -0.6913 -0.3106
v 0.0930 -0.7170 -0.3119
v 0.3706 -0.2941 -0.8553
v 0.3891 -0.2753 -0.8747
v 0.3594 -0.2761 -0.8561
v 0.3781 -0.2575 -0.8760
v 0.3522 -0.2377 -0.8727
v 0.3413 -0.2480 -0.8583
v 0.3173 -0.2104 -0.8620
v 0.3463 -0.1860 -0.8906
v 0.3652 -0.1725 -0.8949
v 0.3196 -0.1402 -0.8951
v 0.3397 -0.1282 -0.8990
v 0.3866 -0.2077 -0.8911
v 0.2884 -0.1634 -0.8668
v 0.2568 -0.1060 -0.8710
v 0.2708 -0.0961 -0.8859
v 0.2244 -0.0368 -0.8724
v 0.1923 0.0421 -0.8710
v 0.2394 -0.0276 -0.8877
v 0.2821 -0.0102 -0.9040
v 0.2197 0.0551 -0.8926
v 0.2532 0.0638 -0.9015
v 0.1920 0.1417 -0.8859
v 0.1782 0.2379 -0.8775
v 0.2014 0.2378 -0.8754
v 0.2268 0.1474 -0.8920
v 0.1620 0.1290 -0.8664
v 0.1335 0.2225 -0.8569
v 0.1266 0.3295 -0.8530
v 0.1068 0.3208 -0.8422
v 0.0824 0.4217 -0.8216
v 0.1511 0.4283 -0.8292
v 0.1756 0.3320 -0.8543
v 0.0934 0.5304 -0.8050
v 0.1297 0.5243 -0.7994
v 0.0875 0.6279 -0.7716
v 0.0610 0.5220 -0.7944
v 0.0420 0.6203 -0.7608
v 0.0577 0.7225 -0.7297
v 0.0245 0.7154 -0.7211
v 0.0112 0.8113 -0.6719
v 0.0377 0.9193 -0.6142
v 0.0445 0.8185 -0.6792
v 0.0040 0.9118 -0.6090
v 0.0729 0.9069 -0.6064
v 0.0801 0.8068 -0.6724
v 0.0934 0.7120 -0.7232
v 0.1107 0.6190 -0.7642
v 0.0470 1.0222 -0.5359
v 0.0688 1.0096 -0.5275
v -0.0000 1.0147 -0.5341
v 0.3116 -0.0742 -0.9024
v 0.5101 -0.2659 -0.9077
v -1.5701 0.5325 -0.0630
v -1.6053 0.5276 0.0297
v -1.5829 0.5609 0.0303
v -1.5485 0.5653 -0.0652
v -1.5673 0.5115 -0.0608
v -1.6019 0.5068 0.0308
v -1.6315 0.5211 0.1154
v -1.6113 0.5547 0.1168
v -1.6269 0.5482 0.1951
v -1.6461 0.5142 0.1925
v -1.6511 0.5179 0.2555
v -1.6346 0.5418 0.2580
v -1.6556 0.5126 0.2957
v -1.6544 0.4810 0.2935
v -1.6417 0.4932 0.1922
v -1.6498 0.4863 0.2538
v -1.6635 0.4883 0.3301
v -1.6578 0.4761 0.3295
v -1.6586 0.5092 0.3319
v -1.6548 0.5241 0.3327
v -1.6392 0.5366 0.2985
v -1.6406 0.5378 0.3212
v -1.6385 0.5493 0.3313
v -1.6269 0.5003 0.1159
v -1.5331 0.5322 -0.1593
v -1.4784 0.5475 -0.2519
v -1.5090 0.5636 -0.1620
v -1.4642 0.5593 -0.2510
v -1.4209 0.5519 -0.3265
v -1.4463 0.5208 -0.3255
v -1.4915 0.5079 -0.2457
v -1.5330 0.5117 -0.1569
v -1.4494 0.5007 -0.3220
v -1.4117 0.4899 -0.3813
v -1.4083 0.5092 -0.3855
v -1.3629 0.5359 -0.4182
v -1.3847 0.5418 -0.3832
v -1.3500 0.5276 -0.4490
v -1.3465 0.5364 -0.4400
v -1.3577 0.4877 -0.4588
v -1.3819 0.4991 -0.4262
v -1.3372 0.5198 -0.4659
v -1.3185 0.5007 -0.4890
v -1.2839 0.4888 -0.5116
v -1.2787 0.4415 -0.5389
v -1.3265 0.4702 -0.4932
v -1.3125 0.5147 -0.4905
v -1.3142 0.5355 -0.4815
v -1.2890 0.5169 -0.5006
v -1.2612 0.5312 -0.5202
v -1.2913 0.5562 -0.4927
v -1.3270 0.5439 -0.4564
v -1.2968 0.5594 -0.4761
v -1.2481 0.5840 -0.5076
v -1.2431 0.5808 -0.5242
v -1.2157 0.5535 -0.5511
v -1.1532 0.5811 -0.5860
v -1.1774 0.6113 -0.5604
v -1.0786 0.6197 -0.6211
v -0.9987 0.6728 -0.6306
v -0.9827 0.6445 -0.6458
v -0.8981 0.7092 -0.6559
v -1.0062 0.6837 -0.6070
v -0.9056 0.7210 -0.6324
v -0.8024 0.7585 -0.6562
v -0.7947 0.7454 -0.6796
v -0.8830 0.6798 -0.6709
v -1.0741 0.6115 -0.6178
v -1.0961 0.6445 -0.5940
v -1.0998 0.6480 -0.5777
v -1.1819 0.6146 -0.5438
v -0.7806 0.7154 -0.6945
v -0.6827 0.7572 -0.7148
v -0.6021 0.8206 -0.6996
v -0.5846 0.7805 -0.7194
v -0.5104 0.8419 -0.7044
v -0.6078 0.8283 -0.6846
v -0.5219 0.8586 -0.6830
v -0.4425 0.8873 -0.6724
v -0.4301 0.8705 -0.6939
v -0.4978 0.8099 -0.7172
v -0.6803 0.7490 -0.7115
v -0.6977 0.7878 -0.6904
v -0.7022 0.7946 -0.6749
v -0.4182 0.8378 -0.7064
v -0.3437 0.8738 -0.6931
v -0.3596 0.9079 -0.6706
v -0.2872 0.9358 -0.6490
v -0.2727 0.9011 -0.6720
v -0.2737 0.8921 -0.6678
v -0.3443 0.8653 -0.6891
v -0.2044 0.9182 -0.6441
v -0.2121 0.9531 -0.6304
v -0.1363 0.9435 -0.6177
v -0.2952 0.9437 -0.6332
v -0.2228 0.9697 -0.6063
v -0.1503 0.9950 -0.5756
v -0.1415 0.9786 -0.6016
v -0.0673 0.9772 -0.5919
v -0.0010 1.0278 -0.5403
v -0.0031 0.9917 -0.5601
v -0.0694 0.9678 -0.5885
v -0.0730 1.0127 -0.5616
v -0.0047 1.0456 -0.5111
v -0.0776 1.0203 -0.5428
v -0.3677 0.9159 -0.6555
v -0.0951 -0.7200 -0.3119
v -0.1225 -0.6975 -0.3912
v -0.0935 -0.6738 -0.3920
v -0.0663 -0.7124 -0.3136
v -0.0707 -0.6935 -0.3106
v -0.1596 -0.6644 -0.4842
v -0.1327 -0.6335 -0.4855
v -0.1737 -0.5865 -0.5691
v -0.2001 -0.6222 -0.5663
v -0.2435 -0.5747 -0.6380
v -0.2156 -0.5379 -0.6416
v -0.2574 -0.4916 -0.7006
v -0.2890 -0.5251 -0.6995
v -0.3322 -0.4755 -0.7515
v -0.2966 -0.4456 -0.7490
v -0.3307 -0.3983 -0.7902
v -0.3688 -0.4289 -0.7948
v -0.3982 -0.3900 -0.8287
v -0.3736 -0.3638 -0.8331
v -0.3568 -0.3581 -0.8217
v -0.3714 -0.3327 -0.8412
v -0.3912 -0.3245 -0.8589
v -0.4202 -0.3625 -0.8525
v -0.4415 -0.3389 -0.8710
v -0.4031 -0.2998 -0.8737
v -0.3763 -0.3156 -0.8513
v -0.3912 -0.2823 -0.8741
v -0.3728 -0.3011 -0.8548
v -0.3616 -0.2829 -0.8557
v -0.3802 -0.2643 -0.8756
v -0.3434 -0.2545 -0.8581
v -0.3710 -0.2289 -0.8861
v -0.3484 -0.1919 -0.8907
v -0.3194 -0.2163 -0.8620
v -0.3033 -0.1586 -0.8820
v -0.3418 -0.1335 -0.8994
v -0.3673 -0.1784 -0.8951
v -0.3888 -0.2141 -0.8910
v -0.4051 -0.2405 -0.8877
v -0.4158 -0.2746 -0.8885
v -0.4388 -0.2880 -0.8920
v -0.4798 -0.2496 -0.9112
v -0.5462 -0.1658 -0.9283
v -0.5122 -0.2730 -0.9067
v -0.5800 -0.2103 -0.9231
v -0.6593 -0.1343 -0.9288
v -0.6226 -0.0944 -0.9343
v -0.4825 -0.2221 -0.9131
v -0.4458 -0.2525 -0.8988
v -0.4265 -0.2627 -0.8888
v -0.6978 -0.0188 -0.9226
v -0.7260 -0.0421 -0.9242
v -0.7925 0.0283 -0.9023
v -0.7965 0.0852 -0.8931
v -0.8288 0.1078 -0.8883
v -0.8377 0.0763 -0.8863
v -0.8731 0.1135 -0.8700
v -0.8517 0.1387 -0.8780
v -0.8239 0.1214 -0.8906
v -0.8364 0.1535 -0.8829
v -0.8081 0.1239 -0.8880
v -0.8114 0.1081 -0.8878
v -0.7900 0.1414 -0.8924
v -0.8686 0.1671 -0.8681
v -0.8938 0.1617 -0.8539
v -0.8807 0.0986 -0.8625
v -0.9168 0.1363 -0.8398
v -0.9610 0.1997 -0.8101
v -0.9008 0.1907 -0.8400
v -1.0161 0.2898 -0.7502
v -1.0431 0.2514 -0.7459
v -1.1133 0.3512 -0.6835
v -1.0989 0.3581 -0.6815
v -1.1783 0.4170 -0.6090
v -1.2072 0.3967 -0.6058
v -1.2449 0.4620 -0.5484
v -1.2825 0.4247 -0.5331
v -1.2113 0.3806 -0.6001
v -1.3302 0.4527 -0.4876
v -1.3614 0.4697 -0.4535
v -1.3857 0.4804 -0.4215
v -1.1292 0.3222 -0.6758
v -0.9442 0.2286 -0.8065
v -0.8759 0.1738 -0.8570
v -0.8417 0.1927 -0.8687
v -0.8184 0.1708 -0.8872
v -0.7887 0.1994 -0.8941
v -0.7608 0.1699 -0.8992
v -0.7225 0.2068 -0.9070
v -0.7592 0.2463 -0.8970
v -0.8119 0.2208 -0.8753
v -0.7726 0.2578 -0.8828
v -0.7129 0.2901 -0.9045
v -0.6771 0.2499 -0.9141
v -0.6256 0.2968 -0.9181
v -0.6516 0.3282 -0.9142
v -0.5942 0.3774 -0.9161
v -0.6731 0.3490 -0.8946
v -0.6156 0.3981 -0.8968
v -0.5546 0.4477 -0.8947
v -0.5330 0.4273 -0.9133
v -0.5687 0.3453 -0.9187
v -0.5082 0.3948 -0.9149
v -0.4776 0.4868 -0.8994
v -0.3833 0.4962 -0.8885
v -0.4457 0.4447 -0.9047
v -0.4137 0.5382 -0.8835
v -0.3439 0.5837 -0.8661
v -0.4280 0.5479 -0.8700
v -0.3675 0.6020 -0.8494
v -0.3119 0.6578 -0.8233
v -0.2868 0.6406 -0.8392
v -0.3228 0.5505 -0.8667
v -0.2658 0.6068 -0.8391
v -0.2131 0.6736 -0.8128
v -0.2450 0.7071 -0.8031
v -0.2016 0.7651 -0.7650
v -0.1692 0.7373 -0.7739
v -0.2140 0.6646 -0.8056
v -0.1549 0.8176 -0.7238
v -0.1268 0.7893 -0.7232
v -0.1676 0.7251 -0.7670
v -0.0877 0.8587 -0.6708
v -0.2205 0.7694 -0.7537
v -0.1855 0.8250 -0.7097
v -0.1537 0.8825 -0.6600
v -0.1205 0.8816 -0.6721
v -0.0516 0.9457 -0.6114
v -0.0468 1.0226 -0.5427
v -0.0036 1.0123 -0.5338
v -0.0463 0.9340 -0.6062
v -0.0980 0.9524 -0.6100
v -0.0880 1.0085 -0.5454
v -0.1211 0.9444 -0.6050
v -0.2627 0.7137 -0.7914
v -0.4912 0.4971 -0.8854
v -0.7259 0.3014 -0.8899
v -0.9668 0.1842 -0.8033
v -0.7598 0.0460 -0.9046
v -0.7364 -0.0552 -0.9149
v -0.8018 0.0143 -0.8937
v -0.8462 0.0618 -0.8783
v 1.3516 0.5276 -0.4531
v 1.3279 0.5439 -0.4614
v 1.3470 0.5364 -0.4452
v 1.3622 0.5359 -0.4243
v 1.3820 0.5418 -0.3914
v 1.4155 0.5519 -0.3380
v 1.4572 0.5593 -0.2660
v 1.4284 0.5397 -0.3423
v 1.4081 0.5092 -0.3908
v 1.4435 0.5208 -0.3342
v 1.4126 0.4899 -0.3855
v 1.4726 0.5475 -0.2656
v 1.4478 0.5007 -0.3293
v 1.3888 0.4804 -0.4234
v 1.3842 0.4991 -0.4292
v 1.3624 0.4877 -0.4598
v 1.3341 0.4702 -0.4920
v 1.3403 0.5198 -0.4687
v 1.3668 0.4697 -0.4536
v 1.3384 0.4527 -0.4856
v 1.2937 0.4247 -0.5287
v 1.2196 0.3967 -0.5991
v 1.2236 0.3806 -0.5931
v 1.1380 0.3222 -0.6688
v 1.0479 0.2514 -0.7419
v 0.9688 0.1842 -0.8019
v 1.4885 0.5079 -0.2562
v 1.5293 0.5322 -0.1742
v 1.5025 0.5636 -0.1799
v 1.5691 0.5325 -0.0797
v 1.5450 0.5653 -0.0848
v 1.5773 0.5609 0.0136
v 1.5988 0.5276 0.0170
v 1.5674 0.5115 -0.0762
v 1.6203 0.5211 0.1095
v 1.6009 0.5547 0.1071
v 1.6158 0.5482 0.1910
v 1.6231 0.5418 0.2587
v 1.6393 0.5179 0.2586
v 1.6345 0.5142 0.1922
v 1.6158 0.5003 0.1114
v 1.6301 0.4932 0.1932
v 1.6381 0.4863 0.2586
v 1.6428 0.4810 0.3010
v 1.6436 0.5126 0.3019
v 1.6274 0.5366 0.3027
v 1.6426 0.5241 0.3409
v 1.6466 0.5092 0.3408
v 1.6517 0.4883 0.3400
v 1.6286 0.5378 0.3272
v 1.6264 0.5493 0.3374
v 1.6462 0.4761 0.3394
v 1.5952 0.5068 0.0199
v 1.5305 0.5117 -0.1703
v 0.6800 0.7490 -0.6965
v 0.5830 0.7805 -0.7000
v 0.6005 0.8206 -0.6818
v 0.6064 0.8283 -0.6673
v 0.7023 0.7946 -0.6621
v 0.5084 0.8419 -0.6837
v 0.5199 0.8586 -0.6632
v 0.4404 0.8873 -0.6518
v 0.4280 0.8705 -0.6725
v 0.3575 0.9079 -0.6504
v 0.3416 0.8738 -0.6720
v 0.4161 0.8378 -0.6840
v 0.4957 0.8099 -0.6954
v 0.3422 0.8653 -0.6679
v 0.2716 0.8921 -0.6486
v 0.2706 0.9011 -0.6530
v 0.2851 0.9358 -0.6307
v 0.2931 0.9437 -0.6152
v 0.3656 0.9159 -0.6356
v 0.2100 0.9531 -0.6150
v 0.2207 0.9697 -0.5913
v 0.1482 0.9950 -0.5655
v 0.1394 0.9786 -0.5911
v 0.0709 1.0127 -0.5573
v 0.0652 0.9772 -0.5873
v 0.1342 0.9435 -0.6068
v 0.2023 0.9182 -0.6282
v 0.0673 0.9678 -0.5837
v 0.0010 0.9917 -0.5599
v -0.0010 1.0278 -0.5403
v 0.0026 1.0456 -0.5110
v 0.0755 1.0203 -0.5386
v -0.4691 -0.3124 -0.8891
v -0.3137 -0.0788 -0.9030
v -0.2842 -0.0138 -0.9048
v -0.2519 -0.0260 -0.8948
v -0.2553 0.0610 -0.9024
v -0.2218 0.0526 -0.8934
v -0.2729 -0.1005 -0.8863
v -0.2265 -0.0402 -0.8729
v -0.1944 0.0397 -0.8716
v -0.2589 -0.1102 -0.8713
v -0.2905 -0.1685 -0.8670
v -0.1941 0.1401 -0.8873
v -0.1641 0.1275 -0.8675
v -0.1356 0.2217 -0.8602
v -0.1803 0.2370 -0.8821
v -0.1287 0.3293 -0.8586
v -0.0845 0.4217 -0.8264
v -0.1777 0.3318 -0.8620
v -0.2035 0.2368 -0.8803
v -0.2289 0.1456 -0.8936
v -0.1532 0.4283 -0.8384
v -0.1089 0.3207 -0.8468
v -0.0955 0.5304 -0.8116
v -0.0631 0.5220 -0.7982
v -0.0441 0.6203 -0.7634
v -0.0896 0.6279 -0.7788
v -0.1318 0.5243 -0.8089
v -0.0955 0.7120 -0.7321
v -0.0598 0.7225 -0.7344
v -0.0822 0.8068 -0.6801
v -0.0466 0.8185 -0.6832
v -0.0266 0.7154 -0.7231
v -0.0132 0.8113 -0.6732
v -0.0398 0.9193 -0.6174
v -0.0021 1.0147 -0.5342
v -0.0061 0.9118 -0.6096
v -0.0491 1.0222 -0.5386
v -0.0750 0.9069 -0.6124
v -0.0709 1.0096 -0.5313
v -0.1128 0.6190 -0.7736
v 0.7578 0.0474 -0.9065
v 0.7999 0.0158 -0.8959
v 0.8447 0.0625 -0.8801
v 0.8800 0.0990 -0.8637
v -0.2492 0.2502 -0.9628
v -0.2224 0.0993 -0.9628
v -0.3036 0.1120 -0.9744
v -0.3549 0.2558 -0.9569
v -0.2758 0.3919 -0.9330
v -0.1952 0.3931 -0.9421
v -0.2466 0.5220 -0.8973
v -0.1987 0.5285 -0.9072
v -0.1501 0.3861 -0.9226
v -0.1465 0.5300 -0.9047
v -0.0853 0.5230 -0.8825
v -0.1366 0.6528 -0.8669
v -0.2225 0.6354 -0.8578
v -0.0781 0.6451 -0.8466
v -0.0987 0.3822 -0.9116
v -0.1181 0.2337 -0.9312
v -0.1459 0.2373 -0.9391
v -0.1697 0.0922 -0.9560
v -0.2406 -0.0369 -0.9769
v -0.2938 -0.0268 -0.9813
v -0.2331 -0.1697 -0.9879
v -0.2846 -0.1583 -0.9880
v -0.3462 -0.0175 -0.9823
v -0.3354 -0.1467 -0.9874
v -0.3852 -0.1353 -0.9860
v -0.3518 -0.2283 -0.9847
v -0.3961 -0.2502 -0.9766
v -0.4253 -0.2139 -0.9797
v -0.3475 -0.2656 -0.9803
v -0.4444 -0.2346 -0.9721
v -0.4502 -0.1995 -0.9778
v -0.5142 -0.2102 -0.9644
v -0.5181 -0.1770 -0.9702
v -0.4774 -0.1112 -0.9798
v -0.5366 0.0145 -0.9753
v -0.4920 0.0071 -0.9796
v -0.5428 -0.0932 -0.9726
v -0.5580 0.0176 -0.9689
v -0.5548 -0.1707 -0.9606
v -0.5642 -0.0911 -0.9654
v -0.4968 0.1336 -0.9793
v -0.5378 0.1370 -0.9667
v -0.5094 0.2668 -0.9575
v -0.4696 0.2670 -0.9726
v -0.4012 0.2615 -0.9650
v -0.4275 0.1257 -0.9757
v -0.3799 0.1203 -0.9723
v -0.4462 -0.0014 -0.9813
v -0.4555 -0.1174 -0.9818
v -0.3950 -0.0096 -0.9814
v -0.3442 0.3987 -0.9397
v -0.4320 0.4086 -0.9517
v -0.3721 0.5461 -0.9220
v -0.3291 0.5384 -0.9189
v -0.2900 0.5257 -0.9037
v -0.2985 0.6557 -0.8796
v -0.2600 0.6417 -0.8680
v -0.2574 0.7465 -0.8346
v -0.3572 0.6652 -0.8660
v -0.4309 0.5466 -0.9038
v -0.4706 0.4070 -0.9365
v -0.3958 0.6699 -0.8616
v -0.3697 0.7718 -0.8198
v -0.3492 0.8479 -0.7792
v -0.3330 0.7669 -0.8252
v -0.2760 0.8346 -0.7901
v -0.3230 0.8972 -0.7391
v -0.2385 0.8905 -0.7521
v -0.2427 0.8277 -0.7925
v -0.2576 0.9277 -0.7076
v -0.2889 0.9292 -0.7035
v -0.2491 0.9560 -0.6709
v -0.2055 0.9527 -0.6783
v -0.1967 0.9786 -0.6465
v -0.1524 0.9747 -0.6524
v -0.0649 0.9950 -0.6340
v -0.1089 0.9739 -0.6533
v -0.0987 0.9958 -0.6334
v -0.0211 1.0052 -0.6204
v -0.0052 1.0320 -0.6013
v -0.0719 1.0217 -0.6093
v -0.1369 1.0004 -0.6265
v -0.0041 1.0103 -0.6173
v -0.0536 0.9764 -0.6422
v -0.1176 0.9530 -0.6770
v -0.0657 0.9546 -0.6633
v -0.1124 0.9258 -0.7057
v -0.0946 0.8872 -0.7362
v -0.1518 0.8731 -0.7427
v -0.1491 0.9168 -0.7087
v -0.1815 0.8724 -0.7426
v -0.1475 0.8212 -0.7820
v -0.1958 0.8143 -0.7808
v -0.2099 0.8815 -0.7475
v -0.2137 0.9245 -0.7111
v -0.1593 0.9487 -0.6779
v -0.1896 0.7343 -0.8162
v -0.1176 0.7563 -0.8220
v -0.1152 0.8315 -0.7808
v -0.0792 0.8869 -0.7301
v -0.0741 0.9263 -0.6937
v -0.0812 0.8303 -0.7695
v -0.0810 0.7499 -0.8081
v -0.1886 -0.0463 -0.9737
v -0.1646 -0.0515 -0.9684
v -0.1414 0.0878 -0.9485
v -0.1825 -0.1857 -0.9832
v -0.1987 -0.2765 -0.9911
v -0.2489 -0.2631 -0.9894
v -0.2199 -0.3021 -0.9873
v -0.2447 -0.2950 -0.9861
v -0.3000 -0.2418 -0.9871
v -0.2958 -0.2807 -0.9834
v -0.1795 -0.2818 -0.9877
v 0.1186 0.9998 -0.5975
v 0.1173 1.0168 -0.5806
v 0.0711 1.0254 -0.5843
v 0.1165 1.0352 -0.5630
v 0.1160 1.0554 -0.5436
v 0.0697 1.0635 -0.5488
v 0.0464 1.0458 -0.5723
v 0.0715 1.0834 -0.5416
v 0.1160 1.0770 -0.5229
v 0.0938 1.1119 -0.5002
v 0.1174 1.0827 -0.5275
v 0.1407 1.1063 -0.4895
v 0.1418 1.1351 -0.4655
v 0.1171 1.1252 -0.4807
v 0.1674 1.0832 -0.5100
v 0.2006 1.1455 -0.4491
v 0.1691 1.1418 -0.4553
v 0.2368 1.1145 -0.4749
v 0.2361 1.0858 -0.5049
v 0.2785 1.1454 -0.4465
v 0.2377 1.1463 -0.4466
v 0.3206 1.1140 -0.4740
v 0.3199 1.0597 -0.5311
v 0.3202 1.0870 -0.5029
v 0.2767 1.0587 -0.5324
v 0.1671 1.0565 -0.5364
v 0.2354 1.0299 -0.5613
v 0.1988 1.0043 -0.5868
v 0.1672 1.0311 -0.5613
v 0.3193 1.0040 -0.5877
v 0.3196 1.0321 -0.5593
v 0.2764 1.0033 -0.5884
v 0.3619 0.9756 -0.6149
v 0.3623 1.0046 -0.5859
v 0.2361 0.9769 -0.6143
v 0.3191 0.9755 -0.6162
v 0.3627 1.0329 -0.5573
v 0.4411 1.0042 -0.5807
v 0.5092 1.0173 -0.5911
v 0.5037 1.0457 -0.5642
v 0.5024 1.0626 -0.5834
v 0.5071 1.0934 -0.5574
v 0.5180 1.1283 -0.5330
v 0.4347 1.1068 -0.5774
v 0.3563 1.1379 -0.5580
v 0.3975 1.1382 -0.5523
v 0.4643 1.0736 -0.5985
v 0.3557 1.1093 -0.5855
v 0.3137 1.1107 -0.5897
v 0.3143 1.1388 -0.5622
v 0.3139 1.1676 -0.5365
v 0.3558 1.1711 -0.5373
v 0.3973 1.1729 -0.5357
v 0.4700 1.1399 -0.5459
v 0.3563 1.1892 -0.5019
v 0.3143 1.1592 -0.5260
v 0.3562 1.1588 -0.5249
v 0.3144 1.1901 -0.5022
v 0.2342 1.1595 -0.5269
v 0.2728 1.1308 -0.5532
v 0.1983 1.0997 -0.5817
v 0.2725 1.1017 -0.5796
v 0.3141 1.1309 -0.5520
v 0.2733 1.1914 -0.5019
v 0.2732 1.1650 -0.5347
v 0.2344 1.1918 -0.5016
v 0.1986 1.1285 -0.5556
v 0.3138 1.1021 -0.5781
v 0.3561 1.1309 -0.5505
v 0.2333 1.0721 -0.6072
v 0.3133 1.0729 -0.6046
v 0.3553 1.0733 -0.6028
v 0.3558 1.1025 -0.5763
v 0.4663 1.1302 -0.5405
v 0.3975 1.1314 -0.5484
v 0.4646 1.1012 -0.5675
v 0.4664 1.1588 -0.5148
v 0.3976 1.1595 -0.5227
v 0.4360 1.1913 -0.4951
v 0.3978 1.1901 -0.4996
v 0.4685 1.1915 -0.4891
v 0.4715 1.1728 -0.5262
v 0.5062 1.1812 -0.4733
v 0.5161 1.1566 -0.5047
v 0.5153 1.1050 -0.5089
v 0.5134 1.1342 -0.4814
v 0.5088 1.0750 -0.5369
v 0.4417 1.0608 -0.5249
v 0.4418 1.1162 -0.4694
v 0.4418 1.0886 -0.4972
v 0.3633 1.0873 -0.5015
v 0.4935 1.1561 -0.4477
v 0.4412 1.1466 -0.4434
v 0.3634 1.1199 -0.4785
v 0.4044 1.1439 -0.4456
v 0.4695 1.1244 -0.4752
v 0.3637 1.1431 -0.4473
v 0.3207 1.1201 -0.4792
v 0.3211 1.1440 -0.4471
v 0.3635 1.1138 -0.4731
v 0.2369 1.1205 -0.4803
v 0.2772 1.0926 -0.5084
v 0.3202 1.0932 -0.5070
v 0.1986 1.0628 -0.5389
v 0.1991 1.0907 -0.5114
v 0.3198 1.0660 -0.5344
v 0.2766 1.0649 -0.5358
v 0.2763 1.0373 -0.5632
v 0.3195 1.0385 -0.5615
v 0.1984 1.0360 -0.5644
v 0.1174 1.0613 -0.5477
v 0.1686 1.1167 -0.4873
v 0.0722 1.0429 -0.5778
v 0.1178 1.0413 -0.5666
v 0.1682 1.0138 -0.5871
v 0.0961 1.0277 -0.5845
v 0.1693 0.9916 -0.6088
v 0.0972 1.0138 -0.5976
v 0.0748 1.0106 -0.6078
v 0.0484 1.0425 -0.5857
v 0.0479 1.0710 -0.5606
v 0.0470 1.0784 -0.5483
v 0.0235 1.0614 -0.5756
v -0.0010 1.0408 -0.5860
v 0.0247 1.0159 -0.6111
v 0.0473 1.0282 -0.5888
v 0.0502 1.0084 -0.6129
v 0.0750 0.9975 -0.6169
v 0.0990 0.9847 -0.6229
v 0.1458 0.9581 -0.6410
v 0.1690 0.9851 -0.6066
v 0.2369 0.9511 -0.6395
v 0.3190 0.9468 -0.6442
v 0.2770 0.9241 -0.6718
v 0.3187 0.9213 -0.6738
v 0.3614 0.9461 -0.6431
v 0.4031 0.9752 -0.6119
v 0.4717 0.9774 -0.6086
v 0.4415 1.0327 -0.5525
v 0.3631 1.0604 -0.5293
v 0.5093 1.0359 -0.6120
v 0.5293 1.0010 -0.6299
v 0.5129 0.9624 -0.6438
v 0.5138 0.9827 -0.6662
v 0.4338 0.9914 -0.6892
v 0.4924 0.9564 -0.7003
v 0.4668 0.9578 -0.7084
v 0.3529 0.9891 -0.6963
v 0.3534 1.0291 -0.6767
v 0.3111 0.9896 -0.6980
v 0.3109 1.0291 -0.6794
v 0.3956 1.0305 -0.6741
v 0.3518 0.9535 -0.7232
v 0.4332 0.9568 -0.7151
v 0.3939 0.9548 -0.7200
v 0.5053 1.0267 -0.6591
v 0.4682 1.0485 -0.6293
v 0.3961 1.0513 -0.6382
v 0.3546 1.0516 -0.6414
v 0.3960 1.0738 -0.6036
v 0.2715 1.0523 -0.6448
v 0.3132 1.0725 -0.6057
v 0.2333 1.0773 -0.6150
v 0.2725 1.1115 -0.5930
v 0.2729 1.1394 -0.5640
v 0.1980 1.1114 -0.5964
v 0.1987 1.1347 -0.5638
v 0.1678 1.1586 -0.5379
v 0.1990 1.1897 -0.5030
v 0.1685 1.1531 -0.5310
v 0.1685 1.1840 -0.5070
v 0.1416 1.1744 -0.5139
v 0.1171 1.1603 -0.5237
v 0.0938 1.1415 -0.5370
v 0.1163 1.1174 -0.5718
v 0.0695 1.1055 -0.5702
v 0.0715 1.1001 -0.5638
v 0.0469 1.0937 -0.5688
v 0.0462 1.0760 -0.5906
v 0.0235 1.0654 -0.5837
v 0.0480 1.0607 -0.5921
v 0.0709 1.0618 -0.6050
v 0.1409 1.0785 -0.6145
v 0.0967 1.0487 -0.6162
v 0.0706 1.0438 -0.6311
v 0.0477 1.0401 -0.6224
v -0.0010 1.0535 -0.6034
v 0.1160 1.0973 -0.5940
v 0.1684 1.0529 -0.6377
v 0.1971 1.0325 -0.6730
v 0.1166 1.0454 -0.6499
v 0.0987 1.0099 -0.6586
v 0.1429 1.0135 -0.6727
v 0.1445 0.9906 -0.6885
v 0.1213 1.0008 -0.6732
v 0.0750 1.0168 -0.6439
v 0.0502 1.0218 -0.6321
v 0.0248 1.0243 -0.6241
v -0.0010 1.0252 -0.6212
v -0.0255 1.0387 -0.6188
v -0.0521 1.0216 -0.6332
v -0.0501 1.0462 -0.6126
v -0.0767 1.0165 -0.6447
v -0.0741 1.0484 -0.6150
v -0.0479 1.0772 -0.5924
v -0.1190 1.0751 -0.6170
v -0.2032 1.0459 -0.6420
v -0.1722 1.0738 -0.6150
v -0.1441 1.0961 -0.5890
v -0.0950 1.0881 -0.5973
v -0.1209 1.0477 -0.6219
v -0.1202 1.0385 -0.6468
v -0.1720 1.0009 -0.6801
v -0.1711 1.0293 -0.6652
v -0.1004 1.0085 -0.6582
v -0.1467 0.9844 -0.6852
v -0.1233 0.9970 -0.6726
v -0.1725 0.9719 -0.6962
v -0.2031 0.9628 -0.7033
v -0.2780 0.9817 -0.6926
v -0.2384 0.9546 -0.7091
v -0.2773 0.9468 -0.7137
v -0.3198 0.9790 -0.6927
v -0.3191 0.9435 -0.7142
v -0.3199 1.0183 -0.6796
v -0.2382 1.0203 -0.6744
v -0.3208 1.0383 -0.6432
v -0.3637 1.0657 -0.6119
v -0.3212 1.0654 -0.6133
v -0.3625 1.0203 -0.6793
v -0.4417 1.0399 -0.6316
v -0.3633 1.0380 -0.6406
v -0.4042 1.0222 -0.6750
v -0.4785 1.0235 -0.6657
v -0.5119 1.0309 -0.6070
v -0.5123 1.0613 -0.5806
v -0.4934 1.0061 -0.5855
v -0.5103 1.0438 -0.5617
v -0.4770 1.1079 -0.5815
v -0.4416 1.0678 -0.6031
v -0.5202 1.0838 -0.5433
v -0.4669 1.0581 -0.5267
v -0.5121 1.1036 -0.5042
v -0.4671 1.0875 -0.4974
v -0.5136 1.1228 -0.5252
v -0.4952 1.1244 -0.4682
v -0.4310 1.1117 -0.4703
v -0.4304 1.1434 -0.4424
v -0.4903 1.1288 -0.4733
v -0.4657 1.1491 -0.4396
v -0.3896 1.1146 -0.4804
v -0.3894 1.0864 -0.5106
v -0.4904 1.0988 -0.5031
v -0.5053 1.1501 -0.4950
v -0.5099 1.1831 -0.4644
v -0.4964 1.1883 -0.4750
v -0.4703 1.1552 -0.5131
v -0.5052 1.1205 -0.5235
v -0.4719 1.0968 -0.5679
v -0.4706 1.1266 -0.5402
v -0.4904 1.0691 -0.5321
v -0.3892 1.0579 -0.5403
v -0.5064 1.0598 -0.5791
v -0.5064 1.0902 -0.5517
v -0.4904 1.0398 -0.5606
v -0.4902 1.0109 -0.5894
v -0.5064 1.0298 -0.6058
v -0.4717 1.0358 -0.6208
v -0.4718 1.0665 -0.5946
v -0.4044 1.0348 -0.6316
v -0.4048 1.0655 -0.6055
v -0.3208 1.0342 -0.6375
v -0.2784 1.0054 -0.6632
v -0.2784 1.0356 -0.6384
v -0.4039 1.0036 -0.6572
v -0.3204 1.0035 -0.6627
v -0.3212 1.0648 -0.6114
v -0.3215 1.0948 -0.5848
v -0.4051 1.0955 -0.5791
v -0.4043 1.1252 -0.5523
v -0.3218 1.1250 -0.5579
v -0.3220 1.1549 -0.5337
v -0.4037 1.1529 -0.5280
v -0.3644 1.1834 -0.5045
v -0.2796 1.1262 -0.5585
v -0.2396 1.1559 -0.5299
v -0.2800 1.1857 -0.5043
v -0.2396 1.1654 -0.5437
v -0.3221 1.1586 -0.5375
v -0.3217 1.1301 -0.5630
v -0.4048 1.1314 -0.5592
v -0.4738 1.1318 -0.5455
v -0.4052 1.1070 -0.5939
v -0.3214 1.1071 -0.6000
v -0.2397 1.1306 -0.5611
v -0.2386 1.1072 -0.5981
v -0.2394 1.0697 -0.6165
v -0.2786 1.0403 -0.6448
v -0.1710 1.1336 -0.5719
v -0.1173 1.1204 -0.5771
v -0.1435 1.1498 -0.5439
v -0.2032 1.1860 -0.5045
v -0.1717 1.1813 -0.5080
v -0.1442 1.1720 -0.5148
v -0.0959 1.1415 -0.5364
v -0.1192 1.1603 -0.5229
v -0.1718 1.1512 -0.5329
v -0.2028 1.1266 -0.5581
v -0.2399 1.1870 -0.5036
v -0.1199 1.1118 -0.5653
v -0.0736 1.1001 -0.5641
v -0.1200 1.0897 -0.5860
v -0.0738 1.0717 -0.5904
v -0.1207 1.0684 -0.6050
v -0.0749 1.0462 -0.6129
v -0.0508 1.0427 -0.6094
v -0.0500 1.0610 -0.5936
v -0.0490 1.0937 -0.5689
v -0.0716 1.1051 -0.5707
v -0.0246 1.0710 -0.5903
v -0.0265 1.0333 -0.6122
v -0.0010 1.0480 -0.5970
v 0.0489 1.0426 -0.6074
v -0.0010 1.0252 -0.6205
v 0.0248 1.0243 -0.6228
v 0.0502 1.0218 -0.6305
v 0.0750 1.0168 -0.6417
v 0.0730 1.0465 -0.6107
v 0.0716 1.0856 -0.5766
v 0.0956 1.0651 -0.6006
v 0.1180 1.0898 -0.5831
v 0.1178 1.1117 -0.5635
v 0.1683 1.0716 -0.6061
v 0.2330 1.0436 -0.6338
v 0.3127 1.0430 -0.6324
v 0.3119 1.0126 -0.6608
v 0.3539 1.0126 -0.6590
v 0.3956 1.0133 -0.6556
v 0.3961 1.0437 -0.6274
v 0.4636 1.0722 -0.5944
v 0.4884 1.0390 -0.6142
v 0.4663 1.0129 -0.6470
v 0.3947 0.9825 -0.6840
v 0.4659 0.9838 -0.6741
v 0.5036 1.0050 -0.6321
v 0.5066 1.0268 -0.5977
v 0.5036 0.9772 -0.6582
v 0.5044 0.9918 -0.6155
v 0.5043 0.9643 -0.6417
v 0.4907 1.0148 -0.5841
v 0.5022 1.0493 -0.5644
v 0.5010 1.0631 -0.5810
v 0.5024 1.0921 -0.5541
v 0.4701 1.0400 -0.5541
v 0.4407 1.0669 -0.5281
v 0.5064 1.1076 -0.5101
v 0.5031 1.0776 -0.5372
v 0.4695 1.0969 -0.5018
v 0.5073 1.1235 -0.5276
v 0.5066 1.1365 -0.4832
v 0.5076 1.1528 -0.5009
v 0.3633 1.0935 -0.5056
v 0.3630 1.0667 -0.5323
v 0.4039 1.0391 -0.5567
v 0.3192 1.0105 -0.5891
v 0.4035 1.0108 -0.5844
v 0.4700 0.9832 -0.6084
v 0.3618 0.9821 -0.6154
v 0.3190 0.9821 -0.6167
v 0.2360 0.9834 -0.6157
v 0.2355 1.0096 -0.5903
v 0.2367 0.9577 -0.6404
v 0.2770 0.9241 -0.6664
v 0.2376 0.9289 -0.6617
v 0.1446 0.9797 -0.6225
v 0.2020 0.9361 -0.6552
v 0.1719 0.9461 -0.6461
v 0.0990 0.9847 -0.6196
v 0.1458 0.9581 -0.6372
v 0.1220 0.9713 -0.6273
v 0.0750 0.9975 -0.6142
v 0.0502 1.0084 -0.6110
v -0.0010 1.0413 -0.5962
v 0.0247 1.0159 -0.6092
v -0.0010 1.0600 -0.5740
v -0.0010 1.0189 -0.6098
v 0.3188 0.9534 -0.6444
v 0.3613 0.9528 -0.6433
v 0.3609 0.9199 -0.6680
v 0.4393 0.9529 -0.6373
v 0.5078 0.9356 -0.6661
v 0.4707 0.9234 -0.6591
v 0.4392 0.9205 -0.6618
v 0.4019 0.9195 -0.6652
v 0.5120 0.9437 -0.6746
v 0.4924 0.9564 -0.6945
v 0.4668 0.9578 -0.7029
v 0.4332 0.9568 -0.7094
v 0.3939 0.9548 -0.7144
v 0.3518 0.9535 -0.7183
v 0.3529 0.9815 -0.6876
v 0.3110 0.9820 -0.6892
v 0.2327 1.0155 -0.6605
v 0.1690 1.0228 -0.6517
v 0.1686 1.0467 -0.6292
v 0.0987 1.0099 -0.6552
v 0.1695 0.9997 -0.6737
v 0.0965 1.0493 -0.6145
v 0.0975 1.0346 -0.6277
v 0.2324 0.9877 -0.6868
v 0.2696 0.9579 -0.7187
v 0.3101 0.9546 -0.7196
v 0.2320 0.9634 -0.7150
v 0.1982 0.9709 -0.7082
v 0.1696 0.9803 -0.6976
v 0.1445 0.9906 -0.6845
v 0.1213 1.0008 -0.6695
v 0.3547 1.0433 -0.6305
v 0.2326 0.9954 -0.6950
v 0.2696 0.9579 -0.7238
v 0.2320 0.9634 -0.7196
v 0.1982 0.9709 -0.7126
v 0.1696 0.9803 -0.7014
v 0.3101 0.9546 -0.7247
v -0.0521 1.0216 -0.6330
v -0.0767 1.0165 -0.6445
v -0.1219 1.0303 -0.6392
v -0.1214 1.0486 -0.6225
v -0.2017 1.0407 -0.6355
v -0.2027 1.0131 -0.6583
v -0.1004 1.0085 -0.6580
v -0.1726 0.9948 -0.6729
v -0.1467 0.9844 -0.6850
v -0.1233 0.9970 -0.6724
v -0.1725 0.9719 -0.6960
v -0.2031 0.9628 -0.7032
v -0.2386 0.9806 -0.6843
v -0.2773 0.9468 -0.7136
v -0.2384 0.9546 -0.7090
v -0.3199 0.9735 -0.6866
v -0.4033 0.9721 -0.6821
v -0.3615 0.9424 -0.7125
v -0.3191 0.9435 -0.7141
v -0.4028 0.9432 -0.7091
v -0.4405 0.9446 -0.7043
v -0.4715 1.0049 -0.6464
v -0.4714 0.9739 -0.6713
v -0.4724 0.9455 -0.6980
v -0.5100 0.9413 -0.6835
v -0.5064 0.9999 -0.6321
v -0.5065 0.9700 -0.6577
v -0.4900 0.9538 -0.6465
v -0.4918 0.9226 -0.6719
v -0.4633 0.9156 -0.6760
v -0.4262 0.9097 -0.6826
v -0.4269 0.9427 -0.6559
v -0.3855 0.9395 -0.6622
v -0.3426 0.9385 -0.6664
v -0.3414 0.9048 -0.6932
v -0.3844 0.9058 -0.6892
v -0.4278 0.9723 -0.6259
v -0.3867 0.9697 -0.6318
v -0.3028 0.9699 -0.6368
v -0.3878 0.9995 -0.6010
v -0.3886 1.0290 -0.5703
v -0.3457 1.0282 -0.5746
v -0.3448 0.9987 -0.6054
v -0.3036 0.9993 -0.6066
v -0.3463 1.0570 -0.5443
v -0.3049 1.0572 -0.5459
v -0.3043 1.0284 -0.5762
v -0.2288 1.0312 -0.5738
v -0.3468 1.0854 -0.5143
v -0.3472 1.1136 -0.4838
v -0.3055 1.0858 -0.5155
v -0.2307 1.1176 -0.4830
v -0.2292 1.0593 -0.5446
v -0.1681 1.0362 -0.5690
v -0.1428 1.0620 -0.5447
v -0.0969 1.0771 -0.5378
v -0.1199 1.0413 -0.5682
v -0.0743 1.0429 -0.5767
v -0.0505 1.0425 -0.5838
v -0.0523 1.0084 -0.6105
v -0.0010 1.0413 -0.5918
v -0.0268 1.0159 -0.6075
v -0.0771 0.9975 -0.6157
v -0.0769 1.0106 -0.6087
v -0.1011 0.9847 -0.6237
v -0.1475 0.9577 -0.6454
v -0.1463 0.9794 -0.6293
v -0.1218 1.0062 -0.6040
v -0.1973 0.9833 -0.6235
v -0.1966 1.0078 -0.5979
v -0.1207 1.0230 -0.5866
v -0.2294 0.9512 -0.6564
v -0.1992 0.9326 -0.6691
v -0.2299 0.9220 -0.6794
v -0.2640 0.9135 -0.6875
v -0.3012 0.9076 -0.6924
v -0.1721 0.9447 -0.6574
v -0.1242 0.9713 -0.6338
v -0.0010 1.0189 -0.6059
v -0.0251 1.0655 -0.5623
v -0.0010 1.0600 -0.5692
v -0.0010 1.0408 -0.5808
v -0.0491 1.0784 -0.5448
v -0.0485 1.0458 -0.5693
v -0.0494 1.0282 -0.5856
v -0.0268 1.0159 -0.6075
v -0.0523 1.0084 -0.6105
v -0.0010 1.0189 -0.6059
v -0.0771 0.9975 -0.6157
v -0.0720 1.0499 -0.5585
v -0.0741 1.0146 -0.5925
v -0.1194 1.0168 -0.5806
v -0.1442 0.9918 -0.6040
v -0.1186 1.0352 -0.5620
v -0.1419 1.0560 -0.5384
v -0.0950 1.0714 -0.5313
v -0.1420 1.0806 -0.5138
v -0.2292 1.0532 -0.5385
v -0.1676 1.0301 -0.5630
v -0.2647 0.9946 -0.5997
v -0.1682 1.0063 -0.5875
v -0.2651 1.0231 -0.5699
v -0.3029 0.9634 -0.6313
v -0.2291 0.9709 -0.6242
v -0.3426 0.9320 -0.6611
v -0.2295 0.9447 -0.6509
v -0.1475 0.9577 -0.6454
v -0.1011 0.9847 -0.6237
v -0.1242 0.9713 -0.6338
v -0.1992 0.9326 -0.6691
v -0.1721 0.9447 -0.6574
v -0.2299 0.9220 -0.6794
v -0.2640 0.9135 -0.6875
v -0.3012 0.9076 -0.6924
v -0.3414 0.9048 -0.6932
v -0.3857 0.9329 -0.6569
v -0.3869 0.9631 -0.6263
v -0.4646 0.9707 -0.6159
v -0.5186 0.9841 -0.6163
v -0.4295 0.9955 -0.5900
v -0.4666 1.0288 -0.5560
v -0.3894 1.0516 -0.5344
v -0.3879 0.9931 -0.5955
v -0.3888 1.0226 -0.5646
v -0.3457 1.0218 -0.5690
v -0.3449 0.9923 -0.5998
v -0.3049 1.0509 -0.5400
v -0.3464 1.0507 -0.5385
v -0.3468 1.0793 -0.5084
v -0.2669 1.1100 -0.4776
v -0.3472 1.1074 -0.4777
v -0.3899 1.1086 -0.4743
v -0.3897 1.0802 -0.5046
v -0.3055 1.0797 -0.5095
v -0.2315 1.1442 -0.4470
v -0.2677 1.1422 -0.4479
v -0.3065 1.1398 -0.4493
v -0.1685 1.1103 -0.4808
v -0.1986 1.1444 -0.4484
v -0.1691 1.1161 -0.4873
v -0.1970 1.0889 -0.5143
v -0.1195 1.0827 -0.5273
v -0.1695 1.1414 -0.4538
v -0.1435 1.1350 -0.4638
v -0.0959 1.1119 -0.4974
v -0.1192 1.1252 -0.4782
v -0.0726 1.0951 -0.5214
v -0.0500 1.0710 -0.5575
v -0.2298 1.0821 -0.5082
v -0.3475 1.1385 -0.4493
v -0.3899 1.1397 -0.4463
v -0.4927 1.1567 -0.4399
v -0.5123 1.1521 -0.4967
v -0.4415 1.1588 -0.5258
v -0.4724 1.1872 -0.4863
v -0.4044 1.1824 -0.5023
v -0.3221 1.1840 -0.5049
v -0.3636 1.1533 -0.5324
v -0.4415 1.1859 -0.4943
v -0.2790 1.0959 -0.5857
v -0.2025 1.0976 -0.5854
v -0.2787 1.0659 -0.6125
v -0.2024 1.0689 -0.6111
v -0.4901 0.9823 -0.6181
v -0.4276 0.9362 -0.6506
v -0.4262 0.9097 -0.6826
v -0.4633 0.9156 -0.6760
v -0.3844 0.9058 -0.6892
v -0.4918 0.9226 -0.6719
v -0.5114 0.9572 -0.6437
v -0.5100 0.9413 -0.6835
v -0.5161 0.9745 -0.6601
v -0.5302 1.0088 -0.6408
v -0.4732 0.9809 -0.6764
v -0.4031 0.9792 -0.6872
v -0.4028 0.9432 -0.7092
v -0.4405 0.9446 -0.7043
v -0.4724 0.9455 -0.6980
v -0.3615 0.9424 -0.7125
v 0.0002 1.0055 -0.6038
v 0.0021 1.0045 -0.6224
v -0.0332 0.9961 -0.6154
v -0.0169 1.0136 -0.6276
v 0.0002 0.9919 -0.6148
v -0.0146 0.9979 -0.6005
v 0.0002 1.0248 -0.5875
v 0.0002 1.0248 -0.5875
v -0.0164 1.0191 -0.5816
v 0.0107 1.0033 -0.5936
v 0.0002 1.0055 -0.6038
v 0.0132 0.9908 -0.6089
v 0.0147 0.9900 -0.6242
v 0.0192 1.0123 -0.6396
v -0.0154 1.0251 -0.6358
v 0.0147 0.9989 -0.6356
v 0.0021 1.0045 -0.6224
v 0.0228 1.0194 -0.6305
v 0.0002 1.0462 -0.6154
v 0.0001 1.0246 -0.6308
v 0.0188 1.0360 -0.6202
v 0.0061 1.0251 -0.6407
v -0.0121 1.0369 -0.6191
v 0.0050 1.0532 -0.6240
v -0.0210 1.0510 -0.6082
v 0.0054 1.0737 -0.6037
v 0.0174 1.0519 -0.6073
v 0.0181 1.0685 -0.5891
v -0.0016 1.0709 -0.5875
v 0.0286 1.0798 -0.5729
v 0.0051 1.0818 -0.5895
v -0.0054 1.0693 -0.5590
v 0.0291 1.0751 -0.5620
v -0.0058 1.0666 -0.5709
v 0.0282 1.0599 -0.5539
v -0.0208 1.0523 -0.5545
v 0.0113 1.0401 -0.5622
v -0.0210 1.0382 -0.5752
v 0.0097 1.0266 -0.5744
v 0.0190 1.0506 -0.5639
v 0.0002 1.0248 -0.5875
v -0.0164 1.0191 -0.5816
v -0.0011 1.0491 -0.5661
v 0.0002 1.0248 -0.5875
v -0.0011 1.0491 -0.5661
v -0.0058 1.0666 -0.5709
v -0.0186 1.0722 -0.5785
v -0.0016 1.0709 -0.5875
v -0.0184 1.0752 -0.5946
v 0.0002 1.0462 -0.6154
v 0.0001 1.0246 -0.6308
v 0.0328 0.9533 -0.6571
v 0.0244 0.9758 -0.6367
v 0.0478 0.9755 -0.6428
v 0.0139 0.9926 -0.6241
v 0.0621 0.9945 -0.6262
v 0.0845 0.9517 -0.6664
v 0.1131 0.9722 -0.6412
v 0.1259 0.9459 -0.6649
v 0.0889 0.9230 -0.6969
v 0.1377 0.9081 -0.6976
v 0.1693 0.8465 -0.7328
v 0.1285 0.8582 -0.7392
v 0.1769 0.9136 -0.6937
v 0.1995 0.8587 -0.7325
v 0.2207 0.9217 -0.6909
v 0.2832 0.8843 -0.7224
v 0.2480 0.8791 -0.7295
v 0.2530 0.9248 -0.6854
v 0.3062 0.8211 -0.7662
v 0.2520 0.7990 -0.7734
v 0.2700 0.7265 -0.8153
v 0.2174 0.7816 -0.7745
v 0.2333 0.7140 -0.8121
v 0.1974 0.7038 -0.8080
v 0.1398 0.7784 -0.7813
v 0.1846 0.7694 -0.7724
v 0.1886 0.6389 -0.8481
v 0.1473 0.7102 -0.8207
v 0.2297 0.6419 -0.8451
v 0.2648 0.5495 -0.8870
v 0.2181 0.5473 -0.8816
v 0.1242 0.5489 -0.9014
v 0.1303 0.6464 -0.8631
v 0.1249 0.7870 -0.7827
v 0.0947 0.7225 -0.8140
v 0.0893 0.6464 -0.8519
v 0.0336 0.6264 -0.8495
v 0.0433 0.7197 -0.8090
v 0.0437 0.8109 -0.7663
v 0.0713 0.8760 -0.7287
v 0.0767 0.8043 -0.7713
v 0.0417 0.8789 -0.7238
v 0.0383 0.9237 -0.6866
v 0.0133 0.5219 -0.8836
v 0.0773 0.5440 -0.8879
v 0.1183 0.3950 -0.9327
v 0.2273 0.3986 -0.9158
v 0.1581 0.1944 -0.9651
v 0.2432 0.1984 -0.9461
v 0.2817 0.3999 -0.9218
v 0.3025 0.1989 -0.9459
v 0.3586 0.3948 -0.9462
v 0.4072 0.3801 -0.9303
v 0.4422 0.1918 -0.9515
v 0.3588 0.2026 -0.9636
v 0.4094 0.0079 -0.9715
v 0.4679 0.0035 -0.9584
v 0.4804 -0.1714 -0.9528
v 0.4221 -0.1807 -0.9665
v 0.3291 -0.1892 -0.9644
v 0.3193 0.0044 -0.9590
v 0.2277 -0.0083 -0.9611
v 0.4210 -0.3373 -0.9539
v 0.3286 -0.3587 -0.9626
v 0.2660 -0.3739 -0.9666
v 0.2000 -0.2092 -0.9711
v 0.1310 -0.0222 -0.9845
v 0.0635 0.1688 -0.9482
v 0.1350 -0.2220 -0.9828
v 0.0656 -0.0426 -0.9725
v 0.0064 -0.0562 -0.9666
v -0.0200 0.1527 -0.9356
v 0.0677 0.3753 -0.9182
v -0.0247 -0.0632 -0.9602
v -0.0035 0.3522 -0.9090
v -0.0230 -0.2746 -0.9760
v 0.0092 -0.2660 -0.9806
v -0.0083 -0.4617 -0.9874
v 0.0492 -0.4425 -0.9878
v 0.0257 -0.5748 -0.9958
v 0.0807 -0.5627 -0.9883
v 0.0532 -0.6073 -0.9890
v 0.1106 -0.5888 -0.9802
v 0.0051 -0.5789 -0.9933
v 0.1699 -0.5222 -0.9762
v 0.1691 -0.5719 -0.9716
v 0.2314 -0.5053 -0.9685
v 0.2030 -0.3873 -0.9728
v 0.2933 -0.4835 -0.9606
v 0.3850 -0.4618 -0.9481
v 0.4667 -0.4314 -0.9307
v 0.4158 -0.4422 -0.9442
v 0.4780 -0.3255 -0.9406
v 0.4419 -0.4715 -0.9312
v 0.3820 -0.4950 -0.9404
v 0.2907 -0.5291 -0.9539
v 0.2602 -0.5397 -0.9584
v 0.1402 -0.4033 -0.9807
v 0.0698 -0.2472 -0.9809
v 0.2689 0.6510 -0.8577
v 0.3101 0.6567 -0.8571
v 0.3259 0.7393 -0.8060
v 0.3477 0.6463 -0.8495
v 0.3302 0.5396 -0.9068
v 0.3754 0.5378 -0.8922
v 0.1727 0.9491 -0.6614
v 0.2146 0.9530 -0.6552
v 0.1671 0.9777 -0.6315
v 0.1116 1.0004 -0.6150
v 0.0507 1.0217 -0.6028
v 0.0017 1.0051 -0.6171
v -0.0125 1.0103 -0.6152
v -0.0133 1.0320 -0.5992
v 0.3187 0.9213 -0.6684
v -0.0010 1.0189 -0.6109
v 0.4402 0.9463 -0.6372
v 0.4392 0.9205 -0.6674
v 0.4707 0.9234 -0.6650
v 0.4019 0.9195 -0.6709
v 0.3609 0.9199 -0.6736
v 0.5078 0.9356 -0.6718
v 0.5120 0.9437 -0.6803
v 0.2020 0.9361 -0.6598
v 0.2376 0.9289 -0.6668
v 0.1719 0.9461 -0.6507
v 0.1220 0.9713 -0.6310
v -0.1603 -0.6462 0.9249
v -0.2084 -0.6466 0.9123
v -0.1955 -0.6719 0.8834
v -0.1179 -0.6638 0.8960
v -0.2228 -0.6212 0.9383
v -0.1320 -0.6356 0.9276
v -0.1047 -0.6925 0.8590
v -0.1817 -0.6981 0.8485
v -0.1667 -0.7249 0.8061
v -0.0808 -0.7489 0.7550
v -0.0922 -0.7212 0.8130
v -0.1507 -0.7507 0.7500
v -0.1335 -0.7750 0.6804
v -0.0718 -0.7740 0.6858
v -0.0619 -0.7957 0.6021
v -0.0984 -0.8059 0.6004
v -0.0991 -0.8091 0.5044
v -0.1148 -0.7965 0.5979
v -0.0536 -0.8075 0.5077
v -0.0481 -0.8259 0.4030
v -0.0907 -0.8291 0.4009
v -0.0818 -0.8341 0.2899
v -0.0416 -0.8286 0.2906
v -0.0335 -0.8194 0.1720
v -0.0308 -0.8058 0.1725
v -0.0235 -0.7816 0.0556
v -0.0526 -0.7953 0.0585
v -0.0293 -0.7780 -0.0547
v -0.0278 -0.7636 -0.0537
v -0.0383 -0.7573 -0.1451
v -0.0365 -0.7437 -0.1441
v -0.0421 -0.7303 -0.2046
v -0.0447 -0.7440 -0.2054
v -0.0711 -0.7591 -0.1411
v -0.0771 -0.7466 -0.2025
v -0.0802 -0.7392 -0.2430
v -0.0495 -0.7357 -0.2449
v -0.0836 -0.7319 -0.2710
v -0.0507 -0.7154 -0.2718
v -0.0663 -0.7124 -0.3136
v -0.0707 -0.6935 -0.3106
v -0.0951 -0.7200 -0.3119
v -0.0588 -0.7786 -0.0503
v -0.0647 -0.8160 0.1738
v -1.5663 0.8380 0.2952
v -1.5765 0.8245 0.3280
v -1.5676 0.8448 0.3283
v -1.5508 0.8697 0.2960
v -1.5838 0.8062 0.3274
v -1.5688 0.8082 0.2959
v -1.5749 0.7999 0.3171
v -1.5813 0.7852 0.3261
v -1.5611 0.8172 0.2573
v -1.5576 0.8473 0.2572
v -1.5430 0.8640 0.1978
v -1.5484 0.8341 0.1971
v -1.5293 0.8733 0.1183
v -1.5407 0.8793 0.2592
v -1.5239 0.8956 0.2011
v -1.5055 0.9177 0.1212
v -1.4813 0.9400 0.1253
v -1.5176 0.9016 0.2620
v -1.4984 0.9180 0.2056
v -1.5288 0.8916 0.2977
v -1.5382 0.8834 0.3291
v -1.5595 0.8617 0.3283
v -1.4886 0.9279 0.0254
v -1.4527 0.9656 0.0330
v -1.4378 0.9499 -0.0703
v -1.4557 0.9053 -0.0737
v -1.3645 0.9738 -0.1621
v -1.3863 0.9320 -0.1693
v -1.5038 0.8825 0.0237
v -1.4000 0.9870 -0.0599
v -1.3244 1.0077 -0.1472
v -1.2939 0.9777 -0.2565
v -1.2322 1.0307 -0.2272
v -1.1214 1.0490 -0.2941
v -1.1458 1.0347 -0.3090
v -0.9939 1.0553 -0.3421
v -1.0138 1.0431 -0.3584
v -1.2601 1.0142 -0.2406
v -1.1689 1.0092 -0.3243
v -1.0330 1.0180 -0.3754
v -1.1814 0.9821 -0.3342
v -1.2972 0.9615 -0.2588
v -1.0440 0.9891 -0.3871
v -0.9062 0.9963 -0.4291
v -0.8971 1.0248 -0.4171
v -0.7699 1.0022 -0.4690
v -0.8811 1.0480 -0.3992
v -0.7488 1.0503 -0.4369
v -0.6269 1.0288 -0.4917
v -0.7623 1.0290 -0.4561
v -0.6156 1.0502 -0.4708
v -0.4874 1.0493 -0.5005
v -0.4968 1.0271 -0.5232
v -0.6338 1.0023 -0.5060
v -0.5030 1.0001 -0.5393
v -0.3759 0.9988 -0.5636
v -0.3708 1.0265 -0.5467
v -0.3636 1.0492 -0.5224
v -0.4783 1.0591 -0.4786
v -0.3567 1.0593 -0.4990
v -0.2416 1.0487 -0.5359
v -0.1210 1.0466 -0.5392
v -0.2371 1.0590 -0.5114
v -0.1187 1.0574 -0.5145
v -0.1235 1.0228 -0.5637
v -0.0010 1.0451 -0.5369
v -0.0010 1.0210 -0.5605
v -0.0010 0.9920 -0.5753
v -0.1254 0.9940 -0.5798
v -0.2502 0.9972 -0.5777
v -0.2466 1.0256 -0.5609
v -0.0010 1.0563 -0.5128
v -0.6041 1.0594 -0.4506
v -0.7348 1.0594 -0.4181
v -0.8646 1.0584 -0.3820
v -1.5270 0.8567 0.1193
v 1.5492 0.6013 0.6671
v 1.5645 0.5568 0.6703
v 1.5893 0.5747 0.5683
v 1.5735 0.5170 0.6705
v 1.6001 0.5340 0.5696
v 1.6117 0.5471 0.4923
v 1.6084 0.5036 0.5702
v 1.6213 0.5158 0.4941
v 1.6287 0.5193 0.4424
v 1.6300 0.5280 0.4177
v 1.6238 0.5664 0.4050
v 1.6152 0.6092 0.4010
v 1.6070 0.5976 0.4400
v 1.5906 0.6365 0.4855
v 1.6013 0.5884 0.4896
v 1.6055 0.6552 0.3965
v 1.5858 0.6945 0.4307
v 1.5965 0.6458 0.4357
v 1.5949 0.7014 0.3922
v 1.5807 0.6854 0.4802
v 1.5691 0.6702 0.5593
v 1.5773 0.6215 0.5650
v 1.5720 0.7285 0.4752
v 1.5614 0.7138 0.5530
v 1.5365 0.6932 0.6542
v 1.5420 0.6493 0.6613
v 1.4966 0.6240 0.7761
v 1.4375 0.5482 0.8972
v 1.5053 0.5769 0.7821
v 1.4915 0.6678 0.7690
v 1.4282 0.5946 0.8911
v 1.3503 0.4772 1.0151
v 1.4533 0.5096 0.9067
v 1.3382 0.5646 0.9997
v 1.2236 0.5695 1.0810
v 1.2325 0.5313 1.0962
v 1.3389 0.5175 1.0014
v 1.5240 0.5358 0.7874
v 1.5269 0.4967 0.7863
v 1.5280 0.4681 0.7846
v 1.5794 0.4877 0.6698
v 1.4512 0.4716 0.9044
v 1.3458 0.4401 1.0112
v 1.3442 0.4123 1.0077
v 1.2245 0.3717 1.0920
v 1.2269 0.3982 1.1010
v 1.0875 0.3151 1.1621
v 1.0936 0.3864 1.1809
v 1.0819 0.3407 1.1732
v 1.2328 0.4364 1.1064
v 1.2229 0.4830 1.0862
v 1.1079 0.4902 1.1713
v 1.1026 0.5288 1.1524
v 0.9770 0.4844 1.2115
v 1.0981 0.5577 1.1345
v 1.2145 0.5982 1.0646
v 0.9745 0.5145 1.1958
v 0.8577 0.4688 1.2387
v 0.8589 0.4373 1.2515
v 0.8609 0.3942 1.2669
v 0.9806 0.4437 1.2296
v 0.9673 0.3927 1.2139
v 0.7341 0.2901 1.2626
v 0.8499 0.3402 1.2489
v 0.7436 0.3896 1.2729
v 0.6280 0.3458 1.2831
v 0.6267 0.3000 1.2839
v 0.7437 0.3452 1.2817
v 0.4993 0.2056 1.2626
v 0.6185 0.2441 1.2661
v 0.5086 0.3071 1.2810
v 0.5067 0.2611 1.2786
v 0.3808 0.2313 1.2736
v 0.3833 0.2764 1.2797
v 0.3737 0.1763 1.2590
v 0.3589 0.1121 1.2410
v 0.2361 0.0924 1.2443
v 0.2191 0.0231 1.2279
v 0.1162 0.0795 1.2522
v 0.1059 0.0116 1.2372
v 0.3333 0.0421 1.2236
v 0.4510 0.0667 1.2198
v 0.6001 0.1771 1.2462
v 0.4825 0.1400 1.2411
v 0.4017 -0.0108 1.2014
v 0.5103 0.0153 1.2011
v 0.6769 0.1392 1.2358
v 0.5659 0.0993 1.2257
v 0.6130 0.0473 1.2088
v 0.8309 0.2730 1.2455
v 0.7147 0.2220 1.2488
v 0.7054 0.0860 1.2098
v 0.7877 0.1875 1.2379
v 0.9162 0.2486 1.2209
v 0.7805 0.1196 1.2073
v 0.9561 0.3285 1.2296
v 0.9525 0.2364 1.2021
v 0.8254 0.1321 1.2058
v 0.7036 0.0198 1.1863
v 0.6629 0.0039 1.1831
v 0.5272 -0.0488 1.1839
v 0.4946 -0.1215 1.1600
v 0.6043 -0.0210 1.1834
v 0.4300 -0.1447 1.1657
v 0.3404 -0.2414 1.1420
v 0.2115 -0.3460 1.1134
v 0.2671 -0.3366 1.1095
v 0.3134 -0.3227 1.1068
v 0.3945 -0.2227 1.1385
v 0.3545 -0.1654 1.1647
v 0.2740 -0.1810 1.1641
v 0.2087 -0.2661 1.1424
v 0.2771 -0.2578 1.1421
v 0.0888 -0.3314 1.1296
v 0.1505 -0.3448 1.1193
v 0.1395 -0.2634 1.1517
v 0.0975 -0.4131 1.0912
v 0.0359 -0.3069 1.1448
v -0.0010 -0.3528 1.1244
v -0.0452 -0.3882 1.1053
v -0.0010 -0.4334 1.0815
v -0.0996 -0.4121 1.0919
v -0.2136 -0.3441 1.1175
v -0.1570 -0.4215 1.0842
v -0.1070 -0.4831 1.0527
v -0.2091 -0.4192 1.0797
v -0.1585 -0.4862 1.0471
v -0.1579 -0.5338 1.0124
v -0.0690 -0.5306 1.0220
v -0.0010 -0.5165 1.0309
v -0.0513 -0.4660 1.0630
v -0.0477 -0.5702 0.9921
v -0.0010 -0.5681 0.9932
v 0.0456 -0.5709 0.9919
v 0.0668 -0.5315 1.0216
v 0.0492 -0.4667 1.0626
v 0.0431 -0.3887 1.1049
v -0.0380 -0.3066 1.1452
v -0.0909 -0.3306 1.1303
v -0.2108 -0.2645 1.1470
v -0.1526 -0.3434 1.1204
v -0.1416 -0.2623 1.1528
v -0.2761 -0.1795 1.1683
v -0.3566 -0.1639 1.1661
v -0.4379 -0.0725 1.1824
v -0.5296 -0.0488 1.1821
v -0.5133 0.0153 1.1978
v -0.3428 -0.0932 1.1852
v -0.1957 -0.1871 1.1742
v -0.2491 -0.1087 1.1936
v -0.4038 -0.0105 1.2019
v -0.5749 0.0993 1.2185
v -0.6933 0.1392 1.2277
v -0.6142 0.1771 1.2364
v -0.7353 0.2220 1.2440
v -0.8540 0.2730 1.2455
v -0.8084 0.1875 1.2352
v -0.6228 0.0473 1.2020
v -0.4533 0.0667 1.2174
v -0.2971 -0.0316 1.2102
v -0.3354 0.0422 1.2243
v -0.4872 0.1400 1.2355
v -0.6358 0.2441 1.2576
v -0.7573 0.2901 1.2598
v -0.8742 0.3402 1.2501
v -0.9866 0.3927 1.2173
v -0.8865 0.3941 1.2684
v -1.0002 0.4436 1.2325
v -1.1020 0.4410 1.1598
v -1.1025 0.3864 1.1856
v -1.2262 0.4830 1.0825
v -1.3419 0.5646 0.9840
v -1.3424 0.5174 0.9871
v -1.2371 0.5313 1.0897
v -1.4280 0.6381 0.8639
v -1.4315 0.5945 0.8719
v -1.3361 0.6054 0.9730
v -1.3288 0.6354 0.9598
v -1.2297 0.5695 1.0721
v -1.2222 0.5982 1.0533
v -1.4220 0.6699 0.8547
v -1.5042 0.6240 0.7535
v -1.5004 0.6678 0.7460
v -1.5532 0.6493 0.6399
v -1.5593 0.6013 0.6454
v -1.5896 0.6215 0.5469
v -1.6007 0.5747 0.5492
v -1.6234 0.5471 0.4762
v -1.6104 0.5340 0.5503
v -1.5730 0.5568 0.6490
v -1.5274 0.5358 0.7682
v -1.5110 0.5769 0.7608
v -1.5819 0.6702 0.5427
v -1.6035 0.6365 0.4725
v -1.5483 0.6932 0.6336
v -1.5440 0.7272 0.6292
v -1.4951 0.7008 0.7397
v -1.5744 0.7138 0.5384
v -1.5847 0.7285 0.4674
v -1.5937 0.6854 0.4697
v -1.5985 0.6945 0.4250
v -1.6182 0.6552 0.3913
v -1.6094 0.6458 0.4269
v -1.5913 0.7406 0.3988
v -1.6073 0.7014 0.3901
v -1.5960 0.7442 0.3895
v -1.5843 0.7790 0.3982
v -1.5793 0.7632 0.4660
v -1.5697 0.7483 0.5357
v -1.6197 0.5976 0.4287
v -1.6293 0.5561 0.4302
v -1.6403 0.5193 0.4282
v -1.6362 0.5664 0.3947
v -1.6406 0.5419 0.3964
v -1.6420 0.5280 0.4052
v -1.6280 0.6092 0.3929
v -1.6137 0.5884 0.4747
v -1.6323 0.5158 0.4773
v -1.6177 0.5036 0.5509
v -1.5853 0.4877 0.6503
v -1.5805 0.5170 0.6501
v -1.5288 0.4967 0.7689
v -1.4505 0.4715 0.8915
v -1.4489 0.4429 0.8896
v -1.3489 0.4123 0.9968
v -1.3502 0.4401 0.9995
v -1.2223 0.3717 1.0957
v -1.2258 0.3982 1.1034
v -1.3541 0.4771 1.0025
v -1.4527 0.5096 0.8927
v -1.5294 0.4681 0.7684
v -1.4387 0.5482 0.8806
v -1.2336 0.4364 1.1063
v -1.1166 0.4902 1.1740
v -1.1111 0.5288 1.1543
v -0.9961 0.4844 1.2146
v -1.1056 0.5577 1.1360
v -0.9931 0.5145 1.1989
v -0.8831 0.4688 1.2410
v -0.8845 0.4373 1.2534
v -0.7692 0.3897 1.2721
v -0.7687 0.3451 1.2800
v -0.6459 0.3000 1.2771
v -0.5070 0.2056 1.2550
v -0.5165 0.2611 1.2704
v -0.5196 0.3071 1.2732
v -0.6484 0.3458 1.2775
v -0.6498 0.3789 1.2742
v -0.3882 0.3095 1.2824
v -0.5221 0.3402 1.2762
v -0.3857 0.2764 1.2759
v -0.2554 0.2534 1.2822
v -0.2570 0.2901 1.2904
v -0.1276 0.2393 1.2861
v -0.1285 0.2753 1.2963
v -0.0010 0.2337 1.2917
v -0.0010 0.2701 1.3019
v 0.1264 0.2753 1.2998
v 0.1244 0.1955 1.2815
v 0.1255 0.2393 1.2896
v -0.0010 0.1916 1.2820
v 0.1217 0.1416 1.2687
v 0.2463 0.1550 1.2601
v 0.2512 0.2094 1.2721
v -0.0010 0.1372 1.2701
v 0.2533 0.2534 1.2807
v 0.3855 0.3095 1.2868
v 0.2549 0.2901 1.2904
v 0.5102 0.3403 1.2838
v 0.6287 0.3789 1.2791
v 0.7435 0.4227 1.2649
v -0.1265 0.1955 1.2781
v -0.2534 0.2094 1.2751
v -0.2484 0.1550 1.2639
v -0.1238 0.1416 1.2665
v -0.1183 0.0796 1.2521
v -0.2382 0.0924 1.2490
v -0.2213 0.0235 1.2331
v -0.1928 -0.0465 1.2175
v -0.3610 0.1121 1.2407
v -0.1080 0.0118 1.2375
v -0.0010 0.0750 1.2564
v -0.0010 0.0077 1.2411
v 0.0904 -0.0555 1.2224
v -0.0010 -0.0580 1.2256
v 0.0711 -0.1214 1.2068
v 0.1560 -0.1184 1.1981
v 0.2950 -0.0323 1.2073
v 0.1907 -0.0471 1.2127
v 0.1936 -0.1882 1.1701
v 0.2471 -0.1098 1.1885
v 0.1167 -0.1878 1.1822
v 0.3407 -0.0943 1.1838
v 0.4358 -0.0732 1.1816
v 0.0752 -0.2515 1.1643
v 0.0257 -0.2332 1.1753
v -0.0010 -0.2739 1.1604
v -0.0278 -0.2330 1.1756
v -0.0774 -0.2509 1.1650
v -0.1188 -0.1870 1.1828
v -0.1581 -0.1177 1.1999
v -0.0517 -0.1815 1.1912
v -0.0732 -0.1210 1.2071
v -0.0926 -0.0551 1.2227
v -0.0010 -0.1215 1.2097
v -0.0010 -0.1777 1.1941
v 0.0496 -0.1819 1.1908
v -0.3758 0.1763 1.2573
v -0.3830 0.2313 1.2706
v -0.7206 0.0859 1.2021
v -0.6107 -0.0210 1.1787
v -0.4321 -0.1434 1.1668
v -0.3426 -0.2394 1.1442
v -0.2792 -0.2559 1.1464
v -0.4967 -0.1206 1.1607
v -0.6731 0.0039 1.1767
v -0.5482 -0.1012 1.1574
v -0.4728 -0.1942 1.1375
v -0.3966 -0.2207 1.1396
v -0.3155 -0.3203 1.1103
v -0.3788 -0.2989 1.1099
v -0.2509 -0.4096 1.0762
v -0.1991 -0.4806 1.0429
v -0.2692 -0.3345 1.1141
v -0.3052 -0.3925 1.0774
v -0.2500 -0.4698 1.0427
v -0.2085 -0.5293 1.0097
v -0.1755 -0.5729 0.9813
v -0.0897 -0.5732 0.9899
v -0.0715 -0.6046 0.9625
v -0.0894 -0.6329 0.9312
v -0.1501 -0.6063 0.9553
v -0.1320 -0.6356 0.9276
v -0.1179 -0.6638 0.8960
v -0.0477 -0.6888 0.8626
v -0.0795 -0.6603 0.8986
v -0.1047 -0.6925 0.8590
v -0.0922 -0.7212 0.8130
v -0.0423 -0.7167 0.8157
v 0.0186 -0.7181 0.8169
v 0.0402 -0.7176 0.8156
v 0.0161 -0.7448 0.7581
v -0.0552 -0.7443 0.7561
v -0.0718 -0.7740 0.6858
v 0.0111 -0.7917 0.6044
v 0.0134 -0.7700 0.6886
v -0.0808 -0.7489 0.7550
v -0.0619 -0.7957 0.6021
v 0.0598 -0.7971 0.6021
v 0.0515 -0.8086 0.5077
v 0.0092 -0.8023 0.5099
v 0.0086 -0.8166 0.4054
v 0.0460 -0.8267 0.4030
v 0.0081 -0.8153 0.2935
v -0.0243 -0.8151 0.4046
v -0.0536 -0.8075 0.5077
v -0.0481 -0.8259 0.4030
v -0.0416 -0.8286 0.2906
v -0.0183 -0.7892 0.1754
v -0.0308 -0.8058 0.1725
v -0.0156 -0.7633 0.0591
v 0.0135 -0.7629 0.0591
v 0.0287 -0.8062 0.1725
v 0.0214 -0.7810 0.0556
v 0.0257 -0.7627 -0.0537
v 0.0162 -0.7894 0.1754
v -0.0187 -0.7418 -0.0498
v 0.0215 -0.7171 -0.1399
v 0.0166 -0.7413 -0.0498
v -0.0236 -0.7178 -0.1399
v -0.0260 -0.7012 -0.1994
v 0.0239 -0.7003 -0.1994
v 0.0344 -0.7425 -0.1441
v 0.0401 -0.7290 -0.2046
v 0.0388 -0.7081 -0.2422
v 0.0141 -0.6880 -0.2358
v 0.0264 -0.6863 -0.2647
v 0.0486 -0.7138 -0.2718
v 0.0686 -0.6913 -0.3106
v 0.0279 -0.6805 -0.2862
v -0.0285 -0.6872 -0.2647
v -0.0300 -0.6814 -0.2862
v -0.0707 -0.6935 -0.3106
v -0.0507 -0.7154 -0.2718
v -0.0409 -0.7093 -0.2422
v -0.0421 -0.7303 -0.2046
v -0.0365 -0.7437 -0.1441
v -0.0162 -0.6885 -0.2358
v -0.0278 -0.7636 -0.0537
v -0.0235 -0.7816 0.0556
v 0.0395 -0.8293 0.2906
v 0.0697 -0.7757 0.6858
v 0.0787 -0.7507 0.7549
v 0.0531 -0.7455 0.7560
v 0.0901 -0.7231 0.8128
v 0.0456 -0.6897 0.8624
v 0.1026 -0.6945 0.8587
v 0.1158 -0.6659 0.8955
v 0.1299 -0.6378 0.9271
v 0.0873 -0.6344 0.9308
v 0.1480 -0.6086 0.9546
v 0.0876 -0.5745 0.9894
v 0.0694 -0.6057 0.9622
v 0.1734 -0.5754 0.9804
v 0.2065 -0.5320 1.0077
v 0.1970 -0.4829 1.0407
v 0.1558 -0.5359 1.0115
v 0.2479 -0.4725 1.0387
v 0.3031 -0.3952 1.0737
v 0.2488 -0.4121 1.0717
v 0.1564 -0.4881 1.0461
v 0.1049 -0.4843 1.0520
v 0.1549 -0.4231 1.0831
v 0.2070 -0.4213 1.0766
v 0.3767 -0.3013 1.1084
v 0.4707 -0.1958 1.1363
v 0.5844 -0.0879 1.1607
v 0.5461 -0.1016 1.1584
v 0.0282 -0.6335 0.9345
v -0.0010 -0.6027 0.9639
v -0.0303 -0.6330 0.9346
v -0.0265 -0.6615 0.9021
v 0.0244 -0.6620 0.9020
v 0.0774 -0.6617 0.8983
v 0.0214 -0.6904 0.8639
v -0.7984 0.1196 1.2034
v -0.7159 0.0198 1.1788
v -0.5874 -0.0879 1.1583
v -0.8438 0.1321 1.2038
v -0.9362 0.2486 1.2230
v -1.0909 0.3407 1.1785
v -1.0954 0.3151 1.1679
v -0.9701 0.2364 1.2051
v -0.9760 0.3285 1.2325
v -0.7694 0.4227 1.2647
v -1.5595 0.8617 0.3283
v -1.5676 0.8448 0.3283
v -1.5743 0.8332 0.3694
v -1.5660 0.8520 0.3689
v -1.5416 0.8789 0.3467
v -1.5382 0.8834 0.3291
v -1.5453 0.8734 0.3688
v -1.5480 0.8671 0.3944
v -1.5681 0.8459 0.3952
v -1.5748 0.8305 0.3957
v -1.5840 0.8082 0.3582
v -1.5765 0.8245 0.3280
v -1.5971 0.7707 0.3589
v -1.5843 0.7790 0.3982
v -1.6073 0.7014 0.3901
v -1.5960 0.7442 0.3895
v -1.6123 0.7180 0.3813
v -1.6182 0.6552 0.3913
v -1.6259 0.6627 0.3729
v -1.6280 0.6092 0.3929
v -1.6406 0.5419 0.3964
v -1.6362 0.5664 0.3947
v -1.6467 0.5622 0.3521
v -1.6537 0.5287 0.3641
v -1.6548 0.5241 0.3327
v -1.6586 0.5092 0.3319
v -1.6619 0.4941 0.3504
v -1.6613 0.4890 0.3833
v -1.6534 0.5172 0.4042
v -1.6586 0.5044 0.3748
v -1.6567 0.4685 0.3809
v -1.6545 0.4661 0.3981
v -1.6580 0.4732 0.3486
v -1.6635 0.4883 0.3301
v -1.6578 0.4761 0.3295
v -1.6598 0.4862 0.4008
v -1.6420 0.5280 0.4052
v -1.6385 0.5493 0.3313
v -1.6369 0.6104 0.3519
v -1.6251 0.6160 0.3345
v -1.6334 0.5742 0.3339
v -1.6140 0.6665 0.3338
v -1.6102 0.7243 0.3487
v -1.6015 0.7171 0.3317
v -1.5813 0.7852 0.3261
v -1.5838 0.8062 0.3274
v -1.5897 0.7593 0.3290
v -1.5866 0.8003 0.3970
v -0.1321 0.3344 1.3147
v -0.0010 0.3292 1.3205
v -0.0010 0.3606 1.3184
v 0.1300 0.3344 1.3184
v 0.2589 0.3171 1.3034
v 0.2618 0.3494 1.3097
v 0.1303 0.3658 1.3163
v -0.1324 0.3658 1.3126
v -0.0010 0.2969 1.3145
v -0.1298 0.2889 1.3060
v -0.1285 0.2753 1.2963
v -0.2610 0.3171 1.3033
v -0.3882 0.3095 1.2824
v -0.2570 0.2901 1.2904
v -0.2639 0.3494 1.3094
v -0.3954 0.3571 1.2984
v -0.3975 0.4038 1.2982
v -0.5316 0.4347 1.2896
v -0.6600 0.4434 1.2876
v -0.5321 0.4049 1.2929
v -0.6583 0.4720 1.2829
v -0.6565 0.4134 1.2833
v -0.7757 0.4566 1.2699
v -0.7801 0.4993 1.2717
v -0.7694 0.4227 1.2647
v -0.6498 0.3789 1.2742
v -0.5221 0.3402 1.2762
v -0.5288 0.3745 1.2877
v -0.2643 0.3805 1.3074
v -0.8894 0.5166 1.2406
v -0.8831 0.4688 1.2410
v -0.9931 0.5145 1.1989
v -0.9995 0.5767 1.1932
v -0.9980 0.5618 1.1938
v -1.1106 0.6053 1.1291
v -1.1056 0.5577 1.1360
v -1.2222 0.5982 1.0533
v -1.2254 0.6320 1.0464
v -1.3291 0.6843 0.9499
v -1.4216 0.7198 0.8454
v -1.4251 0.6830 0.8542
v -1.4987 0.7147 0.7393
v -1.4951 0.7008 0.7397
v -1.5482 0.7416 0.6289
v -1.5440 0.7272 0.6292
v -1.5735 0.7623 0.5354
v -1.5697 0.7483 0.5357
v -1.5829 0.7770 0.4658
v -1.5637 0.8003 0.5309
v -1.5367 0.7932 0.6199
v -1.5234 0.8150 0.6119
v -1.4935 0.7519 0.7316
v -1.5443 0.7651 0.6250
v -1.4800 0.7874 0.7198
v -1.5424 0.8366 0.5222
v -1.5467 0.8522 0.4556
v -1.5717 0.8164 0.4587
v -1.5740 0.8257 0.4176
v -1.5479 0.8618 0.4158
v -1.5480 0.8671 0.3944
v -1.5681 0.8459 0.3952
v -1.5748 0.8305 0.3957
v -1.5866 0.8003 0.3970
v -1.5872 0.7867 0.4195
v -1.5843 0.7790 0.3982
v -1.5793 0.7632 0.4660
v -1.4241 0.7346 0.8425
v -1.4117 0.7553 0.8333
v -1.3213 0.7203 0.9375
v -1.3302 0.7109 0.9442
v -1.2263 0.6726 1.0369
v -1.2187 0.6828 1.0300
v -1.1041 0.6429 1.1159
v -1.1106 0.6198 1.1260
v -0.9939 0.6010 1.1837
v -0.8870 0.5573 1.2321
v -0.7760 0.5136 1.2651
v -1.4220 0.6699 0.8547
v -1.3288 0.6354 0.9598
v 1.5794 0.7406 0.3985
v 1.5732 0.7790 0.3951
v 1.5670 0.7632 0.4716
v 1.5569 0.7483 0.5486
v 1.5319 0.7272 0.6487
v 1.4853 0.7008 0.7626
v 1.4229 0.6381 0.8849
v 1.4155 0.6699 0.8770
v 1.3311 0.6054 0.9906
v 1.3226 0.6354 0.9790
v 1.5842 0.7442 0.3883
v 1.6171 0.5561 0.4433
v 1.6284 0.5419 0.4079
v 1.4495 0.4429 0.9016
v 1.0935 0.4410 1.1559
v -0.2500 -0.4698 1.0427
v -0.2729 -0.4817 1.0414
v -0.2333 -0.5413 1.0072
v -0.3083 -0.4938 1.0255
v -0.1755 -0.5729 0.9813
v -0.2085 -0.5293 1.0097
v -0.2715 -0.5525 0.9901
v -0.2439 -0.5919 0.9626
v -0.1501 -0.6063 0.9553
v -0.3578 -0.4210 1.0623
v -0.3052 -0.3925 1.0774
v -0.3788 -0.2989 1.1099
v -0.4728 -0.1942 1.1375
v -0.4983 -0.2132 1.1386
v -0.4267 -0.3330 1.0971
v -0.5163 -0.2333 1.1263
v -0.6117 -0.1065 1.1611
v -0.7485 -0.0218 1.1699
v -0.6234 -0.1301 1.1493
v -0.7159 0.0198 1.1788
v -0.7364 0.0105 1.1841
v -0.5874 -0.0879 1.1583
v -0.8685 0.1138 1.2069
v -0.8438 0.1321 1.2038
v -0.9701 0.2364 1.2051
v -0.9991 0.1954 1.1982
v -1.1121 0.2916 1.1674
v -1.1174 0.2713 1.1592
v -0.8763 0.0905 1.1933
v -1.2382 0.3259 1.0859
v -1.0954 0.3151 1.1679
v -1.2223 0.3717 1.0957
v -1.3625 0.3890 0.9959
v -1.2323 0.3545 1.0962
v -1.3489 0.4123 0.9968
v -1.4628 0.4185 0.8869
v -1.4587 0.3938 0.8754
v -1.5394 0.4411 0.7641
v -1.5379 0.4162 0.7525
v -1.3603 0.3653 0.9850
v -1.4489 0.4429 0.8896
v -1.5294 0.4681 0.7684
v -1.5945 0.4334 0.6340
v -1.5962 0.4679 0.6483
v -1.5853 0.4877 0.6503
v -1.6177 0.5036 0.5509
v -1.6339 0.4655 0.5413
v -1.6487 0.4756 0.4681
v -1.6323 0.5158 0.4773
v -1.6410 0.5079 0.4779
v -1.6403 0.5193 0.4282
v -1.6420 0.5280 0.4052
v -1.6534 0.5172 0.4042
v -1.6598 0.4862 0.4008
v -1.6564 0.4823 0.4242
v -1.6545 0.4661 0.3981
v -1.6503 0.4626 0.4213
v -1.6417 0.4565 0.4646
v -1.6264 0.4468 0.5366
v 0.1314 -0.7779 0.6804
v 0.1486 -0.7539 0.7498
v 0.0787 -0.7507 0.7549
v 0.1646 -0.7281 0.8058
v 0.0901 -0.7231 0.8128
v 0.0697 -0.7757 0.6858
v 0.0598 -0.7971 0.6021
v 0.0515 -0.8086 0.5077
v 0.0970 -0.8111 0.5044
v 0.0460 -0.8267 0.4030
v 0.0886 -0.8306 0.4009
v 0.1127 -0.7991 0.5979
v 0.0963 -0.8081 0.6004
v 0.0797 -0.8353 0.2899
v 0.0395 -0.8293 0.2906
v 0.0314 -0.8198 0.1720
v 0.0626 -0.8168 0.1738
v 0.0505 -0.7939 0.0585
v 0.0214 -0.7810 0.0556
v 0.0287 -0.8062 0.1725
v 0.0257 -0.7627 -0.0537
v 0.0272 -0.7770 -0.0547
v 0.0362 -0.7561 -0.1451
v 0.0690 -0.7567 -0.1411
v 0.0426 -0.7426 -0.2054
v 0.0751 -0.7441 -0.2025
v 0.0567 -0.7767 -0.0503
v 0.0781 -0.7367 -0.2430
v 0.0474 -0.7341 -0.2449
v 0.0401 -0.7290 -0.2046
v 0.0344 -0.7425 -0.1441
v 0.0486 -0.7138 -0.2718
v 0.0815 -0.7292 -0.2710
v 0.0930 -0.7170 -0.3119
v 0.0686 -0.6913 -0.3106
v 0.0642 -0.7104 -0.3136
v 0.1026 -0.6945 0.8587
v 0.1795 -0.7014 0.8481
v 0.1934 -0.6752 0.8828
v 0.1299 -0.6378 0.9271
v 0.1158 -0.6659 0.8955
v 0.2064 -0.6499 0.9114
v 0.2207 -0.6245 0.9370
v 0.1480 -0.6086 0.9546
v 0.1998 -0.5874 0.9769
v 0.1734 -0.5754 0.9804
v 0.2313 -0.5442 1.0047
v 0.3062 -0.4971 1.0226
v 0.2479 -0.4725 1.0387
v 0.3556 -0.4241 1.0597
v 0.4246 -0.3357 1.0956
v 0.3967 -0.3131 1.1102
v 0.3031 -0.3952 1.0737
v 0.2065 -0.5320 1.0077
v 0.2694 -0.5559 0.9874
v 0.2418 -0.5953 0.9606
v 0.3767 -0.3013 1.1084
v 0.4707 -0.1958 1.1363
v 0.4962 -0.2149 1.1374
v 0.6086 -0.1065 1.1635
v 0.7036 0.0198 1.1863
v 0.5844 -0.0879 1.1607
v 0.7239 0.0105 1.1916
v 0.8508 0.1138 1.2083
v 0.7371 -0.0218 1.1766
v 0.8597 0.0905 1.1946
v 0.9525 0.2364 1.2021
v 0.8254 0.1321 1.2058
v 0.9838 0.1954 1.1949
v 1.1056 0.2916 1.1613
v 1.1117 0.2713 1.1527
v 1.2352 0.3545 1.0923
v 1.2245 0.3717 1.0920
v 1.0875 0.3151 1.1621
v 1.2420 0.3259 1.0813
v 1.3572 0.3653 0.9942
v 1.3584 0.3890 1.0058
v 1.4495 0.4429 0.9016
v 1.3442 0.4123 1.0077
v 1.4640 0.4185 0.8976
v 1.5389 0.4411 0.7788
v 1.5280 0.4681 0.7846
v 1.5794 0.4877 0.6698
v 1.4597 0.3938 0.8857
v 1.5374 0.4162 0.7665
v 1.5898 0.4334 0.6518
v 1.5913 0.4679 0.6670
v 1.6259 0.4655 0.5599
v 1.6084 0.5036 0.5702
v 1.6387 0.4756 0.4849
v 1.6303 0.5079 0.4950
v 1.6213 0.5158 0.4941
v 1.6287 0.5193 0.4424
v 1.6439 0.5077 0.4168
v 1.6300 0.5280 0.4177
v 1.6455 0.4823 0.4392
v 1.6485 0.4862 0.4147
v 1.6437 0.4661 0.4120
v 1.6398 0.4626 0.4362
v 1.6321 0.4565 0.4812
v 1.6187 0.4468 0.5547
v 1.3238 0.6990 0.9681
v 1.2158 0.6726 1.0526
v 1.2163 0.6320 1.0599
v 1.2145 0.5982 1.0646
v 1.1049 0.6053 1.1281
v 1.1055 0.6319 1.1229
v 1.3218 0.6843 0.9704
v 1.3126 0.7203 0.9590
v 1.4160 0.7346 0.8654
v 1.4026 0.7553 0.8564
v 1.2077 0.6828 1.0460
v 1.0986 0.6429 1.1159
v 0.9802 0.5618 1.1906
v 0.9822 0.5767 1.1900
v 0.8651 0.5313 1.2369
v 0.7493 0.4566 1.2697
v 0.8641 0.5166 1.2382
v 0.7533 0.4993 1.2710
v 0.7435 0.4227 1.2649
v 0.6361 0.4285 1.2887
v 0.6287 0.3789 1.2791
v 0.8577 0.4688 1.2387
v 0.9745 0.5145 1.1958
v 1.0981 0.5577 1.1345
v 0.5102 0.3403 1.2838
v 0.5188 0.4049 1.3000
v 0.5160 0.3745 1.2951
v 0.6388 0.4565 1.2918
v 0.6358 0.4720 1.2859
v 0.8620 0.5573 1.2297
v 0.9773 0.6010 1.1803
v 0.7494 0.5136 1.2643
v 0.5180 0.4347 1.2965
v 0.3924 0.3571 1.3036
v 0.3942 0.4038 1.3039
v 0.3855 0.3095 1.2868
v 0.2549 0.2901 1.2904
v 0.1264 0.2753 1.2998
v 0.1284 0.3021 1.3125
v -0.0010 0.2701 1.3019
v 0.2622 0.3805 1.3078
v 1.5903 0.7171 0.3256
v 1.5999 0.7195 0.3711
v 1.6132 0.6627 0.3763
v 1.6152 0.6092 0.4010
v 1.6243 0.6104 0.3566
v 1.6021 0.6665 0.3320
v 1.6055 0.6552 0.3965
v 1.5949 0.7014 0.3922
v 1.5732 0.7790 0.3951
v 1.5842 0.7442 0.3883
v 1.5741 0.8082 0.3482
v 1.5759 0.8003 0.3926
v 1.5861 0.7707 0.3522
v 1.5716 0.7852 0.3134
v 1.5677 0.8245 0.3127
v 1.5594 0.8448 0.3112
v 1.5650 0.8332 0.3585
v 1.5519 0.8617 0.3097
v 1.5574 0.8520 0.3563
v 1.5650 0.8305 0.3885
v 1.5398 0.8671 0.3829
v 1.5588 0.8459 0.3864
v 1.5378 0.8734 0.3534
v 1.5347 0.8789 0.3280
v 1.5317 0.8834 0.3078
v 1.5744 0.8062 0.3137
v 1.5793 0.7593 0.3189
v 1.6238 0.5664 0.4050
v 1.6284 0.5419 0.4079
v 1.6429 0.5204 0.3982
v 1.6342 0.5622 0.3597
v 1.6300 0.5280 0.4177
v 1.6439 0.5077 0.4168
v 1.6485 0.4862 0.4147
v 1.6496 0.4880 0.4030
v 1.6415 0.5287 0.3743
v 1.6212 0.5742 0.3387
v 1.6128 0.6160 0.3366
v 1.6264 0.5493 0.3374
v 1.6426 0.5241 0.3409
v 1.6466 0.5092 0.3408
v 1.6468 0.5044 0.3867
v 1.6522 0.4853 0.3606
v 1.6517 0.4883 0.3400
v 1.6466 0.4732 0.3598
v 1.6462 0.4761 0.3394
v 1.6456 0.4685 0.3939
v 1.6437 0.4661 0.4120
v 1.5366 0.8640 0.1638
v 1.5507 0.8473 0.2316
v 1.5537 0.8172 0.2338
v 1.5639 0.8247 0.2757
v 1.5604 0.8082 0.2775
v 1.5744 0.8062 0.3137
v 1.5659 0.7999 0.3020
v 1.5716 0.7852 0.3134
v 1.5677 0.8245 0.3127
v 1.5594 0.8448 0.3112
v 1.5347 0.8793 0.2306
v 1.5440 0.8697 0.2727
v 1.5127 0.9016 0.2306
v 1.5232 0.8916 0.2717
v 1.5519 0.8617 0.3097
v 1.5317 0.8834 0.3078
v 1.5185 0.8956 0.1638
v 1.4940 0.9180 0.1653
v 1.4650 0.9400 0.0811
v 1.4917 0.9177 0.0780
v 1.5197 0.8733 0.0771
v 1.4618 0.9279 -0.0205
v 1.4000 0.9499 -0.1184
v 1.3596 0.9870 -0.1092
v 1.3213 0.9738 -0.2092
v 1.4214 0.9053 -0.1201
v 1.3457 0.9320 -0.2152
v 1.1880 1.0307 -0.2706
v 1.2795 1.0077 -0.1948
v 1.2518 0.9777 -0.2988
v 1.2558 0.9615 -0.3006
v 1.2164 1.0142 -0.2838
v 1.1315 1.0092 -0.3617
v 1.1449 0.9821 -0.3708
v 1.0055 1.0180 -0.4083
v 0.9858 1.0431 -0.3921
v 1.1077 1.0347 -0.3471
v 0.9659 1.0553 -0.3762
v 0.8644 1.0480 -0.4246
v 0.8477 1.0584 -0.4071
v 1.0832 1.0490 -0.3325
v 0.7264 1.0594 -0.4273
v 0.7407 1.0503 -0.4465
v 0.6123 1.0502 -0.4660
v 0.4762 1.0591 -0.4678
v 0.6007 1.0594 -0.4459
v 0.4853 1.0493 -0.4891
v 0.3615 1.0492 -0.5094
v 0.3687 1.0265 -0.5323
v 0.4947 1.0271 -0.5108
v 0.2445 1.0256 -0.5476
v 0.2395 1.0487 -0.5239
v 0.1214 1.0228 -0.5560
v 0.1189 1.0466 -0.5325
v 0.2349 1.0590 -0.5004
v -0.0010 1.0451 -0.5369
v 0.2481 0.9972 -0.5631
v 0.1233 0.9940 -0.5712
v -0.0010 1.0210 -0.5605
v -0.0010 1.0563 -0.5128
v 0.1166 1.0574 -0.5085
v -0.0010 0.9920 -0.5753
v 0.3738 0.9988 -0.5480
v 0.5009 1.0001 -0.5257
v 0.6309 1.0023 -0.4999
v 0.6238 1.0288 -0.4864
v 0.7626 1.0022 -0.4779
v 0.7544 1.0290 -0.4657
v 0.8808 1.0248 -0.4423
v 0.8905 0.9963 -0.4536
v 1.0172 0.9891 -0.4190
v 0.3546 1.0593 -0.4868
v 1.4222 0.9656 -0.0144
v 1.4807 0.8825 -0.0202
v 1.5187 0.8567 0.0784
v 1.5417 0.8341 0.1656
v 1.3226 0.6354 0.9790
v 1.4155 0.6699 0.8770
v 1.4184 0.6830 0.8766
v 1.4853 0.7008 0.7626
v 1.5361 0.7416 0.6481
v 1.4889 0.7147 0.7622
v 1.5319 0.7272 0.6487
v 1.4831 0.7519 0.7537
v 1.5609 0.7623 0.5479
v 1.5516 0.8003 0.5407
v 1.5708 0.7770 0.4709
v 1.5569 0.7483 0.5486
v 1.5670 0.7632 0.4716
v 1.5637 0.8257 0.4135
v 1.5606 0.8164 0.4601
v 1.5732 0.7790 0.3951
v 1.5758 0.7867 0.4189
v 1.5759 0.8003 0.3926
v 1.5650 0.8305 0.3885
v 1.5588 0.8459 0.3864
v 1.5398 0.8671 0.3829
v 1.5391 0.8618 0.4073
v 1.5368 0.8522 0.4529
v 1.5312 0.8366 0.5283
v 1.5116 0.8150 0.6267
v 1.4689 0.7874 0.7408
v 1.4137 0.7198 0.8683
v 1.5322 0.7651 0.6432
v 1.5246 0.7932 0.6366
v 0.5142 -0.2350 1.1252
v 0.6206 -0.1301 1.1514
vt 0.7729 0.4874
vt 0.7722 0.4914
vt 0.7822 0.4981
vt 0.7827 0.4941
vt 0.7729 0.4874
vt 0.7619 0.4787
vt 0.7607 0.4848
vt 0.7492 0.4723
vt 0.7480 0.4784
vt 0.7341 0.4726
vt 0.7355 0.4664
vt 0.7205 0.4633
vt 0.7222 0.4560
vt 0.7372 0.4598
vt 0.7635 0.4725
vt 0.7509 0.4659
vt 0.7492 0.4723
vt 0.7738 0.4804
vt 0.7746 0.4793
vt 0.7635 0.4725
vt 0.7841 0.4861
vt 0.7841 0.4861
vt 0.7827 0.4941
vt 0.7909 0.5006
vt 0.7971 0.5060
vt 0.7978 0.4981
vt 0.7909 0.5006
vt 0.7919 0.4927
vt 0.7822 0.4981
vt 0.7905 0.5045
vt 0.7909 0.5006
vt 0.7905 0.5045
vt 0.7968 0.5098
vt 0.7971 0.5060
vt 0.7971 0.5060
vt 0.8010 0.5093
vt 0.8028 0.5043
vt 0.8025 0.4980
vt 0.8012 0.5014
vt 0.8028 0.5043
vt 0.8059 0.5027
vt 0.8018 0.4721
vt 0.8023 0.4885
vt 0.8025 0.4980
vt 0.8078 0.4904
vt 0.8018 0.4721
vt 0.8045 0.4516
vt 0.8017 0.4514
vt 0.8027 0.4296
vt 0.8054 0.4009
vt 0.8043 0.4114
vt 0.8027 0.4296
vt 0.8103 0.4110
vt 0.8070 0.3931
vt 0.8054 0.3960
vt 0.8054 0.4009
vt 0.8014 0.3930
vt 0.8054 0.3960
vt 0.8064 0.3874
vt 0.8093 0.3884
vt 0.8064 0.3874
vt 0.8070 0.3931
vt 0.8140 0.3896
vt 0.8152 0.3991
vt 0.8140 0.3896
vt 0.8160 0.3815
vt 0.8129 0.3819
vt 0.8129 0.3819
vt 0.8186 0.3712
vt 0.8099 0.3764
vt 0.8099 0.3764
vt 0.8087 0.3798
vt 0.8093 0.3830
vt 0.8093 0.3830
vt 0.8076 0.3805
vt 0.8064 0.3874
vt 0.8049 0.3797
vt 0.8030 0.3863
vt 0.8064 0.3874
vt 0.8014 0.3930
vt 0.8030 0.3863
vt 0.7976 0.3844
vt 0.7886 0.3886
vt 0.7959 0.3911
vt 0.7976 0.3844
vt 0.7976 0.3844
vt 0.7998 0.3778
vt 0.7930 0.3751
vt 0.7930 0.3751
vt 0.7847 0.3718
vt 0.7813 0.3807
vt 0.7813 0.3807
vt 0.7723 0.3749
vt 0.7699 0.3818
vt 0.7799 0.3854
vt 0.7751 0.3679
vt 0.7751 0.3679
vt 0.7644 0.3635
vt 0.7616 0.3709
vt 0.7616 0.3709
vt 0.7590 0.3778
vt 0.7699 0.3818
vt 0.7469 0.3738
vt 0.7498 0.3668
vt 0.7355 0.3649
vt 0.7237 0.3513
vt 0.7205 0.3616
vt 0.7355 0.3649
vt 0.7387 0.3549
vt 0.7237 0.3513
vt 0.7071 0.3487
vt 0.7050 0.3572
vt 0.7186 0.3669
vt 0.7205 0.3616
vt 0.7050 0.3572
vt 0.7026 0.3651
vt 0.7186 0.3669
vt 0.7334 0.3700
vt 0.7355 0.3649
vt 0.7523 0.3591
vt 0.6857 0.3650
vt 0.6875 0.3565
vt 0.6687 0.3606
vt 0.6705 0.3511
vt 0.6891 0.3476
vt 0.6891 0.3476
vt 0.6700 0.3484
vt 0.6705 0.3511
vt 0.6504 0.3553
vt 0.6495 0.3517
vt 0.6504 0.3553
vt 0.6278 0.3583
vt 0.6298 0.3689
vt 0.6498 0.3647
vt 0.6298 0.3689
vt 0.6316 0.3790
vt 0.6501 0.3715
vt 0.6501 0.3715
vt 0.6682 0.3670
vt 0.6687 0.3606
vt 0.6121 0.3893
vt 0.6036 0.3683
vt 0.5778 0.3862
vt 0.6080 0.3792
vt 0.6036 0.3683
vt 0.5755 0.3825
vt 0.5563 0.4102
vt 0.5856 0.3957
vt 0.5778 0.3862
vt 0.5444 0.4019
vt 0.5687 0.4165
vt 0.5910 0.4020
vt 0.6121 0.3893
vt 0.7899 0.3839
vt 0.7886 0.3886
vt 0.8049 0.3797
vt 0.8129 0.3819
vt 0.8145 0.3536
vt 0.8301 0.3376
vt 0.8174 0.3356
vt 0.8145 0.3536
vt 0.8223 0.3554
vt 0.8250 0.3159
vt 0.8261 0.3564
vt 0.8332 0.3179
vt 0.8193 0.3170
vt 0.8267 0.2976
vt 0.8213 0.2907
vt 0.8205 0.3006
vt 0.8267 0.2976
vt 0.8232 0.2830
vt 0.8208 0.2864
vt 0.8166 0.2858
vt 0.8381 0.2791
vt 0.8258 0.2767
vt 0.8232 0.2830
vt 0.8366 0.2881
vt 0.8381 0.2791
vt 0.8401 0.2705
vt 0.8308 0.2695
vt 0.8426 0.2598
vt 0.8329 0.2591
vt 0.8308 0.2695
vt 0.8242 0.2669
vt 0.8316 0.2396
vt 0.8284 0.2543
vt 0.8329 0.2591
vt 0.8262 0.2628
vt 0.8493 0.2227
vt 0.8343 0.2194
vt 0.8316 0.2396
vt 0.8459 0.2439
vt 0.8493 0.2227
vt 0.8518 0.1960
vt 0.8357 0.1948
vt 0.8532 0.1642
vt 0.8363 0.1649
vt 0.8357 0.1948
vt 0.8369 0.1284
vt 0.8538 0.1276
vt 0.8533 0.0871
vt 0.8374 0.0869
vt 0.8369 0.1284
vt 0.8378 0.0429
vt 0.8519 0.0439
vt 0.8408 0.0077
vt 0.8383 0.0096
vt 0.8378 0.0429
vt 0.8530 0.0112
vt 0.8242 0.2669
vt 0.8218 0.2683
vt 0.8216 0.2765
vt 0.8180 0.2686
vt 0.8176 0.2766
vt 0.8216 0.2765
vt 0.8116 0.2743
vt 0.8118 0.2689
vt 0.8116 0.2743
vt 0.8035 0.2693
vt 0.8032 0.2801
vt 0.8033 0.2868
vt 0.8032 0.2801
vt 0.7933 0.2808
vt 0.7937 0.2875
vt 0.8111 0.2863
vt 0.7932 0.2699
vt 0.7932 0.2699
vt 0.7807 0.2708
vt 0.7810 0.2763
vt 0.7662 0.2721
vt 0.7498 0.2741
vt 0.7668 0.2777
vt 0.7662 0.2721
vt 0.7688 0.2897
vt 0.7668 0.2777
vt 0.7514 0.2824
vt 0.7536 0.2915
vt 0.7342 0.2852
vt 0.7342 0.2852
vt 0.7164 0.2912
vt 0.7183 0.2975
vt 0.7367 0.2942
vt 0.7498 0.2741
vt 0.7322 0.2770
vt 0.7342 0.2852
vt 0.7132 0.2805
vt 0.6944 0.2902
vt 0.7164 0.2912
vt 0.7132 0.2805
vt 0.6927 0.2847
vt 0.6709 0.2903
vt 0.6709 0.2903
vt 0.6778 0.3064
vt 0.6985 0.3014
vt 0.6524 0.3052
vt 0.6568 0.3135
vt 0.6778 0.3064
vt 0.6319 0.3168
vt 0.6524 0.3052
vt 0.6482 0.2979
vt 0.6252 0.3078
vt 0.6319 0.3168
vt 0.6252 0.3078
vt 0.6080 0.3268
vt 0.6080 0.3268
vt 0.6020 0.3200
vt 0.5784 0.3362
vt 0.5617 0.3647
vt 0.5853 0.3428
vt 0.5784 0.3362
vt 0.5541 0.3582
vt 0.5617 0.3647
vt 0.5701 0.3719
vt 0.5927 0.3501
vt 0.5927 0.3501
vt 0.6144 0.3343
vt 0.6080 0.3268
vt 0.6144 0.3343
vt 0.6355 0.3227
vt 0.6319 0.3168
vt 0.5408 0.3943
vt 0.5476 0.3987
vt 0.5701 0.3719
vt 0.5617 0.3647
vt 0.5309 0.3851
vt 0.5408 0.3943
vt 0.7688 0.2897
vt 0.7822 0.2884
vt 0.7810 0.2763
vt 0.6709 0.2903
vt 0.7933 0.2808
vt 0.8166 0.2858
vt 0.8352 0.3002
vt 0.8413 0.5920
vt 0.8508 0.6131
vt 0.8432 0.6163
vt 0.8340 0.5949
vt 0.8450 0.5904
vt 0.8547 0.6114
vt 0.8603 0.6344
vt 0.8523 0.6379
vt 0.8606 0.6584
vt 0.8691 0.6545
vt 0.8606 0.6584
vt 0.8746 0.6727
vt 0.8675 0.6757
vt 0.8797 0.6844
vt 0.8869 0.6803
vt 0.8691 0.6545
vt 0.8735 0.6523
vt 0.8746 0.6727
vt 0.8813 0.6690
vt 0.8893 0.6934
vt 0.8929 0.6912
vt 0.8843 0.6959
vt 0.8807 0.6974
vt 0.8721 0.6874
vt 0.8735 0.6944
vt 0.8735 0.6944
vt 0.8807 0.6974
vt 0.8720 0.6987
vt 0.8644 0.6325
vt 0.8325 0.5721
vt 0.8218 0.5549
vt 0.8325 0.5721
vt 0.8257 0.5746
vt 0.8185 0.5563
vt 0.8131 0.5408
vt 0.8194 0.5386
vt 0.8218 0.5549
vt 0.8284 0.5529
vt 0.8360 0.5707
vt 0.8194 0.5386
vt 0.8226 0.5376
vt 0.8284 0.5529
vt 0.8188 0.5255
vt 0.8158 0.5262
vt 0.8078 0.5217
vt 0.8097 0.5290
vt 0.8079 0.5148
vt 0.8061 0.5174
vt 0.8124 0.5108
vt 0.8137 0.5178
vt 0.8079 0.5148
vt 0.8076 0.5110
vt 0.8079 0.5053
vt 0.8056 0.4994
vt 0.8110 0.4918
vt 0.8079 0.5053
vt 0.8116 0.5030
vt 0.8059 0.5057
vt 0.8041 0.5086
vt 0.8043 0.5027
vt 0.8059 0.5057
vt 0.8009 0.4994
vt 0.8002 0.5073
vt 0.8038 0.5145
vt 0.7999 0.5111
vt 0.7936 0.5058
vt 0.7940 0.5019
vt 0.7940 0.5019
vt 0.7951 0.4940
vt 0.8009 0.4994
vt 0.7873 0.4874
vt 0.7859 0.4954
vt 0.7770 0.4815
vt 0.7770 0.4815
vt 0.7651 0.4799
vt 0.7668 0.4737
vt 0.7525 0.4733
vt 0.7639 0.4859
vt 0.7512 0.4795
vt 0.7525 0.4733
vt 0.7374 0.4736
vt 0.7388 0.4673
vt 0.7525 0.4733
vt 0.7543 0.4670
vt 0.7779 0.4805
vt 0.7761 0.4886
vt 0.7639 0.4859
vt 0.7761 0.4886
vt 0.7754 0.4926
vt 0.7853 0.4993
vt 0.7406 0.4608
vt 0.7406 0.4608
vt 0.7388 0.4673
vt 0.7255 0.4569
vt 0.7255 0.4569
vt 0.7087 0.4602
vt 0.7108 0.4510
vt 0.6938 0.4551
vt 0.7076 0.4647
vt 0.6922 0.4622
vt 0.6938 0.4551
vt 0.6762 0.4607
vt 0.6780 0.4531
vt 0.6938 0.4551
vt 0.6956 0.4477
vt 0.7260 0.4554
vt 0.7238 0.4642
vt 0.7238 0.4642
vt 0.7228 0.4686
vt 0.7076 0.4647
vt 0.6800 0.4452
vt 0.6800 0.4452
vt 0.6780 0.4531
vt 0.6637 0.4450
vt 0.6608 0.4540
vt 0.6434 0.4526
vt 0.6470 0.4431
vt 0.6637 0.4450
vt 0.6474 0.4408
vt 0.6640 0.4430
vt 0.6637 0.4450
vt 0.6301 0.4383
vt 0.6474 0.4408
vt 0.6470 0.4431
vt 0.6261 0.4480
vt 0.6121 0.4354
vt 0.6417 0.4586
vt 0.6226 0.4572
vt 0.6261 0.4480
vt 0.6023 0.4552
vt 0.6069 0.4455
vt 0.6261 0.4480
vt 0.6121 0.4354
vt 0.6069 0.4455
vt 0.5925 0.4346
vt 0.5925 0.4346
vt 0.5658 0.4384
vt 0.5749 0.4288
vt 0.5934 0.4321
vt 0.5846 0.4452
vt 0.5585 0.4475
vt 0.5658 0.4384
vt 0.5846 0.4452
vt 0.5808 0.4523
vt 0.6608 0.4540
vt 0.6595 0.4597
vt 0.6417 0.4586
vt 0.6023 0.4552
vt 0.6762 0.4607
vt 0.7374 0.4736
vt 0.8586 0.0127
vt 0.8572 0.0455
vt 0.8432 0.0444
vt 0.8463 0.0092
vt 0.8438 0.0111
vt 0.8584 0.0886
vt 0.8426 0.0884
vt 0.8432 0.0444
vt 0.8419 0.1299
vt 0.8587 0.1292
vt 0.8580 0.1658
vt 0.8410 0.1664
vt 0.8419 0.1299
vt 0.8403 0.1963
vt 0.8565 0.1975
vt 0.8538 0.2242
vt 0.8388 0.2208
vt 0.8403 0.1963
vt 0.8360 0.2411
vt 0.8503 0.2454
vt 0.8469 0.2613
vt 0.8371 0.2605
vt 0.8360 0.2411
vt 0.8328 0.2557
vt 0.8305 0.2642
vt 0.8327 0.2718
vt 0.8443 0.2720
vt 0.8424 0.2805
vt 0.8301 0.2782
vt 0.8327 0.2718
vt 0.8284 0.2683
vt 0.8258 0.2779
vt 0.8261 0.2697
vt 0.8284 0.2683
vt 0.8222 0.2700
vt 0.8218 0.2780
vt 0.8161 0.2702
vt 0.8154 0.2811
vt 0.8074 0.2815
vt 0.8078 0.2706
vt 0.8161 0.2702
vt 0.7974 0.2767
vt 0.7978 0.2887
vt 0.8075 0.2881
vt 0.8154 0.2811
vt 0.8152 0.2876
vt 0.8075 0.2881
vt 0.8208 0.2872
vt 0.8208 0.2872
vt 0.8218 0.2780
vt 0.8274 0.2845
vt 0.8274 0.2845
vt 0.8323 0.2873
vt 0.8308 0.2990
vt 0.8234 0.3184
vt 0.8308 0.2990
vt 0.8393 0.3017
vt 0.8372 0.3194
vt 0.8340 0.3390
vt 0.8214 0.3370
vt 0.8234 0.3184
vt 0.8246 0.3019
vt 0.8254 0.2921
vt 0.8254 0.2921
vt 0.8250 0.2878
vt 0.8274 0.2845
vt 0.8184 0.3550
vt 0.8261 0.3568
vt 0.8184 0.3550
vt 0.8224 0.3725
vt 0.8136 0.3778
vt 0.8151 0.3841
vt 0.8198 0.3829
vt 0.8177 0.3910
vt 0.8130 0.3897
vt 0.8151 0.3841
vt 0.8130 0.3844
vt 0.8101 0.3887
vt 0.8113 0.3818
vt 0.8130 0.3844
vt 0.8124 0.3812
vt 0.8086 0.3810
vt 0.8107 0.3945
vt 0.8101 0.3887
vt 0.8130 0.3897
vt 0.8133 0.3982
vt 0.8208 0.3917
vt 0.8188 0.4005
vt 0.8133 0.3982
vt 0.8139 0.4124
vt 0.8090 0.4023
vt 0.8061 0.4309
vt 0.8148 0.4317
vt 0.8079 0.4530
vt 0.8051 0.4527
vt 0.8051 0.4734
vt 0.8104 0.4744
vt 0.8056 0.4994
vt 0.8055 0.4898
vt 0.8051 0.4734
vt 0.8137 0.4919
vt 0.8110 0.4918
vt 0.8104 0.4744
vt 0.8132 0.4746
vt 0.8137 0.4919
vt 0.8143 0.5030
vt 0.8116 0.5030
vt 0.8152 0.5106
vt 0.8124 0.5108
vt 0.8116 0.5030
vt 0.8152 0.5106
vt 0.8166 0.5173
vt 0.8137 0.5178
vt 0.8132 0.4535
vt 0.8079 0.4127
vt 0.8090 0.4023
vt 0.8091 0.3973
vt 0.8107 0.3945
vt 0.8101 0.3887
vt 0.8091 0.3973
vt 0.8051 0.3943
vt 0.8067 0.3876
vt 0.8086 0.3810
vt 0.8067 0.3876
vt 0.8013 0.3857
vt 0.8036 0.3791
vt 0.7967 0.3764
vt 0.7936 0.3851
vt 0.8051 0.3943
vt 0.7996 0.3924
vt 0.8013 0.3857
vt 0.7923 0.3898
vt 0.7850 0.3819
vt 0.7884 0.3730
vt 0.7789 0.3690
vt 0.7761 0.3761
vt 0.7654 0.3720
vt 0.7736 0.3829
vt 0.7627 0.3789
vt 0.7654 0.3720
vt 0.7506 0.3748
vt 0.7535 0.3678
vt 0.7654 0.3720
vt 0.7682 0.3647
vt 0.7561 0.3602
vt 0.7561 0.3602
vt 0.7535 0.3678
vt 0.7393 0.3659
vt 0.7276 0.3523
vt 0.7426 0.3560
vt 0.7393 0.3659
vt 0.7244 0.3625
vt 0.7089 0.3580
vt 0.7224 0.3678
vt 0.7064 0.3659
vt 0.7089 0.3580
vt 0.6895 0.3657
vt 0.6913 0.3573
vt 0.7089 0.3580
vt 0.7110 0.3495
vt 0.6930 0.3483
vt 0.6930 0.3483
vt 0.6913 0.3573
vt 0.6744 0.3518
vt 0.6725 0.3613
vt 0.6536 0.3653
vt 0.6542 0.3558
vt 0.6744 0.3518
vt 0.6738 0.3491
vt 0.6336 0.3694
vt 0.6316 0.3588
vt 0.6542 0.3558
vt 0.6534 0.3523
vt 0.6074 0.3686
vt 0.6539 0.3721
vt 0.6353 0.3795
vt 0.6336 0.3694
vt 0.6158 0.3897
vt 0.6117 0.3796
vt 0.6336 0.3694
vt 0.6074 0.3686
vt 0.6117 0.3796
vt 0.5815 0.3865
vt 0.5815 0.3865
vt 0.5598 0.4103
vt 0.5480 0.4020
vt 0.5792 0.3828
vt 0.5892 0.3960
vt 0.5723 0.4167
vt 0.5598 0.4103
vt 0.5892 0.3960
vt 0.5946 0.4023
vt 0.6725 0.3613
vt 0.6720 0.3676
vt 0.6539 0.3721
vt 0.7393 0.3659
vt 0.7372 0.3709
vt 0.7224 0.3678
vt 0.6158 0.3897
vt 0.6895 0.3657
vt 0.7506 0.3748
vt 0.7850 0.3819
vt 0.7836 0.3866
vt 0.7736 0.3829
vt 0.7923 0.3898
vt 0.8169 0.4129
vt 0.8155 0.3694
vt 0.8132 0.4535
vt 0.8188 0.5255
vt 0.8299 0.3579
vt 0.8259 0.3735
vt 0.8224 0.3725
vt 0.8261 0.3568
vt 0.8259 0.3735
vt 0.8230 0.3837
vt 0.8198 0.3829
vt 0.8208 0.3917
vt 0.8048 0.5135
vt 0.8010 0.5093
vt 0.8007 0.5132
vt 0.8031 0.5161
vt 0.8048 0.5204
vt 0.8048 0.5204
vt 0.8067 0.5276
vt 0.8102 0.5394
vt 0.8156 0.5549
vt 0.8131 0.5372
vt 0.8102 0.5394
vt 0.8131 0.5372
vt 0.8127 0.5249
vt 0.8048 0.5204
vt 0.8165 0.5372
vt 0.8158 0.5242
vt 0.8189 0.5535
vt 0.8196 0.5362
vt 0.8158 0.5242
vt 0.8136 0.5160
vt 0.8106 0.5164
vt 0.8048 0.5135
vt 0.8106 0.5164
vt 0.8093 0.5095
vt 0.8093 0.5095
vt 0.8084 0.5017
vt 0.8059 0.5027
vt 0.8044 0.5097
vt 0.8121 0.5093
vt 0.8121 0.5093
vt 0.8112 0.5017
vt 0.8084 0.5017
vt 0.8106 0.4905
vt 0.8078 0.4904
vt 0.8084 0.5017
vt 0.8071 0.4730
vt 0.8106 0.4905
vt 0.8099 0.4732
vt 0.8071 0.4730
vt 0.8098 0.4521
vt 0.8045 0.4516
vt 0.8071 0.4730
vt 0.8113 0.4304
vt 0.8133 0.4115
vt 0.8103 0.4110
vt 0.8113 0.4304
vt 0.8255 0.5515
vt 0.8298 0.5707
vt 0.8255 0.5515
vt 0.8189 0.5535
vt 0.8229 0.5732
vt 0.8189 0.5535
vt 0.8156 0.5549
vt 0.8386 0.5906
vt 0.8298 0.5707
vt 0.8229 0.5732
vt 0.8313 0.5934
vt 0.8406 0.6148
vt 0.8482 0.6116
vt 0.8423 0.5889
vt 0.8578 0.6328
vt 0.8498 0.6364
vt 0.8582 0.6568
vt 0.8652 0.6741
vt 0.8722 0.6710
vt 0.8582 0.6568
vt 0.8667 0.6529
vt 0.8619 0.6309
vt 0.8722 0.6710
vt 0.8711 0.6507
vt 0.8667 0.6529
vt 0.8790 0.6673
vt 0.8846 0.6785
vt 0.8774 0.6827
vt 0.8698 0.6857
vt 0.8774 0.6827
vt 0.8785 0.6958
vt 0.8821 0.6942
vt 0.8871 0.6917
vt 0.8713 0.6928
vt 0.8698 0.6971
vt 0.8785 0.6958
vt 0.8713 0.6928
vt 0.8871 0.6917
vt 0.8907 0.6895
vt 0.8846 0.6785
vt 0.8619 0.6309
vt 0.8521 0.6099
vt 0.8482 0.6116
vt 0.8423 0.5889
vt 0.8332 0.5692
vt 0.8298 0.5707
vt 0.7978 0.4981
vt 0.7226 0.4545
vt 0.7222 0.4560
vt 0.7372 0.4598
vt 0.7075 0.4501
vt 0.7053 0.4593
vt 0.7205 0.4633
vt 0.7053 0.4593
vt 0.7043 0.4639
vt 0.7195 0.4677
vt 0.6904 0.4544
vt 0.6889 0.4615
vt 0.6729 0.4600
vt 0.6746 0.4524
vt 0.6574 0.4534
vt 0.6602 0.4444
vt 0.6766 0.4444
vt 0.7075 0.4501
vt 0.6922 0.4469
vt 0.6904 0.4544
vt 0.6606 0.4423
vt 0.6602 0.4444
vt 0.6766 0.4444
vt 0.6440 0.4402
vt 0.6435 0.4425
vt 0.6602 0.4444
vt 0.6400 0.4521
vt 0.6383 0.4581
vt 0.6561 0.4591
vt 0.6574 0.4534
vt 0.6383 0.4581
vt 0.6400 0.4521
vt 0.6227 0.4475
vt 0.6192 0.4568
vt 0.5989 0.4549
vt 0.6035 0.4451
vt 0.5812 0.4450
vt 0.5891 0.4343
vt 0.6087 0.4350
vt 0.6435 0.4425
vt 0.6267 0.4378
vt 0.6227 0.4475
vt 0.5900 0.4318
vt 0.5891 0.4343
vt 0.6087 0.4350
vt 0.5714 0.4286
vt 0.5623 0.4382
vt 0.5812 0.4450
vt 0.5623 0.4382
vt 0.5551 0.4474
vt 0.5775 0.4521
vt 0.8424 0.2805
vt 0.8408 0.2896
vt 0.8323 0.2873
vt 0.8393 0.3017
vt 0.7863 0.2896
vt 0.7730 0.2908
vt 0.7714 0.2815
vt 0.7578 0.2926
vt 0.7557 0.2835
vt 0.7714 0.2815
vt 0.7853 0.2775
vt 0.7704 0.2732
vt 0.7557 0.2835
vt 0.7541 0.2751
vt 0.7704 0.2732
vt 0.7850 0.2720
vt 0.7974 0.2712
vt 0.7384 0.2862
vt 0.7364 0.2780
vt 0.7541 0.2751
vt 0.7174 0.2814
vt 0.7205 0.2921
vt 0.6986 0.2911
vt 0.6750 0.2910
vt 0.6986 0.2911
vt 0.7026 0.3022
vt 0.7026 0.3022
vt 0.7205 0.2921
vt 0.7224 0.2984
vt 0.7384 0.2862
vt 0.7409 0.2952
vt 0.7224 0.2984
vt 0.6819 0.3072
vt 0.6968 0.2855
vt 0.6565 0.3058
vt 0.6524 0.2985
vt 0.6750 0.2910
vt 0.6292 0.3082
vt 0.6359 0.3173
vt 0.6608 0.3141
vt 0.6359 0.3173
vt 0.6183 0.3347
vt 0.6120 0.3272
vt 0.5966 0.3504
vt 0.5892 0.3431
vt 0.6120 0.3272
vt 0.6120 0.3272
vt 0.6060 0.3204
vt 0.6292 0.3082
vt 0.5823 0.3365
vt 0.5823 0.3365
vt 0.5892 0.3431
vt 0.5655 0.3649
vt 0.5346 0.3851
vt 0.5579 0.3583
vt 0.5655 0.3649
vt 0.5444 0.3944
vt 0.5739 0.3721
vt 0.5512 0.3988
vt 0.6396 0.3232
vt 0.6819 0.3072
vt 0.7578 0.2926
vt 0.7853 0.2775
vt 0.8117 0.3681
vt 0.8221 0.3721
vt 0.8160 0.3815
vt 0.8193 0.3823
vt 0.8221 0.3721
vt 0.8171 0.3903
vt 0.8152 0.3991
vt 0.9165 0.3023
vt 0.9102 0.3023
vt 0.9102 0.2951
vt 0.9203 0.2951
vt 0.9102 0.3090
vt 0.9203 0.3023
vt 0.9203 0.2866
vt 0.9102 0.2866
vt 0.9102 0.2763
vt 0.9203 0.2635
vt 0.9203 0.2763
vt 0.9102 0.2763
vt 0.9102 0.2635
vt 0.9102 0.2478
vt 0.9203 0.2478
vt 0.9203 0.2635
vt 0.9203 0.2288
vt 0.9135 0.2288
vt 0.9102 0.2071
vt 0.9102 0.2288
vt 0.9203 0.2071
vt 0.9203 0.1830
vt 0.9102 0.1830
vt 0.9102 0.1569
vt 0.9203 0.1569
vt 0.9203 0.1830
vt 0.9203 0.1569
vt 0.9185 0.1294
vt 0.9203 0.1294
vt 0.9203 0.1021
vt 0.9102 0.1021
vt 0.9185 0.0769
vt 0.9203 0.0769
vt 0.9185 0.0769
vt 0.9185 0.0559
vt 0.9203 0.0559
vt 0.9203 0.0416
vt 0.9185 0.0416
vt 0.9185 0.0559
vt 0.9102 0.0559
vt 0.9102 0.0416
vt 0.9102 0.0323
vt 0.9185 0.0323
vt 0.9102 0.0323
vt 0.9102 0.0257
vt 0.9203 0.0257
vt 0.9185 0.0160
vt 0.9203 0.0160
vt 0.9203 0.0257
vt 0.9102 0.0160
vt 0.9185 0.0769
vt 0.9102 0.0769
vt 0.9102 0.0559
vt 0.9102 0.1294
vt 0.9102 0.1569
vt 0.9203 0.0416
vt 0.6713 0.9240
vt 0.6776 0.9240
vt 0.6776 0.9270
vt 0.6713 0.9296
vt 0.6776 0.9212
vt 0.6713 0.9240
vt 0.6713 0.9178
vt 0.6753 0.9178
vt 0.6776 0.9178
vt 0.6641 0.9178
vt 0.6641 0.9240
vt 0.6526 0.9240
vt 0.6526 0.9178
vt 0.6641 0.9178
vt 0.6376 0.9212
vt 0.6641 0.9296
vt 0.6526 0.9296
vt 0.6526 0.9240
vt 0.6376 0.9296
vt 0.6376 0.9345
vt 0.6641 0.9345
vt 0.6526 0.9345
vt 0.6526 0.9296
vt 0.6713 0.9296
vt 0.6713 0.9345
vt 0.6641 0.9345
vt 0.6776 0.9345
vt 0.6776 0.9296
vt 0.6202 0.9270
vt 0.6202 0.9345
vt 0.6202 0.9270
vt 0.6017 0.9270
vt 0.6017 0.9178
vt 0.5826 0.9270
vt 0.5826 0.9178
vt 0.6017 0.9178
vt 0.6202 0.9178
vt 0.6017 0.9345
vt 0.6017 0.9345
vt 0.5826 0.9345
vt 0.5826 0.9270
vt 0.5629 0.9212
vt 0.5629 0.9345
vt 0.5629 0.9345
vt 0.5432 0.9345
vt 0.5432 0.9296
vt 0.5238 0.9345
vt 0.5238 0.9296
vt 0.5629 0.9296
vt 0.5432 0.9296
vt 0.5432 0.9240
vt 0.5238 0.9296
vt 0.5238 0.9240
vt 0.5432 0.9240
vt 0.5432 0.9240
vt 0.5432 0.9178
vt 0.5629 0.9212
vt 0.5629 0.9178
vt 0.5238 0.9240
vt 0.5238 0.9178
vt 0.5432 0.9178
vt 0.5052 0.9178
vt 0.5052 0.9240
vt 0.4868 0.9178
vt 0.5052 0.9240
vt 0.5052 0.9296
vt 0.4868 0.9296
vt 0.4681 0.9240
vt 0.4868 0.9240
vt 0.4868 0.9296
vt 0.4681 0.9296
vt 0.4495 0.9296
vt 0.4495 0.9240
vt 0.4681 0.9240
vt 0.4681 0.9178
vt 0.4495 0.9178
vt 0.4313 0.9178
vt 0.4313 0.9240
vt 0.4313 0.9296
vt 0.4495 0.9296
vt 0.4495 0.9345
vt 0.4313 0.9345
vt 0.4313 0.9240
vt 0.4313 0.9296
vt 0.4134 0.9296
vt 0.3958 0.9296
vt 0.4134 0.9296
vt 0.4134 0.9345
vt 0.3958 0.9345
vt 0.3958 0.9240
vt 0.3958 0.9296
vt 0.3783 0.9296
vt 0.3783 0.9240
vt 0.3783 0.9178
vt 0.3958 0.9178
vt 0.4134 0.9178
vt 0.4313 0.9240
vt 0.4134 0.9240
vt 0.4134 0.9178
vt 0.3783 0.9345
vt 0.4681 0.9296
vt 0.4681 0.9345
vt 0.4495 0.9345
vt 0.4868 0.9345
vt 0.5052 0.9296
vt 0.5052 0.9345
vt 0.4868 0.9345
vt 0.5238 0.9345
vt 0.6376 0.9212
vt 0.6376 0.9178
vt 0.8582 0.9198
vt 0.8599 0.9107
vt 0.8824 0.9195
vt 0.8614 0.9032
vt 0.8842 0.9118
vt 0.8824 0.9195
vt 0.9015 0.9188
vt 0.8859 0.9052
vt 0.9032 0.9119
vt 0.9015 0.9188
vt 0.9138 0.9161
vt 0.9138 0.9161
vt 0.9191 0.9192
vt 0.9196 0.9271
vt 0.9196 0.9271
vt 0.9180 0.9348
vt 0.9099 0.9311
vt 0.8972 0.9361
vt 0.8995 0.9267
vt 0.9099 0.9311
vt 0.9156 0.9440
vt 0.9050 0.9501
vt 0.9074 0.9406
vt 0.9156 0.9440
vt 0.9131 0.9533
vt 0.9050 0.9501
vt 0.8949 0.9457
vt 0.8972 0.9361
vt 0.8783 0.9385
vt 0.8803 0.9289
vt 0.8972 0.9361
vt 0.8931 0.9537
vt 0.8767 0.9465
vt 0.8783 0.9385
vt 0.8554 0.9375
vt 0.8566 0.9294
vt 0.8783 0.9385
vt 0.8582 0.9198
vt 0.8566 0.9294
vt 0.8310 0.9193
vt 0.8037 0.9002
vt 0.8318 0.9099
vt 0.8310 0.9193
vt 0.8554 0.9375
vt 0.8303 0.9274
vt 0.8310 0.9193
vt 0.8035 0.9094
vt 0.7749 0.8837
vt 0.8040 0.8919
vt 0.8037 0.9002
vt 0.7757 0.9007
vt 0.7480 0.9007
vt 0.7474 0.8930
vt 0.7757 0.9007
vt 0.7753 0.8917
vt 0.8329 0.9011
vt 0.8329 0.9011
vt 0.8340 0.8942
vt 0.8614 0.9032
vt 0.8352 0.8885
vt 0.8630 0.8972
vt 0.8614 0.9032
vt 0.8352 0.8885
vt 0.8340 0.8942
vt 0.8045 0.8854
vt 0.8045 0.8854
vt 0.7745 0.8774
vt 0.7742 0.8720
vt 0.7431 0.8640
vt 0.7434 0.8694
vt 0.7115 0.8549
vt 0.7132 0.8680
vt 0.7103 0.8603
vt 0.7434 0.8694
vt 0.7749 0.8837
vt 0.7448 0.8760
vt 0.7434 0.8694
vt 0.7464 0.8842
vt 0.7464 0.8842
vt 0.7474 0.8930
vt 0.7186 0.8862
vt 0.7186 0.8862
vt 0.7195 0.8936
vt 0.6908 0.8870
vt 0.7200 0.9006
vt 0.7482 0.9079
vt 0.6916 0.8938
vt 0.6633 0.8871
vt 0.6625 0.8802
vt 0.6908 0.8870
vt 0.6614 0.8730
vt 0.6897 0.8798
vt 0.6908 0.8870
vt 0.6871 0.8706
vt 0.6310 0.8558
vt 0.6587 0.8633
vt 0.6614 0.8730
vt 0.6614 0.8730
vt 0.6625 0.8802
vt 0.6344 0.8735
vt 0.6344 0.8735
vt 0.6069 0.8671
vt 0.6061 0.8592
vt 0.6310 0.8558
vt 0.6335 0.8660
vt 0.6061 0.8592
vt 0.5780 0.8423
vt 0.6040 0.8486
vt 0.6061 0.8592
vt 0.5802 0.8614
vt 0.5796 0.8532
vt 0.6061 0.8592
vt 0.5541 0.8486
vt 0.5546 0.8569
vt 0.5541 0.8486
vt 0.5529 0.8377
vt 0.5780 0.8423
vt 0.5502 0.8250
vt 0.5502 0.8250
vt 0.5267 0.8222
vt 0.5233 0.8092
vt 0.5039 0.8206
vt 0.5019 0.8080
vt 0.5233 0.8092
vt 0.5454 0.8114
vt 0.5681 0.8150
vt 0.5994 0.8356
vt 0.5744 0.8293
vt 0.5681 0.8150
vt 0.5681 0.8150
vt 0.5584 0.8004
vt 0.5795 0.8046
vt 0.6159 0.8281
vt 0.5915 0.8207
vt 0.5795 0.8046
vt 0.6007 0.8103
vt 0.6530 0.8516
vt 0.6255 0.8432
vt 0.6159 0.8281
vt 0.6216 0.8173
vt 0.6415 0.8368
vt 0.6159 0.8281
vt 0.6530 0.8516
vt 0.6415 0.8368
vt 0.6717 0.8465
vt 0.6216 0.8173
vt 0.6381 0.8229
vt 0.6717 0.8465
vt 0.6819 0.8600
vt 0.6717 0.8465
vt 0.6801 0.8429
vt 0.7115 0.8549
vt 0.6492 0.8250
vt 0.6197 0.8043
vt 0.6492 0.8250
vt 0.6381 0.8229
vt 0.6098 0.8011
vt 0.6216 0.8173
vt 0.6007 0.8103
vt 0.5823 0.7920
vt 0.5756 0.7788
vt 0.5978 0.7968
vt 0.5823 0.7920
vt 0.5632 0.7756
vt 0.5457 0.7598
vt 0.5212 0.7430
vt 0.5318 0.7436
vt 0.5457 0.7598
vt 0.5407 0.7450
vt 0.5561 0.7620
vt 0.5457 0.7598
vt 0.5488 0.7728
vt 0.5488 0.7728
vt 0.5334 0.7713
vt 0.5206 0.7573
vt 0.5212 0.7430
vt 0.5336 0.7579
vt 0.5206 0.7573
vt 0.4978 0.7475
vt 0.5096 0.7440
vt 0.5206 0.7573
vt 0.5074 0.7590
vt 0.4995 0.7318
vt 0.4978 0.7475
vt 0.4867 0.7526
vt 0.4811 0.7442
vt 0.4811 0.7442
vt 0.4738 0.7372
vt 0.4810 0.7279
vt 0.4625 0.7322
vt 0.4411 0.7437
vt 0.4514 0.7297
vt 0.4625 0.7322
vt 0.4610 0.7178
vt 0.4414 0.7293
vt 0.4508 0.7168
vt 0.4610 0.7178
vt 0.4505 0.7061
vt 0.4686 0.7075
vt 0.4808 0.7099
vt 0.4810 0.7279
vt 0.4723 0.7212
vt 0.4808 0.7099
vt 0.4727 0.6986
vt 0.4807 0.6990
vt 0.4808 0.7099
vt 0.4887 0.6984
vt 0.4930 0.7073
vt 0.4808 0.7099
vt 0.4895 0.7210
vt 0.4883 0.7371
vt 0.4811 0.7442
vt 0.4757 0.7527
vt 0.4646 0.7478
vt 0.4419 0.7580
vt 0.4527 0.7446
vt 0.4646 0.7478
vt 0.4551 0.7595
vt 0.4419 0.7580
vt 0.4294 0.7722
vt 0.4140 0.7740
vt 0.4140 0.7740
vt 0.3983 0.7897
vt 0.3809 0.7938
vt 0.3840 0.8063
vt 0.4166 0.7868
vt 0.4448 0.7721
vt 0.4345 0.7854
vt 0.4166 0.7868
vt 0.4049 0.8017
vt 0.3840 0.8063
vt 0.3723 0.8226
vt 0.3481 0.8303
vt 0.3646 0.8375
vt 0.3388 0.8455
vt 0.3481 0.8303
vt 0.3116 0.8544
vt 0.3227 0.8394
vt 0.3481 0.8303
vt 0.3630 0.8123
vt 0.3955 0.8165
vt 0.4254 0.7988
vt 0.4181 0.8124
vt 0.3955 0.8165
vt 0.3955 0.8165
vt 0.3895 0.8308
vt 0.3646 0.8375
vt 0.3646 0.8375
vt 0.3603 0.8505
vt 0.3336 0.8581
vt 0.3336 0.8581
vt 0.3061 0.8661
vt 0.3116 0.8544
vt 0.2780 0.8738
vt 0.3036 0.8757
vt 0.2756 0.8830
vt 0.2780 0.8738
vt 0.2488 0.8810
vt 0.2521 0.8717
vt 0.2196 0.8884
vt 0.1909 0.9053
vt 0.1911 0.8964
vt 0.2196 0.8884
vt 0.2187 0.8972
vt 0.1640 0.9224
vt 0.1637 0.9145
vt 0.1909 0.9053
vt 0.1908 0.9132
vt 0.1910 0.9204
vt 0.2183 0.9048
vt 0.2182 0.9119
vt 0.1910 0.9204
vt 0.1645 0.9297
vt 0.1368 0.9248
vt 0.1377 0.9328
vt 0.1368 0.9248
vt 0.1118 0.9353
vt 0.1101 0.9259
vt 0.1101 0.9259
vt 0.0885 0.9354
vt 0.0862 0.9261
vt 0.0674 0.9259
vt 0.0842 0.9186
vt 0.0862 0.9261
vt 0.1082 0.9169
vt 0.1345 0.9070
vt 0.1358 0.9156
vt 0.1101 0.9259
vt 0.0906 0.9447
vt 0.0720 0.9429
vt 0.0906 0.9447
vt 0.1118 0.9353
vt 0.1132 0.9432
vt 0.1145 0.9505
vt 0.1132 0.9432
vt 0.1377 0.9328
vt 0.1386 0.9401
vt 0.0924 0.9526
vt 0.0765 0.9600
vt 0.0745 0.9522
vt 0.0906 0.9447
vt 0.0720 0.9429
vt 0.0745 0.9522
vt 0.0646 0.9568
vt 0.0541 0.9510
vt 0.0621 0.9474
vt 0.0646 0.9568
vt 0.0617 0.9664
vt 0.0568 0.9601
vt 0.0646 0.9568
vt 0.0593 0.9675
vt 0.0636 0.9733
vt 0.0765 0.9600
vt 0.0784 0.9672
vt 0.0636 0.9733
vt 0.0941 0.9598
vt 0.0720 0.9429
vt 0.0621 0.9474
vt 0.0595 0.9382
vt 0.0595 0.9382
vt 0.0572 0.9305
vt 0.0674 0.9259
vt 0.0552 0.9235
vt 0.0498 0.9344
vt 0.0498 0.9344
vt 0.0489 0.9298
vt 0.0501 0.9267
vt 0.0595 0.9382
vt 0.0516 0.9420
vt 0.0498 0.9344
vt 0.0696 0.9336
vt 0.0655 0.9191
vt 0.0824 0.9122
vt 0.0842 0.9186
vt 0.0824 0.9122
vt 0.1048 0.9037
vt 0.1065 0.9097
vt 0.1065 0.9097
vt 0.1332 0.9002
vt 0.1345 0.9070
vt 0.1622 0.8908
vt 0.1622 0.8908
vt 0.1616 0.8854
vt 0.1918 0.8770
vt 0.1916 0.8824
vt 0.1918 0.8770
vt 0.2224 0.8684
vt 0.2222 0.8738
vt 0.1622 0.8908
vt 0.1916 0.8824
vt 0.1914 0.8885
vt 0.1628 0.8973
vt 0.1320 0.8946
vt 0.1633 0.9054
vt 0.1914 0.8885
vt 0.2209 0.8803
vt 0.2196 0.8884
vt 0.2471 0.8899
vt 0.2471 0.8899
vt 0.2463 0.8973
vt 0.2183 0.9048
vt 0.2747 0.8902
vt 0.2459 0.9042
vt 0.2740 0.8970
vt 0.3020 0.8898
vt 0.3027 0.8830
vt 0.3305 0.8758
vt 0.3305 0.8758
vt 0.3313 0.8683
vt 0.3584 0.8611
vt 0.3862 0.8439
vt 0.3847 0.8547
vt 0.3584 0.8611
vt 0.3842 0.8629
vt 0.3578 0.8690
vt 0.3584 0.8611
vt 0.3572 0.8762
vt 0.4093 0.8655
vt 0.3838 0.8703
vt 0.3842 0.8629
vt 0.4097 0.8580
vt 0.4343 0.8544
vt 0.4341 0.8619
vt 0.4343 0.8544
vt 0.4583 0.8521
vt 0.4582 0.8596
vt 0.4820 0.8512
vt 0.4821 0.8587
vt 0.4582 0.8596
vt 0.5060 0.8593
vt 0.5056 0.8434
vt 0.5058 0.8517
vt 0.4820 0.8512
vt 0.4820 0.8428
vt 0.5056 0.8434
vt 0.5051 0.8327
vt 0.5287 0.8345
vt 0.5296 0.8453
vt 0.4819 0.8321
vt 0.5299 0.8537
vt 0.5551 0.8644
vt 0.5302 0.8612
vt 0.5299 0.8537
vt 0.5802 0.8614
vt 0.5807 0.8688
vt 0.5551 0.8644
vt 0.6076 0.8743
vt 0.6352 0.8805
vt 0.6076 0.8743
vt 0.6069 0.8671
vt 0.4819 0.8321
vt 0.4820 0.8428
vt 0.4584 0.8437
vt 0.4584 0.8437
vt 0.4344 0.8460
vt 0.4352 0.8353
vt 0.4587 0.8330
vt 0.4819 0.8321
vt 0.4587 0.8330
vt 0.4597 0.8209
vt 0.4597 0.8209
vt 0.4369 0.8229
vt 0.4401 0.8099
vt 0.4254 0.7988
vt 0.4453 0.7972
vt 0.4401 0.8099
vt 0.4136 0.8261
vt 0.4181 0.8124
vt 0.4401 0.8099
vt 0.4615 0.8083
vt 0.4818 0.8201
vt 0.5039 0.8206
vt 0.4818 0.8201
vt 0.4817 0.8077
vt 0.4986 0.7959
vt 0.5019 0.8080
vt 0.4817 0.8077
vt 0.4816 0.7959
vt 0.4986 0.7959
vt 0.4945 0.7847
vt 0.5111 0.7844
vt 0.5379 0.7979
vt 0.5179 0.7966
vt 0.5111 0.7844
vt 0.5180 0.7715
vt 0.5285 0.7846
vt 0.5111 0.7844
vt 0.5034 0.7728
vt 0.5180 0.7715
vt 0.5334 0.7713
vt 0.5465 0.7857
vt 0.5488 0.7728
vt 0.5648 0.7883
vt 0.5465 0.7857
vt 0.4951 0.7621
vt 0.5074 0.7590
vt 0.5180 0.7715
vt 0.4951 0.7621
vt 0.4848 0.7658
vt 0.4813 0.7585
vt 0.4779 0.7658
vt 0.4675 0.7623
vt 0.4675 0.7623
vt 0.4594 0.7731
vt 0.4448 0.7721
vt 0.4519 0.7849
vt 0.4726 0.7747
vt 0.4685 0.7849
vt 0.4519 0.7849
vt 0.4646 0.7962
vt 0.4815 0.7850
vt 0.4815 0.7850
vt 0.4814 0.7755
vt 0.4902 0.7745
vt 0.4848 0.7658
vt 0.4726 0.7747
vt 0.5034 0.7728
vt 0.5233 0.8092
vt 0.5287 0.8345
vt 0.4136 0.8261
vt 0.4111 0.8388
vt 0.3862 0.8439
vt 0.4100 0.8497
vt 0.3423 0.8196
vt 0.3423 0.8196
vt 0.3655 0.7988
vt 0.3809 0.7938
vt 0.3997 0.7770
vt 0.4170 0.7609
vt 0.4290 0.7588
vt 0.4140 0.7740
vt 0.4170 0.7609
vt 0.3997 0.7770
vt 0.3874 0.7805
vt 0.3537 0.8033
vt 0.3780 0.7836
vt 0.3874 0.7805
vt 0.3912 0.7671
vt 0.4065 0.7633
vt 0.3874 0.7805
vt 0.4216 0.7461
vt 0.4090 0.7492
vt 0.4216 0.7461
vt 0.4335 0.7302
vt 0.4414 0.7293
vt 0.4430 0.7170
vt 0.4305 0.7445
vt 0.4229 0.7329
vt 0.4229 0.7329
vt 0.4330 0.7185
vt 0.4430 0.7170
vt 0.4405 0.7062
vt 0.4405 0.7062
vt 0.4465 0.6966
vt 0.4638 0.6978
vt 0.4727 0.6986
vt 0.4638 0.6978
vt 0.4674 0.6899
vt 0.4633 0.6809
vt 0.4674 0.6899
vt 0.4512 0.6883
vt 0.4544 0.6799
vt 0.4568 0.6706
vt 0.4711 0.6611
vt 0.4648 0.6716
vt 0.4568 0.6706
vt 0.4593 0.6598
vt 0.4617 0.6467
vt 0.4720 0.6477
vt 0.4711 0.6611
vt 0.4839 0.6479
vt 0.4884 0.6475
vt 0.4839 0.6479
vt 0.4833 0.6311
vt 0.4833 0.6311
vt 0.4692 0.6306
vt 0.4655 0.6099
vt 0.4819 0.5860
vt 0.4826 0.6106
vt 0.4655 0.6099
vt 0.4637 0.6302
vt 0.4672 0.5854
vt 0.4918 0.5851
vt 0.4819 0.5860
vt 0.4899 0.5572
vt 0.4813 0.5580
vt 0.4809 0.5273
vt 0.4889 0.5265
vt 0.4899 0.5572
vt 0.4806 0.4949
vt 0.4745 0.5271
vt 0.4809 0.5273
vt 0.4813 0.5580
vt 0.4685 0.5573
vt 0.4691 0.5266
vt 0.4697 0.4943
vt 0.4757 0.4619
vt 0.4806 0.4949
vt 0.4697 0.4943
vt 0.4717 0.4613
vt 0.4757 0.4619
vt 0.4766 0.4315
vt 0.4814 0.4315
vt 0.4859 0.4614
vt 0.4814 0.4315
vt 0.4847 0.4310
vt 0.4855 0.4060
vt 0.4819 0.4619
vt 0.4769 0.4063
vt 0.4829 0.3880
vt 0.4821 0.4064
vt 0.4769 0.4063
vt 0.4770 0.3878
vt 0.4773 0.3768
vt 0.4833 0.3769
vt 0.4829 0.3880
vt 0.4867 0.3876
vt 0.4833 0.3769
vt 0.4873 0.3763
vt 0.4867 0.3876
vt 0.4862 0.3697
vt 0.4823 0.3705
vt 0.4862 0.3697
vt 0.4844 0.3653
vt 0.4886 0.3657
vt 0.4877 0.3608
vt 0.4837 0.3608
vt 0.4768 0.3652
vt 0.4765 0.3608
vt 0.4837 0.3608
vt 0.4729 0.3608
vt 0.4765 0.3608
vt 0.4727 0.3654
vt 0.4727 0.3654
vt 0.4748 0.3694
vt 0.4733 0.3759
vt 0.4732 0.3872
vt 0.4733 0.3759
vt 0.4773 0.3768
vt 0.4773 0.3768
vt 0.4748 0.3694
vt 0.4786 0.3704
vt 0.4769 0.4063
vt 0.4734 0.4057
vt 0.4732 0.3872
vt 0.4766 0.4315
vt 0.4733 0.4309
vt 0.4734 0.4057
vt 0.4859 0.4614
vt 0.4879 0.4942
vt 0.4806 0.4949
vt 0.4717 0.4613
vt 0.4855 0.4060
vt 0.4940 0.6096
vt 0.4940 0.6096
vt 0.4963 0.6298
vt 0.4908 0.6304
vt 0.4987 0.6463
vt 0.4884 0.6475
vt 0.4908 0.6304
vt 0.4896 0.6609
vt 0.5014 0.6594
vt 0.5041 0.6701
vt 0.5041 0.6701
vt 0.5067 0.6794
vt 0.4978 0.6806
vt 0.5100 0.6877
vt 0.4976 0.6975
vt 0.4938 0.6896
vt 0.5100 0.6877
vt 0.5148 0.6959
vt 0.5211 0.7054
vt 0.5188 0.7163
vt 0.5110 0.7055
vt 0.5211 0.7054
vt 0.5288 0.7176
vt 0.5392 0.7318
vt 0.5285 0.7293
vt 0.5188 0.7163
vt 0.5110 0.7163
vt 0.5008 0.7175
vt 0.4930 0.7073
vt 0.5110 0.7055
vt 0.5008 0.7175
vt 0.5106 0.7292
vt 0.4995 0.7318
vt 0.5206 0.7286
vt 0.5392 0.7318
vt 0.5534 0.7479
vt 0.5407 0.7450
vt 0.5716 0.7655
vt 0.5938 0.7844
vt 0.5851 0.7818
vt 0.5716 0.7655
vt 0.4856 0.6817
vt 0.4978 0.6806
vt 0.4938 0.6896
vt 0.4806 0.6903
vt 0.4938 0.6896
vt 0.4887 0.6984
vt 0.4806 0.6903
vt 0.4674 0.6899
vt 0.4755 0.6818
vt 0.4755 0.6818
vt 0.4759 0.6724
vt 0.4850 0.6724
vt 0.4961 0.6713
vt 0.4850 0.6724
vt 0.4845 0.6614
vt 0.4961 0.6713
vt 0.4711 0.6611
vt 0.4617 0.6467
vt 0.4633 0.6809
vt 0.4826 0.6106
vt 0.5110 0.7055
vt 0.5318 0.7436
vt 0.6098 0.8011
vt 0.6197 0.8043
vt 0.3423 0.8196
vt 0.3259 0.8255
vt 0.3537 0.8033
vt 0.3537 0.8033
vt 0.3439 0.8067
vt 0.3694 0.7864
vt 0.3259 0.8255
vt 0.3149 0.8279
vt 0.3439 0.8067
vt 0.2929 0.8497
vt 0.2929 0.8497
vt 0.2548 0.8641
vt 0.2535 0.8587
vt 0.2845 0.8462
vt 0.3116 0.8544
vt 0.2830 0.8632
vt 0.2929 0.8497
vt 0.2521 0.8717
vt 0.2222 0.8738
vt 0.2209 0.8803
vt 0.3298 0.8828
vt 0.3305 0.8758
vt 0.3578 0.8690
vt 0.4344 0.8460
vt 0.9661 0.8300
vt 0.9661 0.8257
vt 0.9797 0.8219
vt 0.9796 0.8267
vt 0.9661 0.8300
vt 0.9722 0.8365
vt 0.9664 0.8381
vt 0.9795 0.8346
vt 0.9879 0.8326
vt 0.9795 0.8346
vt 0.9796 0.8267
vt 0.9881 0.8247
vt 0.9883 0.8208
vt 0.9883 0.8208
vt 0.9797 0.8219
vt 0.9759 0.8159
vt 0.9661 0.8257
vt 0.9660 0.8205
vt 0.9759 0.8159
vt 0.9759 0.8159
vt 0.9759 0.8066
vt 0.9896 0.8084
vt 0.9868 0.7902
vt 0.9872 0.8001
vt 0.9896 0.8084
vt 0.9827 0.7932
vt 0.9864 0.7784
vt 0.9864 0.7784
vt 0.9792 0.7798
vt 0.9860 0.7666
vt 0.9859 0.7511
vt 0.9858 0.7568
vt 0.9860 0.7666
vt 0.9703 0.7557
vt 0.9735 0.7474
vt 0.9735 0.7474
vt 0.9631 0.7468
vt 0.9625 0.7431
vt 0.9682 0.7391
vt 0.9788 0.7375
vt 0.9862 0.7440
vt 0.9735 0.7474
vt 0.9764 0.7413
vt 0.9788 0.7375
vt 0.9682 0.7391
vt 0.9772 0.7320
vt 0.9827 0.7312
vt 0.9668 0.7334
vt 0.9614 0.7380
vt 0.9606 0.7344
vt 0.9668 0.7334
vt 0.9843 0.7366
vt 0.9862 0.7440
vt 0.9877 0.7477
vt 0.9859 0.7511
vt 0.9614 0.7541
vt 0.9631 0.7468
vt 0.9703 0.7557
vt 0.9712 0.7675
vt 0.9639 0.7701
vt 0.9703 0.7557
vt 0.9628 0.7601
vt 0.9645 0.7823
vt 0.9720 0.7953
vt 0.9645 0.7823
vt 0.9792 0.7798
vt 0.9645 0.7946
vt 0.9632 0.8114
vt 0.9660 0.8205
vt 0.9658 0.8159
vt 0.9632 0.8114
vt 0.9640 0.8050
vt 0.9759 0.8066
vt 0.9886 0.8133
vt 0.9826 0.3709
vt 0.9825 0.3523
vt 0.9875 0.3522
vt 0.9824 0.3336
vt 0.9770 0.3149
vt 0.9822 0.3149
vt 0.9824 0.3336
vt 0.9874 0.3336
vt 0.9876 0.3709
vt 0.9772 0.3523
vt 0.9826 0.3709
vt 0.9751 0.3710
vt 0.9716 0.3710
vt 0.9774 0.3897
vt 0.9718 0.4090
vt 0.9717 0.3897
vt 0.9774 0.3897
vt 0.9774 0.3897
vt 0.9827 0.3896
vt 0.9802 0.4090
vt 0.9802 0.4090
vt 0.9878 0.4089
vt 0.9879 0.4289
vt 0.9830 0.4499
vt 0.9829 0.4290
vt 0.9879 0.4289
vt 0.9880 0.4499
vt 0.9778 0.4499
vt 0.9830 0.4499
vt 0.9779 0.4714
vt 0.9852 0.4714
vt 0.9722 0.4715
vt 0.9720 0.4500
vt 0.9719 0.4290
vt 0.9802 0.4090
vt 0.9777 0.4290
vt 0.9719 0.4290
vt 0.9877 0.3896
vt 0.9807 0.4932
vt 0.9723 0.4933
vt 0.9722 0.4715
vt 0.9724 0.5153
vt 0.9807 0.4932
vt 0.9834 0.5152
vt 0.9808 0.5152
vt 0.9724 0.5153
vt 0.9808 0.5152
vt 0.9810 0.5372
vt 0.9725 0.5373
vt 0.9727 0.5592
vt 0.9784 0.5592
vt 0.9812 0.5809
vt 0.9812 0.5809
vt 0.9813 0.6023
vt 0.9743 0.6023
vt 0.9743 0.6023
vt 0.9745 0.6236
vt 0.9730 0.6236
vt 0.9746 0.6436
vt 0.9731 0.6436
vt 0.9746 0.6436
vt 0.9747 0.6606
vt 0.9732 0.6606
vt 0.9747 0.6738
vt 0.9817 0.6606
vt 0.9817 0.6606
vt 0.9841 0.6435
vt 0.9892 0.6435
vt 0.9815 0.6235
vt 0.9789 0.6436
vt 0.9890 0.6235
vt 0.9893 0.6606
vt 0.9893 0.6737
vt 0.9818 0.6738
vt 0.9817 0.6606
vt 0.9747 0.6738
vt 0.9818 0.6738
vt 0.9818 0.6818
vt 0.9818 0.6818
vt 0.9894 0.6818
vt 0.9894 0.6860
vt 0.9844 0.6860
vt 0.9818 0.6860
vt 0.9769 0.6860
vt 0.9818 0.6818
vt 0.9748 0.6818
vt 0.9734 0.6861
vt 0.9734 0.6861
vt 0.9733 0.6738
vt 0.9747 0.6738
vt 0.9839 0.6023
vt 0.9889 0.6022
vt 0.9890 0.6235
vt 0.9888 0.5808
vt 0.9858 0.5809
vt 0.9857 0.5591
vt 0.9887 0.5591
vt 0.9888 0.5808
vt 0.9885 0.5372
vt 0.9835 0.5372
vt 0.9834 0.5152
vt 0.9884 0.5152
vt 0.9885 0.5372
vt 0.9883 0.4932
vt 0.9852 0.4714
vt 0.9882 0.4714
vt 0.9883 0.4932
vt 0.9880 0.4499
vt 0.9893 0.6737
vt 0.9746 0.6436
vt 0.9729 0.6023
vt 0.9728 0.5809
vt 0.9083 0.9598
vt 0.8931 0.9537
vt 0.9083 0.9598
vt 0.9065 0.9669
vt 0.8913 0.9610
vt 0.8751 0.9538
vt 0.8751 0.9538
vt 0.8542 0.9449
vt 0.8554 0.9375
vt 0.8542 0.9449
vt 0.8295 0.9348
vt 0.8303 0.9274
vt 0.8034 0.9175
vt 0.8029 0.9249
vt 0.8034 0.9175
vt 0.7760 0.9086
vt 0.7757 0.9007
vt 0.7759 0.9159
vt 0.9107 0.9609
vt 0.8329 0.9011
vt 0.9015 0.9188
vt 0.9119 0.9232
vt 0.9099 0.9311
vt 0.9204 0.9224
vt 0.8630 0.8972
vt 0.8050 0.8799
vt 0.7167 0.8773
vt 0.7482 0.9079
vt 0.7132 0.8680
vt 0.6871 0.8706
vt 0.6587 0.8633
vt 0.6352 0.8805
vt 0.6335 0.8660
vt 0.5994 0.8356
vt 0.9203 0.3357
vt 0.9165 0.3357
vt 0.9165 0.3247
vt 0.9102 0.3357
vt 0.9203 0.3162
vt 0.9203 0.3247
vt 0.9165 0.3247
vt 0.9165 0.3247
vt 0.9102 0.3247
vt 0.9102 0.3162
vt 0.9102 0.3090
vt 0.9203 0.3090
vt 0.9203 0.3162
vt 0.9102 0.3491
vt 0.9203 0.3491
vt 0.9102 0.3491
vt 0.9203 0.3491
vt 0.9203 0.3651
vt 0.9203 0.3839
vt 0.9149 0.3839
vt 0.9203 0.3651
vt 0.9102 0.3651
vt 0.9102 0.3839
vt 0.9149 0.4054
vt 0.9102 0.4294
vt 0.9102 0.4054
vt 0.9149 0.4054
vt 0.9203 0.4294
vt 0.9165 0.4294
vt 0.9149 0.4054
vt 0.9203 0.3839
vt 0.9203 0.4054
vt 0.9149 0.4054
vt 0.9102 0.4294
vt 0.9165 0.4294
vt 0.9149 0.4559
vt 0.9149 0.4559
vt 0.9203 0.4559
vt 0.9203 0.4819
vt 0.9102 0.4819
vt 0.9149 0.5067
vt 0.9102 0.5067
vt 0.9102 0.4819
vt 0.9102 0.4559
vt 0.9102 0.5319
vt 0.9149 0.5067
vt 0.9203 0.5067
vt 0.9203 0.5319
vt 0.9149 0.5579
vt 0.9165 0.5319
vt 0.9203 0.5319
vt 0.9203 0.5579
vt 0.9149 0.5579
vt 0.9149 0.5847
vt 0.9102 0.5847
vt 0.9149 0.6120
vt 0.9102 0.6120
vt 0.9102 0.5847
vt 0.9102 0.5579
vt 0.9203 0.5847
vt 0.9203 0.5847
vt 0.9203 0.6120
vt 0.9149 0.6120
vt 0.9102 0.6375
vt 0.9165 0.6375
vt 0.9203 0.6375
vt 0.9203 0.6588
vt 0.9165 0.6375
vt 0.9203 0.6375
vt 0.9135 0.6588
vt 0.9135 0.6751
vt 0.9203 0.6588
vt 0.9203 0.6751
vt 0.9190 0.6751
vt 0.9203 0.6850
vt 0.9203 0.6850
vt 0.9203 0.6904
vt 0.9177 0.6904
vt 0.9135 0.6904
vt 0.9135 0.6850
vt 0.9135 0.6904
vt 0.9102 0.6904
vt 0.9102 0.6850
vt 0.9102 0.6751
vt 0.9135 0.6751
vt 0.9135 0.6850
vt 0.9102 0.6751
vt 0.9102 0.6588
vt 0.9135 0.6588
vt 0.9102 0.6375
vt 0.9102 0.5319
vt 0.9203 0.4819
vt 0.9514 0.2478
vt 0.9514 0.2635
vt 0.9413 0.2635
vt 0.9514 0.2763
vt 0.9413 0.2763
vt 0.9413 0.2635
vt 0.9413 0.2478
vt 0.9413 0.2288
vt 0.9413 0.2288
vt 0.9413 0.2071
vt 0.9514 0.2071
vt 0.9413 0.1830
vt 0.9514 0.1830
vt 0.9514 0.2071
vt 0.9514 0.2071
vt 0.9514 0.2288
vt 0.9481 0.2288
vt 0.9514 0.1569
vt 0.9413 0.1569
vt 0.9430 0.1294
vt 0.9514 0.1294
vt 0.9514 0.1569
vt 0.9514 0.1021
vt 0.9413 0.1021
vt 0.9413 0.1294
vt 0.9413 0.1021
vt 0.9413 0.0769
vt 0.9430 0.0769
vt 0.9430 0.0769
vt 0.9430 0.0559
vt 0.9514 0.0559
vt 0.9430 0.0416
vt 0.9514 0.0416
vt 0.9514 0.0559
vt 0.9514 0.0769
vt 0.9514 0.0323
vt 0.9430 0.0323
vt 0.9413 0.0416
vt 0.9430 0.0559
vt 0.9413 0.0559
vt 0.9413 0.0416
vt 0.9413 0.0257
vt 0.9514 0.0257
vt 0.9514 0.0160
vt 0.9514 0.0257
vt 0.9413 0.0257
vt 0.9413 0.0257
vt 0.9413 0.0160
vt 0.9430 0.0160
vt 0.9413 0.2866
vt 0.9514 0.2866
vt 0.9514 0.2951
vt 0.9413 0.3023
vt 0.9413 0.2951
vt 0.9514 0.2951
vt 0.9514 0.3023
vt 0.9514 0.3090
vt 0.9413 0.3090
vt 0.9413 0.3090
vt 0.9451 0.3162
vt 0.9413 0.3162
vt 0.9451 0.3247
vt 0.9451 0.3247
vt 0.9514 0.3357
vt 0.9413 0.3357
vt 0.9514 0.3491
vt 0.9514 0.3651
vt 0.9451 0.3651
vt 0.9514 0.3491
vt 0.9413 0.3491
vt 0.9413 0.3247
vt 0.9514 0.3247
vt 0.9514 0.3162
vt 0.9413 0.3491
vt 0.9451 0.3651
vt 0.9413 0.3651
vt 0.9413 0.3839
vt 0.9466 0.3839
vt 0.9466 0.4054
vt 0.9413 0.4294
vt 0.9413 0.4054
vt 0.9466 0.4054
vt 0.9451 0.4294
vt 0.9466 0.4559
vt 0.9514 0.4294
vt 0.9514 0.4559
vt 0.9466 0.4559
vt 0.9413 0.4819
vt 0.9413 0.4559
vt 0.9466 0.4559
vt 0.9514 0.4819
vt 0.9466 0.5067
vt 0.9514 0.5067
vt 0.9466 0.5067
vt 0.9451 0.5319
vt 0.9413 0.5319
vt 0.9413 0.5067
vt 0.9514 0.5319
vt 0.9514 0.5319
vt 0.9514 0.5579
vt 0.9466 0.5579
vt 0.9413 0.5847
vt 0.9413 0.5579
vt 0.9466 0.5579
vt 0.9466 0.5847
vt 0.9466 0.6120
vt 0.9413 0.6120
vt 0.9413 0.5847
vt 0.9413 0.6375
vt 0.9466 0.6120
vt 0.9466 0.5847
vt 0.9514 0.5847
vt 0.9514 0.6120
vt 0.9514 0.6375
vt 0.9451 0.6375
vt 0.9481 0.6588
vt 0.9413 0.6588
vt 0.9481 0.6588
vt 0.9481 0.6751
vt 0.9426 0.6751
vt 0.9413 0.6751
vt 0.9413 0.6850
vt 0.9451 0.6904
vt 0.9413 0.6904
vt 0.9451 0.6904
vt 0.9481 0.6850
vt 0.9481 0.6904
vt 0.9514 0.6904
vt 0.9514 0.6850
vt 0.9514 0.6751
vt 0.9481 0.6588
vt 0.9514 0.6588
vt 0.9514 0.6751
vt 0.9413 0.6375
vt 0.9811 0.1237
vt 0.9833 0.1454
vt 0.9760 0.1454
vt 0.9703 0.1455
vt 0.9760 0.1454
vt 0.9789 0.1674
vt 0.9835 0.1673
vt 0.9786 0.1237
vt 0.9862 0.1237
vt 0.9811 0.1237
vt 0.9810 0.1023
vt 0.9861 0.1022
vt 0.9862 0.1237
vt 0.9863 0.1454
vt 0.9833 0.1454
vt 0.9864 0.1673
vt 0.9835 0.1673
vt 0.9833 0.1454
vt 0.9790 0.1894
vt 0.9815 0.1894
vt 0.9817 0.2113
vt 0.9766 0.2332
vt 0.9791 0.2113
vt 0.9817 0.2113
vt 0.9838 0.2331
vt 0.9708 0.2332
vt 0.9794 0.2547
vt 0.9709 0.2547
vt 0.9708 0.2332
vt 0.9707 0.2114
vt 0.9705 0.1894
vt 0.9790 0.1894
vt 0.9791 0.2113
vt 0.9705 0.1894
vt 0.9704 0.1674
vt 0.9789 0.1674
vt 0.9710 0.2757
vt 0.9820 0.2756
vt 0.9768 0.2756
vt 0.9794 0.2547
vt 0.9840 0.2547
vt 0.9869 0.2546
vt 0.9840 0.2547
vt 0.9838 0.2331
vt 0.9867 0.2113
vt 0.9815 0.1894
vt 0.9866 0.1893
vt 0.9867 0.2113
vt 0.9868 0.2331
vt 0.9871 0.2756
vt 0.9796 0.2956
vt 0.9820 0.2756
vt 0.9871 0.2756
vt 0.9872 0.2956
vt 0.9796 0.2956
vt 0.9712 0.2957
vt 0.9710 0.2757
vt 0.9770 0.3149
vt 0.9713 0.3150
vt 0.9712 0.2957
vt 0.9714 0.3337
vt 0.9771 0.3337
vt 0.9772 0.3523
vt 0.9715 0.3523
vt 0.9714 0.3337
vt 0.9873 0.3149
vt 0.9877 0.3896
vt 0.9484 0.7928
vt 0.9333 0.7918
vt 0.9337 0.7779
vt 0.9269 0.7647
vt 0.9418 0.7656
vt 0.9337 0.7779
vt 0.9484 0.7805
vt 0.9265 0.7765
vt 0.9265 0.7765
vt 0.9333 0.7918
vt 0.9261 0.7883
vt 0.9234 0.8066
vt 0.9258 0.7982
vt 0.9261 0.7883
vt 0.9370 0.8140
vt 0.9244 0.8115
vt 0.9234 0.8066
vt 0.9333 0.7918
vt 0.9370 0.8047
vt 0.9234 0.8066
vt 0.9370 0.8140
vt 0.9370 0.8047
vt 0.9497 0.8095
vt 0.9469 0.8186
vt 0.9468 0.8238
vt 0.9332 0.8201
vt 0.9468 0.8238
vt 0.9468 0.8282
vt 0.9334 0.8248
vt 0.9247 0.8190
vt 0.9250 0.8307
vt 0.9248 0.8229
vt 0.9334 0.8248
vt 0.9334 0.8328
vt 0.9468 0.8282
vt 0.9407 0.8346
vt 0.9334 0.8328
vt 0.9465 0.8362
vt 0.9472 0.8141
vt 0.9484 0.7928
vt 0.9489 0.8031
vt 0.9497 0.8095
vt 0.9269 0.7647
vt 0.9272 0.7549
vt 0.9271 0.7492
vt 0.9325 0.7431
vt 0.9427 0.7539
vt 0.9271 0.7492
vt 0.9271 0.7492
vt 0.9253 0.7458
vt 0.9273 0.7398
vt 0.9325 0.7431
vt 0.9273 0.7398
vt 0.9286 0.7347
vt 0.9321 0.7353
vt 0.9395 0.7455
vt 0.9427 0.7539
vt 0.9502 0.7582
vt 0.9491 0.7682
vt 0.9515 0.7523
vt 0.9499 0.7449
vt 0.9505 0.7412
vt 0.9365 0.7395
vt 0.9452 0.7352
vt 0.9515 0.7361
vt 0.9505 0.7412
vt 0.9461 0.7316
vt 0.9524 0.7325
vt 0.9515 0.7361
vt 0.9357 0.7301
vt 0.9461 0.7316
vt 0.9452 0.7352
vt 0.9357 0.7301
vt 0.9321 0.7353
vt 0.9303 0.7293
vt 0.9247 0.8190
vt 0.6526 0.9568
vt 0.6641 0.9568
vt 0.6641 0.9506
vt 0.6713 0.9540
vt 0.6713 0.9506
vt 0.6776 0.9540
vt 0.6753 0.9506
vt 0.6776 0.9506
vt 0.6776 0.9568
vt 0.6776 0.9598
vt 0.6641 0.9625
vt 0.6713 0.9625
vt 0.6641 0.9625
vt 0.6641 0.9673
vt 0.6713 0.9673
vt 0.6713 0.9625
vt 0.6776 0.9625
vt 0.6776 0.9598
vt 0.6776 0.9673
vt 0.6526 0.9625
vt 0.6526 0.9673
vt 0.6641 0.9673
vt 0.6376 0.9673
vt 0.6376 0.9625
vt 0.6526 0.9625
vt 0.6526 0.9568
vt 0.6376 0.9540
vt 0.6376 0.9673
vt 0.6376 0.9625
vt 0.6202 0.9598
vt 0.6202 0.9598
vt 0.6017 0.9598
vt 0.6017 0.9673
vt 0.5826 0.9598
vt 0.6017 0.9506
vt 0.5826 0.9506
vt 0.5826 0.9598
vt 0.5629 0.9673
vt 0.5826 0.9673
vt 0.5826 0.9598
vt 0.5629 0.9540
vt 0.5629 0.9506
vt 0.5629 0.9625
vt 0.5629 0.9540
vt 0.5432 0.9568
vt 0.5432 0.9568
vt 0.5432 0.9506
vt 0.5238 0.9568
vt 0.5238 0.9625
vt 0.5432 0.9625
vt 0.5238 0.9673
vt 0.5052 0.9625
vt 0.5052 0.9673
vt 0.5238 0.9673
vt 0.5432 0.9673
vt 0.4868 0.9673
vt 0.4868 0.9625
vt 0.4681 0.9625
vt 0.4495 0.9673
vt 0.4681 0.9673
vt 0.4681 0.9625
vt 0.4495 0.9625
vt 0.4313 0.9625
vt 0.4313 0.9568
vt 0.4495 0.9568
vt 0.4313 0.9568
vt 0.4134 0.9568
vt 0.4134 0.9625
vt 0.3958 0.9568
vt 0.3958 0.9625
vt 0.4134 0.9625
vt 0.4134 0.9673
vt 0.3783 0.9625
vt 0.4134 0.9506
vt 0.3958 0.9506
vt 0.3958 0.9568
vt 0.3783 0.9568
vt 0.3783 0.9673
vt 0.3958 0.9673
vt 0.3783 0.9506
vt 0.4313 0.9568
vt 0.4313 0.9506
vt 0.4134 0.9506
vt 0.4495 0.9568
vt 0.4495 0.9506
vt 0.4313 0.9506
vt 0.4681 0.9506
vt 0.4681 0.9568
vt 0.4868 0.9506
vt 0.4868 0.9568
vt 0.4868 0.9506
vt 0.5052 0.9568
vt 0.5052 0.9506
vt 0.5238 0.9568
vt 0.5238 0.9506
vt 0.5052 0.9506
vt 0.4134 0.9673
vt 0.4313 0.9673
vt 0.4313 0.9625
vt 0.5052 0.9568
vt 0.5432 0.9506
vt 0.5629 0.9673
vt 0.6202 0.9673
vt 0.6202 0.9598
vt 0.6202 0.9506
vt 0.6017 0.9506
vt 0.6376 0.9540
vt 0.6376 0.9506
vt 0.6202 0.9506
vt 0.6526 0.9506
vt 0.6641 0.9625
vt 0.9514 0.1021
vt 0.9702 0.1238
vt 0.9701 0.1023
vt 0.9715 0.1023
vt 0.9699 0.0811
vt 0.9712 0.0611
vt 0.9714 0.0811
vt 0.9699 0.0811
vt 0.9698 0.0611
vt 0.9784 0.0810
vt 0.9712 0.0611
vt 0.9711 0.0440
vt 0.9781 0.0440
vt 0.9711 0.0309
vt 0.9697 0.0440
vt 0.9696 0.0309
vt 0.9780 0.0228
vt 0.9781 0.0308
vt 0.9711 0.0309
vt 0.9696 0.0186
vt 0.9710 0.0228
vt 0.9711 0.0309
vt 0.9780 0.0228
vt 0.9710 0.0228
vt 0.9731 0.0186
vt 0.9780 0.0186
vt 0.9805 0.0185
vt 0.9856 0.0185
vt 0.9856 0.0227
vt 0.9857 0.0308
vt 0.9857 0.0308
vt 0.9857 0.0439
vt 0.9781 0.0440
vt 0.9858 0.0610
vt 0.9858 0.0610
vt 0.9859 0.0810
vt 0.9784 0.0810
vt 0.9784 0.0810
vt 0.9785 0.1023
vt 0.9715 0.1023
vt 0.9756 0.0611
vt 0.9808 0.0610
vt 0.9784 0.0810
vt 0.9808 0.0610
vt 0.9810 0.1023
vt 0.9703 0.1455
vt 0.9514 0.3839
vt 0.9466 0.3839
vt 0.9514 0.3651
vt 0.9514 0.3839
vt 0.9514 0.4054
vt 0.9466 0.4054
vt 0.9514 0.4294
vt 0.0541 0.9510
vt 0.1633 0.9054
vt 0.2183 0.9048
vt 0.9102 0.3162
vt 0.9481 0.2288
vt 0.9514 0.3162
vt 0.0708 0.5636
vt 0.0843 0.5656
vt 0.0816 0.5817
vt 0.0974 0.5675
vt 0.0951 0.5832
vt 0.0816 0.5817
vt 0.0677 0.5800
vt 0.3507 0.2423
vt 0.3363 0.1883
vt 0.3597 0.1926
vt 0.3817 0.2460
vt 0.3507 0.2423
vt 0.3647 0.2976
vt 0.3414 0.2958
vt 0.3623 0.3511
vt 0.3472 0.3501
vt 0.3414 0.2958
vt 0.3257 0.2946
vt 0.3414 0.2958
vt 0.3318 0.3493
vt 0.3075 0.3482
vt 0.3295 0.3999
vt 0.3592 0.4012
vt 0.3058 0.3993
vt 0.3090 0.2934
vt 0.3104 0.2376
vt 0.3193 0.2386
vt 0.3257 0.2946
vt 0.3193 0.2386
vt 0.3206 0.1854
vt 0.3363 0.1883
vt 0.3363 0.1883
vt 0.3374 0.1379
vt 0.3529 0.1420
vt 0.3308 0.0861
vt 0.3462 0.0915
vt 0.3529 0.1420
vt 0.3685 0.1461
vt 0.3617 0.0970
vt 0.3771 0.1023
vt 0.3700 0.0654
vt 0.3860 0.0599
vt 0.3931 0.0750
vt 0.3700 0.0654
vt 0.3706 0.0531
vt 0.4014 0.0667
vt 0.4008 0.0783
vt 0.4014 0.0667
vt 0.4245 0.0770
vt 0.4239 0.0879
vt 0.4079 0.1129
vt 0.4302 0.1611
vt 0.4148 0.1575
vt 0.4079 0.1129
vt 0.4310 0.1205
vt 0.4389 0.1628
vt 0.4383 0.0931
vt 0.4398 0.1230
vt 0.4310 0.1205
vt 0.4214 0.2029
vt 0.4377 0.2052
vt 0.4358 0.2517
vt 0.4197 0.2502
vt 0.4214 0.2029
vt 0.3970 0.2478
vt 0.3984 0.1993
vt 0.4214 0.2029
vt 0.3817 0.2460
vt 0.3830 0.1967
vt 0.3984 0.1993
vt 0.3984 0.1993
vt 0.3994 0.1538
vt 0.4148 0.1575
vt 0.4002 0.1103
vt 0.3830 0.1967
vt 0.3839 0.1500
vt 0.3994 0.1538
vt 0.3874 0.2997
vt 0.3647 0.2976
vt 0.3817 0.2460
vt 0.3970 0.2478
vt 0.4171 0.3024
vt 0.3874 0.2997
vt 0.4063 0.3550
vt 0.3918 0.3536
vt 0.3874 0.2997
vt 0.3772 0.3522
vt 0.3876 0.4037
vt 0.3735 0.4023
vt 0.3751 0.4465
vt 0.4085 0.4062
vt 0.3876 0.4037
vt 0.4063 0.3550
vt 0.4288 0.3572
vt 0.4171 0.3024
vt 0.4329 0.3038
vt 0.4288 0.3572
vt 0.4235 0.4080
vt 0.4167 0.4520
vt 0.4082 0.4855
vt 0.4021 0.4498
vt 0.4167 0.4520
vt 0.3751 0.4465
vt 0.4021 0.4498
vt 0.3807 0.4813
vt 0.3807 0.4813
vt 0.4082 0.4855
vt 0.3973 0.5110
vt 0.3649 0.5061
vt 0.3680 0.4800
vt 0.3706 0.5277
vt 0.3837 0.5305
vt 0.3667 0.5455
vt 0.3497 0.5417
vt 0.3667 0.5455
vt 0.3457 0.5572
vt 0.3279 0.5527
vt 0.2933 0.5605
vt 0.3111 0.5516
vt 0.3279 0.5527
vt 0.3066 0.5618
vt 0.2933 0.5605
vt 0.3066 0.5618
vt 0.2753 0.5639
vt 0.2699 0.5782
vt 0.2753 0.5639
vt 0.2959 0.5745
vt 0.3066 0.5618
vt 0.3218 0.5666
vt 0.2959 0.5745
vt 0.2690 0.5659
vt 0.2880 0.5525
vt 0.3111 0.5516
vt 0.2880 0.5525
vt 0.3150 0.5404
vt 0.3150 0.5404
vt 0.2932 0.5421
vt 0.3134 0.5257
vt 0.3134 0.5257
vt 0.3070 0.5058
vt 0.3305 0.5049
vt 0.3285 0.5249
vt 0.3305 0.5049
vt 0.3421 0.5049
vt 0.3297 0.4785
vt 0.3492 0.4788
vt 0.3421 0.5049
vt 0.3534 0.5053
vt 0.3535 0.5256
vt 0.3314 0.5400
vt 0.3680 0.4800
vt 0.3492 0.4788
vt 0.3479 0.4446
vt 0.3195 0.4439
vt 0.3479 0.4446
vt 0.3297 0.4785
vt 0.3165 0.4786
vt 0.3297 0.4785
vt 0.3305 0.5049
vt 0.3165 0.4786
vt 0.3070 0.5058
vt 0.3000 0.5059
vt 0.2971 0.5268
vt 0.3022 0.4787
vt 0.3041 0.4437
vt 0.3195 0.4439
vt 0.3165 0.4786
vt 0.3706 0.5277
vt 0.3751 0.4465
vt 0.4085 0.4062
vt 0.3592 0.4012
vt 0.3058 0.3993
vt 0.4358 0.2517
vt 0.3771 0.1023
vt 0.3685 0.1461
vt 0.3219 0.1338
vt 0.3308 0.0861
vt 0.3219 0.1338
vt 0.3131 0.1317
vt 0.3206 0.1854
vt 0.3117 0.1839
vt 0.3131 0.1317
vt 0.3144 0.0805
vt 0.3308 0.0861
vt 0.3240 0.0461
vt 0.3393 0.0525
vt 0.3393 0.0525
vt 0.3321 0.0362
vt 0.3398 0.0396
vt 0.3546 0.0589
vt 0.3398 0.0396
vt 0.3552 0.0463
vt 0.3240 0.0461
vt 0.3174 0.0434
vt 0.3321 0.0362
vt 0.3144 0.0805
vt 0.3104 0.2376
vt 0.1979 0.0776
vt 0.1886 0.0804
vt 0.1785 0.0611
vt 0.1794 0.0838
vt 0.1794 0.0838
vt 0.1701 0.0879
vt 0.1590 0.0710
vt 0.1634 0.0544
vt 0.1590 0.0710
vt 0.1400 0.0755
vt 0.1701 0.0879
vt 0.1614 0.0925
vt 0.1400 0.0755
vt 0.1464 0.0928
vt 0.1314 0.0925
vt 0.1400 0.0755
vt 0.1544 0.1057
vt 0.1465 0.1095
vt 0.1465 0.1018
vt 0.1544 0.1057
vt 0.1653 0.1105
vt 0.1466 0.1256
vt 0.1466 0.1170
vt 0.1544 0.1057
vt 0.1578 0.1355
vt 0.1695 0.1336
vt 0.1467 0.1499
vt 0.1466 0.1365
vt 0.1578 0.1355
vt 0.1596 0.1650
vt 0.1852 0.1631
vt 0.1722 0.1642
vt 0.1695 0.1336
vt 0.1838 0.1466
vt 0.1761 0.1067
vt 0.1852 0.1631
vt 0.1838 0.1466
vt 0.1947 0.1287
vt 0.2041 0.1117
vt 0.1947 0.1287
vt 0.1875 0.1030
vt 0.2134 0.1600
vt 0.1989 0.1616
vt 0.1947 0.1287
vt 0.2112 0.1427
vt 0.2304 0.1762
vt 0.2148 0.1776
vt 0.2134 0.1600
vt 0.2220 0.1239
vt 0.2287 0.1583
vt 0.2134 0.1600
vt 0.2000 0.1788
vt 0.2160 0.2098
vt 0.2160 0.2098
vt 0.2168 0.2405
vt 0.2023 0.2401
vt 0.2023 0.2401
vt 0.2031 0.2534
vt 0.1888 0.2530
vt 0.1750 0.2527
vt 0.1888 0.2530
vt 0.1879 0.2852
vt 0.1721 0.3160
vt 0.1732 0.2995
vt 0.1879 0.2852
vt 0.2031 0.2534
vt 0.2030 0.2727
vt 0.1879 0.2852
vt 0.1853 0.3174
vt 0.1835 0.3338
vt 0.1706 0.3322
vt 0.1721 0.3160
vt 0.1582 0.3312
vt 0.1593 0.3150
vt 0.1721 0.3160
vt 0.1601 0.2984
vt 0.1748 0.2709
vt 0.1601 0.2984
vt 0.1593 0.3150
vt 0.1461 0.3144
vt 0.1330 0.3306
vt 0.1327 0.3143
vt 0.1461 0.3144
vt 0.1456 0.3308
vt 0.1330 0.3306
vt 0.1343 0.3588
vt 0.1214 0.3466
vt 0.1132 0.3752
vt 0.1086 0.3481
vt 0.1214 0.3466
vt 0.1203 0.3312
vt 0.1453 0.3456
vt 0.1582 0.3312
vt 0.1571 0.3461
vt 0.1453 0.3456
vt 0.1453 0.3456
vt 0.1451 0.3581
vt 0.1343 0.3588
vt 0.1247 0.3722
vt 0.1071 0.3322
vt 0.1196 0.3147
vt 0.0976 0.3652
vt 0.0929 0.3338
vt 0.1071 0.3322
vt 0.0914 0.3167
vt 0.1059 0.3155
vt 0.1071 0.3322
vt 0.1194 0.2688
vt 0.1192 0.2978
vt 0.1059 0.3155
vt 0.1045 0.2690
vt 0.1194 0.2688
vt 0.1338 0.2687
vt 0.1328 0.2975
vt 0.1473 0.2816
vt 0.1601 0.2984
vt 0.1466 0.2974
vt 0.1473 0.2816
vt 0.1481 0.2684
vt 0.1615 0.2698
vt 0.1493 0.2516
vt 0.1618 0.2523
vt 0.1615 0.2698
vt 0.1747 0.2402
vt 0.1750 0.2527
vt 0.1618 0.2523
vt 0.1618 0.2405
vt 0.1747 0.2402
vt 0.1883 0.2400
vt 0.1888 0.2530
vt 0.1874 0.2108
vt 0.1611 0.2123
vt 0.1741 0.2115
vt 0.1747 0.2402
vt 0.1731 0.1808
vt 0.1611 0.2123
vt 0.1490 0.2347
vt 0.1478 0.2134
vt 0.1337 0.1819
vt 0.1474 0.1985
vt 0.1478 0.2134
vt 0.1346 0.2253
vt 0.1470 0.1820
vt 0.1337 0.1819
vt 0.1339 0.1653
vt 0.1468 0.1653
vt 0.1596 0.1650
vt 0.1602 0.1815
vt 0.1470 0.1820
vt 0.1339 0.1653
vt 0.1353 0.1355
vt 0.1467 0.1499
vt 0.1221 0.1484
vt 0.1211 0.1646
vt 0.1138 0.1177
vt 0.1255 0.1209
vt 0.1221 0.1484
vt 0.1079 0.1636
vt 0.1092 0.1468
vt 0.1221 0.1484
vt 0.0957 0.1449
vt 0.0940 0.1623
vt 0.0957 0.1449
vt 0.1014 0.1145
vt 0.1138 0.1177
vt 0.1138 0.1177
vt 0.1227 0.0879
vt 0.1314 0.0925
vt 0.1376 0.1141
vt 0.1255 0.1209
vt 0.1314 0.0925
vt 0.1207 0.0639
vt 0.1227 0.0879
vt 0.1134 0.0837
vt 0.1134 0.0837
vt 0.1014 0.1145
vt 0.0936 0.0995
vt 0.1094 0.0713
vt 0.0936 0.0995
vt 0.0816 0.0966
vt 0.1017 0.0685
vt 0.1017 0.0685
vt 0.1022 0.0567
vt 0.1207 0.0639
vt 0.1207 0.0639
vt 0.1242 0.0519
vt 0.1399 0.0606
vt 0.1462 0.0644
vt 0.1399 0.0606
vt 0.1403 0.0445
vt 0.1634 0.0544
vt 0.1403 0.0445
vt 0.1577 0.0280
vt 0.1577 0.0280
vt 0.1799 0.0332
vt 0.1735 0.0499
vt 0.1735 0.0499
vt 0.1882 0.0442
vt 0.1974 0.0544
vt 0.1979 0.0776
vt 0.1974 0.0544
vt 0.2071 0.0638
vt 0.2265 0.0819
vt 0.2111 0.0969
vt 0.2364 0.1218
vt 0.2447 0.1566
vt 0.2364 0.1218
vt 0.2572 0.1366
vt 0.2615 0.1547
vt 0.2447 0.1566
vt 0.2469 0.1748
vt 0.2304 0.1762
vt 0.2304 0.1762
vt 0.2313 0.1935
vt 0.2160 0.2098
vt 0.2316 0.2226
vt 0.2013 0.2102
vt 0.2000 0.1788
vt 0.1862 0.1799
vt 0.1852 0.1631
vt 0.2180 0.2541
vt 0.2168 0.2405
vt 0.2325 0.2478
vt 0.2325 0.2478
vt 0.2474 0.2418
vt 0.2489 0.2559
vt 0.2504 0.2915
vt 0.2489 0.2559
vt 0.2667 0.2661
vt 0.2677 0.2784
vt 0.2504 0.2915
vt 0.2474 0.3266
vt 0.2305 0.3238
vt 0.2443 0.3443
vt 0.2277 0.3412
vt 0.2324 0.3062
vt 0.2652 0.3296
vt 0.2680 0.2937
vt 0.2673 0.3112
vt 0.2504 0.2915
vt 0.2339 0.2636
vt 0.2182 0.2738
vt 0.2162 0.3041
vt 0.2162 0.3041
vt 0.2144 0.3213
vt 0.2010 0.3023
vt 0.2090 0.3547
vt 0.1972 0.3358
vt 0.2010 0.3023
vt 0.1835 0.3338
vt 0.1972 0.3358
vt 0.1917 0.3666
vt 0.1815 0.3494
vt 0.1690 0.3474
vt 0.1761 0.3760
vt 0.1649 0.3728
vt 0.1649 0.3728
vt 0.1533 0.3791
vt 0.1571 0.3461
vt 0.1450 0.3683
vt 0.1450 0.3683
vt 0.1362 0.3789
vt 0.1343 0.3588
vt 0.1362 0.3789
vt 0.1449 0.3764
vt 0.1448 0.3835
vt 0.1448 0.3835
vt 0.1446 0.3909
vt 0.1444 0.3997
vt 0.1444 0.3997
vt 0.1588 0.4001
vt 0.1501 0.4164
vt 0.1380 0.4162
vt 0.1501 0.4164
vt 0.1438 0.4268
vt 0.1438 0.4268
vt 0.1550 0.4337
vt 0.1375 0.4458
vt 0.1274 0.4358
vt 0.1684 0.4278
vt 0.1684 0.4278
vt 0.1800 0.4000
vt 0.1794 0.4211
vt 0.1794 0.4211
vt 0.1799 0.4327
vt 0.1735 0.4420
vt 0.1735 0.4420
vt 0.1573 0.4615
vt 0.1684 0.4278
vt 0.1671 0.4047
vt 0.1957 0.3943
vt 0.1800 0.4000
vt 0.1917 0.3666
vt 0.2140 0.3867
vt 0.1957 0.3943
vt 0.2090 0.3547
vt 0.1937 0.4157
vt 0.1799 0.4327
vt 0.1937 0.4157
vt 0.2016 0.4294
vt 0.2016 0.4294
vt 0.2115 0.4104
vt 0.2227 0.4137
vt 0.2122 0.4217
vt 0.1912 0.4374
vt 0.1818 0.4456
vt 0.1743 0.4538
vt 0.1710 0.4619
vt 0.1677 0.4715
vt 0.1710 0.4619
vt 0.1800 0.4779
vt 0.1682 0.4823
vt 0.1884 0.4858
vt 0.1724 0.4918
vt 0.1682 0.4823
vt 0.1544 0.4883
vt 0.1733 0.5119
vt 0.1963 0.5364
vt 0.1808 0.5291
vt 0.1733 0.5119
vt 0.1677 0.5239
vt 0.1629 0.5070
vt 0.1733 0.5119
vt 0.1816 0.5087
vt 0.1898 0.5059
vt 0.2134 0.5200
vt 0.2023 0.5228
vt 0.1898 0.5059
vt 0.1898 0.5059
vt 0.1884 0.4858
vt 0.1976 0.4934
vt 0.2162 0.5083
vt 0.2134 0.5200
vt 0.1976 0.4934
vt 0.2069 0.5007
vt 0.2251 0.5171
vt 0.2332 0.5279
vt 0.2315 0.5591
vt 0.2402 0.5413
vt 0.2458 0.5566
vt 0.2353 0.5754
vt 0.2501 0.5731
vt 0.2353 0.5754
vt 0.2213 0.5776
vt 0.2134 0.5467
vt 0.2077 0.5796
vt 0.1965 0.5972
vt 0.1946 0.5814
vt 0.2077 0.5796
vt 0.2236 0.5940
vt 0.2110 0.6257
vt 0.2098 0.5957
vt 0.2236 0.5940
vt 0.2248 0.6101
vt 0.2246 0.6375
vt 0.2097 0.6548
vt 0.2110 0.6257
vt 0.1964 0.6550
vt 0.2101 0.6738
vt 0.1963 0.6666
vt 0.1964 0.6550
vt 0.1844 0.6391
vt 0.1976 0.6266
vt 0.1964 0.6550
vt 0.1834 0.6609
vt 0.1845 0.6843
vt 0.1712 0.6667
vt 0.1720 0.6838
vt 0.1712 0.6555
vt 0.1712 0.6667
vt 0.1597 0.6733
vt 0.1720 0.6838
vt 0.1599 0.6958
vt 0.1597 0.6733
vt 0.1471 0.6946
vt 0.1356 0.6726
vt 0.1476 0.6817
vt 0.1471 0.6946
vt 0.1333 0.7104
vt 0.1203 0.7108
vt 0.1225 0.6727
vt 0.1356 0.6726
vt 0.1356 0.6726
vt 0.1361 0.6565
vt 0.1486 0.6567
vt 0.1482 0.6510
vt 0.1344 0.6420
vt 0.1361 0.6565
vt 0.1228 0.6565
vt 0.1078 0.6416
vt 0.1213 0.6418
vt 0.1228 0.6565
vt 0.1228 0.6565
vt 0.1225 0.6727
vt 0.1091 0.6727
vt 0.1203 0.7108
vt 0.1069 0.7115
vt 0.1091 0.6727
vt 0.0953 0.6566
vt 0.1092 0.6565
vt 0.1091 0.6727
vt 0.0953 0.6726
vt 0.0811 0.6724
vt 0.0811 0.6567
vt 0.0953 0.6566
vt 0.0798 0.6413
vt 0.0940 0.6415
vt 0.0798 0.6413
vt 0.0791 0.6143
vt 0.0931 0.6152
vt 0.0791 0.6143
vt 0.0816 0.5817
vt 0.0647 0.6133
vt 0.1080 0.5844
vt 0.1066 0.6158
vt 0.0931 0.6152
vt 0.1197 0.6163
vt 0.1205 0.5852
vt 0.1328 0.5856
vt 0.1327 0.6166
vt 0.1197 0.6163
vt 0.1456 0.6010
vt 0.1219 0.5704
vt 0.1345 0.5583
vt 0.1328 0.5856
vt 0.1450 0.5708
vt 0.1450 0.5708
vt 0.1550 0.5580
vt 0.1576 0.5850
vt 0.1576 0.5850
vt 0.1697 0.5842
vt 0.1718 0.6146
vt 0.1719 0.6399
vt 0.1718 0.6146
vt 0.1845 0.6136
vt 0.1965 0.5972
vt 0.1845 0.6136
vt 0.1820 0.5830
vt 0.1820 0.5830
vt 0.1697 0.5842
vt 0.1656 0.5564
vt 0.1768 0.5544
vt 0.1885 0.5519
vt 0.1946 0.5814
vt 0.1820 0.5830
vt 0.1963 0.5364
vt 0.2046 0.5639
vt 0.1885 0.5519
vt 0.1677 0.5239
vt 0.1768 0.5544
vt 0.1611 0.5359
vt 0.1574 0.5198
vt 0.1611 0.5359
vt 0.1513 0.5315
vt 0.1447 0.5489
vt 0.1446 0.5413
vt 0.1513 0.5315
vt 0.1445 0.5347
vt 0.1442 0.5200
vt 0.1443 0.5280
vt 0.1445 0.5347
vt 0.1367 0.5392
vt 0.1258 0.5456
vt 0.1367 0.5392
vt 0.1345 0.5583
vt 0.1447 0.5489
vt 0.1448 0.5586
vt 0.1345 0.5583
vt 0.1309 0.5201
vt 0.1382 0.5047
vt 0.1309 0.5201
vt 0.1230 0.5162
vt 0.1266 0.4975
vt 0.1230 0.5162
vt 0.1146 0.5126
vt 0.1151 0.4926
vt 0.1192 0.4829
vt 0.1281 0.4863
vt 0.1266 0.4975
vt 0.1281 0.4863
vt 0.1437 0.4948
vt 0.1382 0.5047
vt 0.1382 0.5047
vt 0.1496 0.5046
vt 0.1442 0.5200
vt 0.1495 0.4765
vt 0.1192 0.4829
vt 0.1198 0.4719
vt 0.1495 0.4765
vt 0.1300 0.4614
vt 0.1375 0.4458
vt 0.1495 0.4765
vt 0.1181 0.4396
vt 0.1274 0.4358
vt 0.1300 0.4614
vt 0.1163 0.4618
vt 0.1130 0.4530
vt 0.1300 0.4614
vt 0.1130 0.4530
vt 0.1055 0.4443
vt 0.1181 0.4396
vt 0.0961 0.4358
vt 0.1133 0.4294
vt 0.1181 0.4396
vt 0.1319 0.4203
vt 0.1319 0.4203
vt 0.1133 0.4294
vt 0.1160 0.4169
vt 0.1214 0.4040
vt 0.1300 0.3996
vt 0.1214 0.4040
vt 0.1132 0.3752
vt 0.1046 0.3895
vt 0.0976 0.3652
vt 0.1132 0.3752
vt 0.0976 0.3652
vt 0.0837 0.3681
vt 0.0776 0.3360
vt 0.0776 0.3360
vt 0.0614 0.3385
vt 0.0590 0.3207
vt 0.0590 0.3207
vt 0.0573 0.3026
vt 0.0742 0.3008
vt 0.0891 0.2695
vt 0.0914 0.3167
vt 0.0742 0.3008
vt 0.0730 0.2594
vt 0.0742 0.3008
vt 0.0561 0.2713
vt 0.0561 0.2713
vt 0.0573 0.3026
vt 0.0397 0.3048
vt 0.0387 0.2727
vt 0.0573 0.2525
vt 0.0744 0.2463
vt 0.0387 0.2727
vt 0.0403 0.2532
vt 0.0573 0.2525
vt 0.0591 0.2413
vt 0.0424 0.2416
vt 0.0591 0.2413
vt 0.0758 0.2343
vt 0.0744 0.2463
vt 0.0907 0.2408
vt 0.0896 0.2516
vt 0.1050 0.2514
vt 0.0907 0.2408
vt 0.0915 0.2249
vt 0.1064 0.2127
vt 0.1206 0.2408
vt 0.1058 0.2408
vt 0.1064 0.2127
vt 0.1205 0.2252
vt 0.1202 0.2515
vt 0.1206 0.2408
vt 0.1352 0.2409
vt 0.1350 0.2516
vt 0.1205 0.2252
vt 0.1206 0.1815
vt 0.1337 0.1819
vt 0.1206 0.1815
vt 0.1071 0.1809
vt 0.1079 0.1636
vt 0.0923 0.1970
vt 0.0793 0.1606
vt 0.0940 0.1623
vt 0.0923 0.1970
vt 0.0769 0.1961
vt 0.0923 0.1970
vt 0.0915 0.2249
vt 0.0599 0.2244
vt 0.0769 0.1961
vt 0.0758 0.2343
vt 0.0617 0.1772
vt 0.0617 0.1772
vt 0.0637 0.1589
vt 0.0793 0.1606
vt 0.0705 0.1238
vt 0.0846 0.1262
vt 0.0793 0.1606
vt 0.0816 0.0966
vt 0.0705 0.1238
vt 0.0560 0.1216
vt 0.0348 0.1365
vt 0.0407 0.1194
vt 0.0560 0.1216
vt 0.0774 0.0839
vt 0.0481 0.1042
vt 0.0567 0.0918
vt 0.0774 0.0839
vt 0.0857 0.0636
vt 0.0774 0.0839
vt 0.0661 0.0815
vt 0.0758 0.0724
vt 0.0857 0.0636
vt 0.0955 0.0542
vt 0.1022 0.0567
vt 0.1050 0.0440
vt 0.1326 0.0260
vt 0.1242 0.0519
vt 0.1050 0.0440
vt 0.1133 0.0329
vt 0.1466 0.0312
vt 0.1403 0.0445
vt 0.1326 0.0260
vt 0.1198 0.0206
vt 0.0474 0.1569
vt 0.0474 0.1569
vt 0.0449 0.1756
vt 0.0273 0.1738
vt 0.0431 0.2102
vt 0.0251 0.2420
vt 0.0254 0.2235
vt 0.0431 0.2102
vt 0.0252 0.2092
vt 0.0257 0.1923
vt 0.0241 0.2480
vt 0.0251 0.2420
vt 0.0424 0.2416
vt 0.0217 0.2624
vt 0.0241 0.2480
vt 0.0403 0.2532
vt 0.0387 0.2727
vt 0.0208 0.2743
vt 0.0217 0.2624
vt 0.0206 0.2896
vt 0.0397 0.3048
vt 0.0213 0.3073
vt 0.0206 0.2896
vt 0.0232 0.3260
vt 0.0590 0.3207
vt 0.0415 0.3232
vt 0.0397 0.3048
vt 0.0232 0.3260
vt 0.0415 0.3232
vt 0.0444 0.3413
vt 0.0444 0.3413
vt 0.0614 0.3385
vt 0.0689 0.3713
vt 0.0804 0.3963
vt 0.0689 0.3713
vt 0.0837 0.3681
vt 0.0927 0.3930
vt 0.0858 0.4277
vt 0.0677 0.3994
vt 0.0804 0.3963
vt 0.1084 0.4199
vt 0.1010 0.4226
vt 0.1084 0.4199
vt 0.1133 0.4294
vt 0.0537 0.3744
vt 0.0444 0.3413
vt 0.0537 0.3744
vt 0.0313 0.3618
vt 0.0266 0.3444
vt 0.0376 0.3777
vt 0.0453 0.3915
vt 0.0677 0.3994
vt 0.0545 0.4026
vt 0.0453 0.3915
vt 0.0646 0.4118
vt 0.0858 0.4277
vt 0.0751 0.4199
vt 0.0646 0.4118
vt 0.0757 0.3185
vt 0.1010 0.4226
vt 0.0961 0.4358
vt 0.1046 0.3895
vt 0.0929 0.3338
vt 0.1086 0.3481
vt 0.1362 0.3789
vt 0.1444 0.3997
vt 0.1533 0.3791
vt 0.1706 0.3322
vt 0.2010 0.3023
vt 0.1328 0.2975
vt 0.1750 0.2527
vt 0.2344 0.3767
vt 0.2140 0.3867
vt 0.2277 0.3412
vt 0.2566 0.3647
vt 0.2501 0.3802
vt 0.2344 0.3767
vt 0.2115 0.4104
vt 0.2344 0.3767
vt 0.2421 0.3937
vt 0.2328 0.4046
vt 0.2443 0.3443
vt 0.2617 0.3476
vt 0.2566 0.3647
vt 0.2652 0.3296
vt 0.1072 0.4788
vt 0.0988 0.4868
vt 0.0988 0.4868
vt 0.1151 0.4926
vt 0.0978 0.5068
vt 0.1063 0.5095
vt 0.0922 0.5376
vt 0.0801 0.5349
vt 0.0978 0.5068
vt 0.0897 0.4945
vt 0.0744 0.5213
vt 0.0713 0.5096
vt 0.0805 0.5018
vt 0.0897 0.4945
vt 0.0744 0.5213
vt 0.0625 0.5186
vt 0.0713 0.5096
vt 0.0545 0.5297
vt 0.0617 0.5459
vt 0.0423 0.5590
vt 0.0477 0.5434
vt 0.0617 0.5459
vt 0.0533 0.5780
vt 0.0647 0.6133
vt 0.0497 0.6120
vt 0.0533 0.5780
vt 0.0356 0.5933
vt 0.0383 0.5759
vt 0.0341 0.6105
vt 0.0338 0.6264
vt 0.0650 0.6410
vt 0.0498 0.6405
vt 0.0497 0.6120
vt 0.0498 0.6405
vt 0.0340 0.6400
vt 0.0338 0.6264
vt 0.0351 0.6566
vt 0.0664 0.6567
vt 0.0511 0.6567
vt 0.0498 0.6405
vt 0.0351 0.6566
vt 0.0511 0.6567
vt 0.0506 0.6720
vt 0.0344 0.6718
vt 0.0325 0.6841
vt 0.0307 0.6998
vt 0.0474 0.6988
vt 0.0467 0.7160
vt 0.0467 0.7160
vt 0.0473 0.7337
vt 0.0306 0.7357
vt 0.0298 0.7176
vt 0.0635 0.6978
vt 0.0628 0.7146
vt 0.0467 0.7160
vt 0.0656 0.7483
vt 0.0783 0.7133
vt 0.0783 0.7133
vt 0.0930 0.7122
vt 0.0933 0.7288
vt 0.0787 0.7303
vt 0.0805 0.7464
vt 0.1069 0.7115
vt 0.1071 0.7277
vt 0.0933 0.7288
vt 0.1083 0.7431
vt 0.0948 0.7446
vt 0.0933 0.7288
vt 0.1004 0.7724
vt 0.1083 0.7431
vt 0.1071 0.7277
vt 0.1203 0.7268
vt 0.1331 0.7263
vt 0.1211 0.7419
vt 0.1203 0.7268
vt 0.1357 0.7659
vt 0.1211 0.7419
vt 0.1128 0.7699
vt 0.1083 0.7431
vt 0.1080 0.7939
vt 0.1128 0.7699
vt 0.1216 0.7989
vt 0.1216 0.7989
vt 0.1337 0.8117
vt 0.1156 0.8109
vt 0.1223 0.8295
vt 0.1223 0.8295
vt 0.1256 0.8406
vt 0.1075 0.8479
vt 0.1333 0.8650
vt 0.1152 0.8584
vt 0.1075 0.8479
vt 0.0987 0.8384
vt 0.1050 0.8361
vt 0.0896 0.8295
vt 0.0712 0.8128
vt 0.0819 0.8106
vt 0.0896 0.8295
vt 0.0983 0.8167
vt 0.0983 0.8167
vt 0.0796 0.7892
vt 0.0920 0.7868
vt 0.1156 0.8109
vt 0.1070 0.8141
vt 0.0920 0.7868
vt 0.0712 0.8128
vt 0.0603 0.7793
vt 0.0796 0.7892
vt 0.0537 0.7934
vt 0.0458 0.7813
vt 0.0603 0.7793
vt 0.0473 0.7337
vt 0.0603 0.7793
vt 0.0391 0.7677
vt 0.0339 0.7524
vt 0.0712 0.8128
vt 0.0622 0.8037
vt 0.0537 0.7934
vt 0.0804 0.8212
vt 0.1213 0.8700
vt 0.1333 0.8650
vt 0.1463 0.8456
vt 0.1466 0.8601
vt 0.1571 0.8631
vt 0.1463 0.8456
vt 0.1461 0.8289
vt 0.1623 0.8382
vt 0.1571 0.8631
vt 0.1623 0.8382
vt 0.1718 0.8424
vt 0.1780 0.8579
vt 0.1856 0.8475
vt 0.1719 0.8693
vt 0.1941 0.8379
vt 0.1718 0.8424
vt 0.1641 0.8263
vt 0.1821 0.8339
vt 0.1855 0.8137
vt 0.2004 0.8078
vt 0.1821 0.8339
vt 0.1768 0.8107
vt 0.1708 0.7986
vt 0.1587 0.8117
vt 0.1617 0.7947
vt 0.1708 0.7986
vt 0.1708 0.7986
vt 0.1795 0.7697
vt 0.1844 0.7934
vt 0.2083 0.7611
vt 0.1953 0.7963
vt 0.1844 0.7934
vt 0.1949 0.7591
vt 0.2083 0.7611
vt 0.2258 0.7482
vt 0.2178 0.7766
vt 0.2435 0.7337
vt 0.2314 0.7785
vt 0.2178 0.7766
vt 0.2210 0.8118
vt 0.2004 0.8078
vt 0.2178 0.7766
vt 0.2030 0.8289
vt 0.2120 0.8204
vt 0.2380 0.7923
vt 0.2297 0.8026
vt 0.2210 0.8118
vt 0.2314 0.7785
vt 0.2456 0.7803
vt 0.2380 0.7923
vt 0.2521 0.7668
vt 0.2435 0.7337
vt 0.2570 0.7518
vt 0.2521 0.7668
vt 0.2599 0.7353
vt 0.2438 0.7164
vt 0.2438 0.7164
vt 0.2281 0.7153
vt 0.2256 0.6847
vt 0.2232 0.6657
vt 0.2256 0.6847
vt 0.2101 0.6738
vt 0.2125 0.6985
vt 0.1976 0.6846
vt 0.1855 0.7125
vt 0.1845 0.6843
vt 0.1976 0.6846
vt 0.2132 0.7143
vt 0.1990 0.7134
vt 0.1976 0.6846
vt 0.1986 0.7294
vt 0.2128 0.7308
vt 0.1840 0.7433
vt 0.1852 0.7282
vt 0.1986 0.7294
vt 0.1855 0.7125
vt 0.1852 0.7282
vt 0.1723 0.7273
vt 0.1579 0.7546
vt 0.1596 0.7266
vt 0.1723 0.7273
vt 0.1599 0.7108
vt 0.1726 0.7117
vt 0.1723 0.7273
vt 0.1713 0.7421
vt 0.1579 0.7546
vt 0.1463 0.7652
vt 0.1463 0.7544
vt 0.1463 0.7413
vt 0.1579 0.7546
vt 0.1544 0.7834
vt 0.1463 0.7739
vt 0.1463 0.7739
vt 0.1381 0.7835
vt 0.1357 0.7659
vt 0.1268 0.7780
vt 0.1324 0.8028
vt 0.1381 0.7835
vt 0.1463 0.7808
vt 0.1463 0.7873
vt 0.1462 0.8026
vt 0.1461 0.8142
vt 0.1337 0.8117
vt 0.1402 0.8325
vt 0.1678 0.7676
vt 0.1617 0.7947
vt 0.1544 0.7834
vt 0.1464 0.7261
vt 0.1464 0.7261
vt 0.1467 0.7099
vt 0.1599 0.7108
vt 0.1331 0.7263
vt 0.1333 0.7104
vt 0.1203 0.7108
vt 0.1482 0.6721
vt 0.1595 0.6559
vt 0.1596 0.6295
vt 0.1475 0.6427
vt 0.1596 0.6295
vt 0.1461 0.6169
vt 0.1456 0.6010
vt 0.1456 0.6010
vt 0.1452 0.5852
vt 0.1576 0.5850
vt 0.1587 0.6004
vt 0.1327 0.6166
vt 0.1461 0.6169
vt 0.1468 0.6311
vt 0.1344 0.6420
vt 0.1213 0.6418
vt 0.1080 0.5844
vt 0.1099 0.5692
vt 0.1219 0.5704
vt 0.1152 0.5431
vt 0.0974 0.5675
vt 0.1039 0.5404
vt 0.1152 0.5431
vt 0.0974 0.5675
vt 0.1258 0.5456
vt 0.0922 0.5376
vt 0.1063 0.5095
vt 0.0650 0.6410
vt 0.0811 0.6724
vt 0.0662 0.6721
vt 0.0664 0.6567
vt 0.0635 0.6978
vt 0.0953 0.6726
vt 0.0805 0.7464
vt 0.0656 0.7483
vt 0.1587 0.8117
vt 0.1641 0.8263
vt 0.2030 0.8289
vt 0.1463 0.7873
vt 0.1463 0.7942
vt 0.1986 0.7294
vt 0.1840 0.7433
vt 0.2426 0.6996
vt 0.2589 0.7002
vt 0.2566 0.6847
vt 0.2603 0.7176
vt 0.2541 0.6724
vt 0.2374 0.6650
vt 0.2525 0.6542
vt 0.2232 0.6657
vt 0.2375 0.6544
vt 0.2374 0.6650
vt 0.2234 0.6546
vt 0.2390 0.6371
vt 0.2375 0.6544
vt 0.2246 0.6375
vt 0.2246 0.6375
vt 0.2248 0.6101
vt 0.2392 0.6087
vt 0.2392 0.6087
vt 0.2544 0.6071
vt 0.2547 0.6228
vt 0.2547 0.6228
vt 0.2543 0.6364
vt 0.2390 0.6371
vt 0.2529 0.5902
vt 0.2525 0.6542
vt 0.2097 0.6548
vt 0.1965 0.5972
vt 0.1712 0.6555
vt 0.1476 0.6817
vt 0.1611 0.5359
vt 0.1808 0.5291
vt 0.2315 0.5591
vt 0.2529 0.5902
vt 0.1496 0.5046
vt 0.5647 0.1568
vt 0.5605 0.1462
vt 0.5789 0.1465
vt 0.5696 0.1393
vt 0.5890 0.1452
vt 0.5789 0.1465
vt 0.5851 0.1508
vt 0.5698 0.1688
vt 0.6084 0.1542
vt 0.5858 0.1609
vt 0.5851 0.1508
vt 0.5941 0.1513
vt 0.6063 0.1458
vt 0.5930 0.1458
vt 0.5923 0.1419
vt 0.5930 0.1458
vt 0.5890 0.1452
vt 0.5926 0.1350
vt 0.5817 0.1326
vt 0.5926 0.1350
vt 0.5917 0.1383
vt 0.5923 0.1419
vt 0.6040 0.1384
vt 0.5956 0.1328
vt 0.6036 0.1218
vt 0.6038 0.1304
vt 0.5956 0.1328
vt 0.5962 0.1261
vt 0.5956 0.1328
vt 0.5889 0.1319
vt 0.5889 0.1319
vt 0.5817 0.1326
vt 0.5670 0.1274
vt 0.5879 0.1220
vt 0.5723 0.1190
vt 0.5878 0.1121
vt 0.5879 0.1220
vt 0.5962 0.1261
vt 0.5879 0.1220
vt 0.5964 0.1183
vt 0.5964 0.1183
vt 0.5975 0.1091
vt 0.6054 0.1092
vt 0.5946 0.1032
vt 0.5877 0.1073
vt 0.5859 0.0959
vt 0.5946 0.1032
vt 0.5951 0.1000
vt 0.6082 0.1027
vt 0.5961 0.0954
vt 0.5961 0.0954
vt 0.5818 0.0891
vt 0.5944 0.0875
vt 0.5782 0.0787
vt 0.5968 0.0814
vt 0.5944 0.0875
vt 0.6005 0.0930
vt 0.6112 0.0831
vt 0.5877 0.0725
vt 0.6112 0.0831
vt 0.5968 0.0814
vt 0.6084 0.0943
vt 0.5782 0.0787
vt 0.5694 0.0646
vt 0.5877 0.0725
vt 0.5648 0.0822
vt 0.5648 0.0822
vt 0.5818 0.0891
vt 0.5653 0.0951
vt 0.5715 0.1009
vt 0.5622 0.1049
vt 0.5723 0.1190
vt 0.5622 0.1049
vt 0.5789 0.1083
vt 0.5605 0.1228
vt 0.5670 0.1274
vt 0.5604 0.1349
vt 0.5605 0.1228
vt 0.6082 0.1027
vt 0.5878 0.1121
vt 0.6036 0.1218
vt 0.5926 0.1350
vt 0.5605 0.1462
vt 0.6040 0.1384
vt 0.4139 0.5894
vt 0.4177 0.6000
vt 0.4071 0.5994
vt 0.4221 0.6069
vt 0.4019 0.6082
vt 0.4071 0.5994
vt 0.3921 0.5872
vt 0.3815 0.5990
vt 0.3757 0.5865
vt 0.3897 0.5721
vt 0.3697 0.5712
vt 0.3555 0.5501
vt 0.3726 0.5501
vt 0.3697 0.5712
vt 0.3546 0.5716
vt 0.3440 0.5507
vt 0.3546 0.5716
vt 0.3375 0.5735
vt 0.3114 0.5551
vt 0.3254 0.5528
vt 0.3375 0.5735
vt 0.3244 0.5760
vt 0.3012 0.5257
vt 0.3223 0.5228
vt 0.3151 0.4819
vt 0.3353 0.5214
vt 0.3223 0.5228
vt 0.3353 0.5214
vt 0.3286 0.4804
vt 0.3420 0.4792
vt 0.3669 0.5201
vt 0.3478 0.5205
vt 0.3420 0.4792
vt 0.3452 0.4224
vt 0.3625 0.4784
vt 0.3420 0.4792
vt 0.3310 0.4234
vt 0.3310 0.4234
vt 0.3210 0.3584
vt 0.3356 0.3574
vt 0.3356 0.3574
vt 0.3654 0.3562
vt 0.3452 0.4224
vt 0.3669 0.4218
vt 0.3733 0.5201
vt 0.3625 0.4784
vt 0.3836 0.4784
vt 0.3669 0.4218
vt 0.3818 0.4217
vt 0.3836 0.4784
vt 0.4048 0.4219
vt 0.4062 0.4786
vt 0.3836 0.4784
vt 0.4074 0.5210
vt 0.3960 0.5512
vt 0.3930 0.5206
vt 0.4074 0.5210
vt 0.4089 0.5519
vt 0.4089 0.5519
vt 0.4111 0.5740
vt 0.3897 0.5721
vt 0.4038 0.3559
vt 0.4048 0.4219
vt 0.3818 0.4217
vt 0.3806 0.3560
vt 0.3806 0.3560
vt 0.3654 0.3562
vt 0.3646 0.2875
vt 0.3342 0.2890
vt 0.3565 0.2221
vt 0.3335 0.2240
vt 0.3193 0.2901
vt 0.3183 0.2254
vt 0.3193 0.2901
vt 0.2970 0.2919
vt 0.2970 0.2919
vt 0.2816 0.2932
vt 0.2793 0.2292
vt 0.3031 0.2269
vt 0.2793 0.2292
vt 0.2945 0.1741
vt 0.2945 0.1741
vt 0.2781 0.1764
vt 0.2772 0.1317
vt 0.2937 0.1282
vt 0.3170 0.1230
vt 0.3175 0.1706
vt 0.2945 0.1741
vt 0.3407 0.1672
vt 0.2930 0.0873
vt 0.3163 0.0800
vt 0.3170 0.1230
vt 0.3319 0.0751
vt 0.3480 0.1160
vt 0.3407 0.1672
vt 0.3638 0.1640
vt 0.3565 0.2221
vt 0.3796 0.2204
vt 0.3634 0.1126
vt 0.3793 0.1618
vt 0.3638 0.1640
vt 0.3793 0.1618
vt 0.3948 0.1597
vt 0.4035 0.2187
vt 0.3800 0.2870
vt 0.3796 0.2204
vt 0.4035 0.2187
vt 0.4036 0.1586
vt 0.4033 0.2863
vt 0.4032 0.1040
vt 0.3944 0.1057
vt 0.4027 0.0529
vt 0.4027 0.0529
vt 0.3862 0.0579
vt 0.3936 0.0192
vt 0.3936 0.0192
vt 0.3781 0.0252
vt 0.3855 0.0094
vt 0.3699 0.0158
vt 0.4002 0.0166
vt 0.3548 0.0343
vt 0.3543 0.0223
vt 0.3392 0.0404
vt 0.3392 0.0404
vt 0.3474 0.0702
vt 0.3319 0.0751
vt 0.3236 0.0464
vt 0.3002 0.0556
vt 0.2779 0.0635
vt 0.2924 0.0586
vt 0.2930 0.0873
vt 0.2764 0.0922
vt 0.2838 0.0516
vt 0.2996 0.0449
vt 0.3002 0.0556
vt 0.2996 0.0449
vt 0.3230 0.0352
vt 0.3236 0.0464
vt 0.3230 0.0352
vt 0.3308 0.0320
vt 0.3480 0.1160
vt 0.3474 0.0702
vt 0.3629 0.0653
vt 0.3862 0.0579
vt 0.3789 0.1091
vt 0.3634 0.1126
vt 0.2772 0.1317
vt 0.3862 0.0579
vt 0.4038 0.3559
vt 0.3151 0.4819
vt 0.3170 0.4247
vt 0.3310 0.4234
vt 0.3030 0.4262
vt 0.3012 0.5257
vt 0.2936 0.4846
vt 0.3151 0.4819
vt 0.2936 0.4846
vt 0.2884 0.4278
vt 0.3030 0.4262
vt 0.3030 0.4262
vt 0.2994 0.3603
vt 0.3210 0.3584
vt 0.2970 0.2919
vt 0.2994 0.3603
vt 0.2848 0.3617
vt 0.2848 0.3617
vt 0.3555 0.5501
vt 0.3440 0.5507
vt 0.3757 0.5865
vt 0.3574 0.5879
vt 0.3375 0.5735
vt 0.3404 0.5914
vt 0.3601 0.6036
vt 0.4019 0.6082
vt 0.3825 0.6134
vt 0.3601 0.6036
vt 0.4066 0.6218
vt 0.4267 0.6116
vt 0.4318 0.6138
vt 0.4316 0.6260
vt 0.4267 0.6116
vt 0.4066 0.6218
vt 0.3960 0.5512
vt 0.1493 0.2516
vt 0.1350 0.2516
vt 0.1490 0.2347
vt 0.1196 0.3147
vt 0.0896 0.2516
vt 0.1058 0.2408
vt 0.1211 0.1646
vt 0.0303 0.1549
vt 0.0348 0.1365
vt 0.0481 0.1042
vt 0.1734 0.0212
vt 0.1785 0.0611
vt 0.1466 0.1365
vt 0.1611 0.2123
vt 0.1722 0.1642
vt 0.1874 0.2108
vt 0.1989 0.1616
vt 0.2480 0.2089
vt 0.2654 0.2083
vt 0.2647 0.2226
vt 0.2480 0.2089
vt 0.2654 0.1915
vt 0.2643 0.1733
vt 0.2639 0.2426
vt 0.2474 0.2418
vt 0.2639 0.2426
vt 0.2645 0.2497
vt 0.2339 0.2636
vt 0.2220 0.1239
vt 0.2442 0.1047
vt 0.2514 0.1197
vt 0.2364 0.1218
vt 0.2265 0.0819
vt 0.2357 0.0923
vt 0.2442 0.1047
vt 0.2169 0.0728
vt 0.3183 0.2254
vt 0.1163 0.4618
f 1/1 2/2 3/3
f 3/3 4/4 1/1
f 1/5 5/6 6/7
f 6/7 5/6 7/8
f 7/8 8/9 6/7
f 9/10 8/9 7/8
f 7/8 10/11 9/10
f 9/10 10/11 11/12
f 12/13 11/12 10/11
f 13/14 10/11 7/8
f 14/15 15/16 7/17
f 16/18 17/19 14/20
f 17/19 16/18 18/21
f 18/22 4/23 19/24
f 20/25 21/26 19/27
f 21/26 22/28 19/27
f 3/29 23/30 19/31
f 23/32 24/33 20/34
f 20/35 25/36 26/37
f 27/38 28/39 26/40
f 26/40 29/41 27/38
f 30/42 31/43 27/44
f 27/44 32/45 30/42
f 30/46 33/47 34/48
f 34/48 33/47 35/49
f 36/50 37/51 35/52
f 35/52 38/53 36/50
f 39/54 40/55 36/56
f 41/57 40/58 42/59
f 43/60 42/61 39/62
f 44/63 43/60 39/62
f 39/62 45/64 44/63
f 44/65 46/66 47/67
f 47/68 48/69 49/70
f 49/71 50/72 51/73
f 51/74 52/75 42/76
f 53/77 54/78 42/79
f 41/80 54/81 55/82
f 56/83 57/84 55/85
f 55/86 58/87 59/88
f 59/89 60/90 61/91
f 61/92 62/93 63/94
f 63/94 64/95 61/92
f 61/91 60/90 65/96
f 65/97 66/98 67/99
f 67/100 68/101 63/102
f 69/103 68/101 67/100
f 67/100 70/104 69/103
f 69/103 70/104 71/105
f 72/106 73/107 71/108
f 71/108 74/109 72/106
f 72/110 75/111 76/112
f 77/113 73/114 76/115
f 76/115 78/116 77/113
f 77/117 79/118 71/119
f 80/120 74/109 71/108
f 81/121 78/116 76/115
f 76/115 82/122 81/121
f 81/121 82/122 83/123
f 84/124 83/123 82/122
f 85/125 82/122 76/115
f 85/126 86/127 84/128
f 87/129 84/128 86/127
f 88/130 87/129 86/127
f 87/131 89/132 90/133
f 91/134 87/131 90/133
f 90/135 92/136 93/137
f 93/138 94/139 83/140
f 95/141 92/136 90/135
f 90/133 89/132 96/142
f 97/143 98/144 96/145
f 96/145 99/146 97/143
f 100/147 101/148 97/149
f 102/150 100/147 97/149
f 101/148 100/147 103/151
f 103/151 104/152 101/148
f 102/150 97/149 99/146
f 101/148 104/152 95/153
f 97/149 101/148 98/144
f 95/153 98/144 101/148
f 89/132 87/131 88/130
f 90/135 98/144 95/141
f 96/145 98/144 90/133
f 83/140 94/139 81/121
f 93/137 91/134 90/135
f 83/140 91/134 93/138
f 91/134 83/140 84/124
f 84/128 87/129 91/134
f 84/124 82/122 85/126
f 76/112 75/111 85/125
f 76/112 73/114 72/110
f 71/119 73/107 77/117
f 71/119 79/118 69/103
f 71/108 70/104 80/120
f 80/120 70/104 67/100
f 67/99 66/98 80/120
f 63/94 62/93 67/100
f 67/99 62/93 65/97
f 65/97 62/93 61/91
f 105/154 59/89 61/91
f 55/86 59/88 105/154
f 56/155 105/154 61/91
f 61/92 64/95 56/155
f 55/85 105/154 56/83
f 55/85 57/84 41/80
f 53/156 58/87 55/86
f 55/82 54/81 53/156
f 42/79 54/78 41/57
f 42/76 52/75 53/77
f 51/74 50/72 52/75
f 42/61 40/58 39/62
f 43/60 51/74 42/61
f 43/60 47/157 51/74
f 51/73 47/157 49/71
f 49/70 48/69 106/158
f 107/159 108/160 106/161
f 106/161 109/162 107/159
f 110/163 108/160 107/159
f 109/162 111/164 107/159
f 112/165 110/163 107/159
f 108/160 110/163 113/166
f 113/166 110/163 114/167
f 115/168 116/169 114/170
f 114/170 117/171 115/168
f 117/171 118/172 115/168
f 119/173 118/172 117/171
f 120/174 121/175 117/176
f 117/176 122/177 120/174
f 120/178 123/179 124/180
f 125/181 126/182 124/183
f 127/184 124/183 126/182
f 128/185 129/186 126/187
f 126/187 129/186 130/188
f 131/189 132/190 128/191
f 128/191 133/192 131/189
f 131/193 134/194 135/195
f 136/196 137/197 135/198
f 138/199 137/197 136/196
f 136/196 139/200 138/199
f 140/201 141/202 138/203
f 142/204 141/202 140/201
f 140/201 143/205 142/204
f 144/206 145/207 142/208
f 146/209 144/206 142/208
f 127/210 147/211 148/212
f 149/213 150/214 148/215
f 151/216 150/214 149/213
f 152/217 151/216 149/213
f 151/218 153/219 154/220
f 155/221 154/222 156/223
f 156/223 157/224 155/221
f 158/225 154/222 155/221
f 154/220 153/219 159/226
f 159/227 160/228 161/229
f 161/229 160/228 162/230
f 163/231 164/232 162/233
f 165/234 164/235 166/236
f 165/234 166/236 167/237
f 167/237 166/236 168/238
f 168/239 169/240 170/241
f 170/241 171/242 168/239
f 163/243 172/244 168/245
f 168/245 172/244 173/246
f 174/247 169/248 173/249
f 173/249 175/250 174/247
f 174/247 175/250 176/251
f 176/252 177/253 178/254
f 179/255 180/256 177/257
f 181/258 180/256 179/255
f 179/259 182/260 183/261
f 181/262 183/263 184/264
f 184/265 185/266 186/267
f 187/268 188/269 186/270
f 186/270 189/271 187/268
f 187/272 190/273 191/274
f 191/275 192/276 184/277
f 192/278 193/279 181/280
f 194/281 195/282 190/283
f 187/284 196/285 194/286
f 165/287 197/288 161/289
f 194/286 190/283 187/284
f 187/284 189/271 196/285
f 181/258 193/279 180/256
f 191/274 188/269 187/272
f 184/277 188/269 191/275
f 186/267 188/269 184/265
f 184/264 192/276 181/262
f 183/263 185/266 184/264
f 179/255 183/261 181/258
f 176/290 182/260 179/259
f 179/259 177/257 176/290
f 178/254 174/247 176/252
f 169/248 174/247 178/254
f 170/241 169/240 178/254
f 173/249 169/248 168/245
f 168/238 171/242 167/237
f 166/236 163/243 168/238
f 164/232 163/231 166/236
f 162/233 164/232 161/229
f 161/229 164/232 165/287
f 161/229 156/291 159/227
f 159/227 156/291 154/220
f 161/229 197/288 156/291
f 197/288 157/224 156/291
f 158/225 151/218 154/222
f 153/219 151/218 152/217
f 150/214 151/216 158/225
f 119/292 150/214 158/225
f 117/171 150/214 119/173
f 198/293 122/177 117/176
f 117/171 148/215 150/214
f 148/212 147/211 149/213
f 121/175 148/215 117/176
f 117/176 114/170 198/293
f 121/175 127/210 148/215
f 114/170 116/169 113/166
f 198/293 114/170 110/163
f 198/293 110/163 112/165
f 126/187 130/188 127/184
f 121/175 124/183 127/210
f 124/183 121/175 120/178
f 124/183 123/179 125/181
f 128/185 126/187 125/181
f 125/181 133/192 128/185
f 199/294 200/295 201/296
f 201/296 202/297 199/294
f 200/295 199/294 203/298
f 203/298 204/299 200/295
f 201/296 200/295 205/300
f 205/300 206/301 201/296
f 207/302 206/301 205/300
f 205/300 208/303 207/302
f 207/304 209/305 210/306
f 210/306 209/305 211/307
f 212/308 211/307 209/305
f 208/309 213/310 209/311
f 209/305 214/312 212/308
f 215/313 211/307 212/308
f 212/308 216/314 215/313
f 211/307 215/313 217/315
f 217/315 218/316 211/307
f 211/307 219/317 210/306
f 220/318 219/317 211/307
f 220/319 218/320 221/321
f 222/322 213/310 208/309
f 203/298 199/294 223/323
f 224/324 223/325 225/326
f 226/327 224/324 225/326
f 227/328 228/329 224/330
f 224/324 229/331 223/325
f 223/323 230/332 203/298
f 228/333 231/334 229/335
f 232/336 231/334 228/333
f 233/337 228/329 227/328
f 234/338 233/337 227/328
f 227/328 235/339 234/338
f 236/340 233/337 234/338
f 234/338 237/341 236/340
f 238/342 239/343 236/344
f 236/344 240/345 238/342
f 238/342 240/345 241/346
f 242/347 243/348 241/349
f 243/348 244/350 241/349
f 242/347 241/349 245/351
f 246/352 247/353 245/354
f 248/355 247/353 246/352
f 249/356 248/355 246/352
f 249/356 246/352 250/357
f 250/357 251/358 249/356
f 249/356 251/358 252/359
f 249/356 252/359 253/360
f 253/361 254/362 248/363
f 255/364 254/362 253/361
f 253/361 256/365 255/364
f 255/364 256/365 257/366
f 257/367 258/368 259/369
f 259/369 258/368 260/370
f 261/371 262/372 260/373
f 263/374 264/375 260/376
f 260/370 265/377 259/369
f 259/369 266/378 257/367
f 256/365 267/379 257/366
f 261/380 267/381 268/382
f 268/382 267/381 269/383
f 270/384 265/377 260/370
f 270/385 264/386 271/387
f 271/388 272/389 273/390
f 273/390 272/389 274/391
f 275/392 276/393 274/394
f 277/395 278/396 274/397
f 274/391 279/398 273/390
f 273/390 280/399 271/388
f 264/386 281/400 271/387
f 281/401 282/402 275/403
f 283/404 279/398 274/391
f 283/405 278/406 284/407
f 278/406 285/408 284/407
f 286/409 287/410 284/411
f 288/412 289/413 284/414
f 290/415 288/416 287/417
f 291/418 290/415 287/417
f 292/419 290/415 291/418
f 293/420 294/421 291/422
f 295/423 296/424 291/425
f 292/426 296/427 297/428
f 297/429 298/430 299/431
f 299/431 300/432 297/429
f 296/427 301/433 297/428
f 302/434 298/435 301/436
f 301/436 303/437 302/434
f 285/438 304/439 293/440
f 297/428 301/433 298/430
f 292/426 297/428 300/432
f 295/441 303/437 301/436
f 301/433 296/427 295/441
f 291/425 296/424 292/419
f 291/422 294/421 295/423
f 284/411 287/410 288/412
f 291/418 287/417 286/409
f 291/422 286/409 293/420
f 293/440 286/409 285/438
f 284/407 285/408 286/409
f 283/405 284/407 289/413
f 277/442 304/439 285/438
f 285/408 278/406 277/442
f 274/397 278/396 283/404
f 274/394 276/393 277/395
f 274/394 272/389 275/392
f 275/403 272/389 281/401
f 271/387 281/400 272/389
f 270/385 271/387 280/399
f 263/443 282/402 281/401
f 281/401 264/386 263/443
f 260/376 264/375 270/384
f 260/376 262/372 263/374
f 260/370 258/368 261/371
f 261/380 258/368 267/381
f 257/367 267/379 258/368
f 255/364 257/366 266/378
f 267/379 256/365 269/383
f 269/383 256/365 253/361
f 253/361 252/359 269/383
f 253/361 248/363 249/356
f 207/304 208/303 209/305
f 213/310 214/312 209/311
f 208/309 205/300 222/322
f 222/322 205/300 200/295
f 200/295 204/299 222/322
f 305/444 306/445 307/446
f 307/446 308/447 305/444
f 307/446 309/448 308/447
f 310/449 311/450 307/451
f 312/452 311/450 310/449
f 310/449 313/453 312/452
f 314/454 315/455 312/456
f 316/457 315/455 314/454
f 314/454 317/458 316/457
f 318/459 319/460 316/461
f 320/462 319/460 318/459
f 318/459 321/463 320/462
f 322/464 323/465 320/466
f 323/465 324/467 320/466
f 325/468 324/467 323/465
f 326/469 323/465 322/464
f 322/464 327/470 326/469
f 328/471 329/472 326/473
f 323/465 326/469 330/474
f 331/475 332/476 330/477
f 333/478 332/476 331/475
f 331/475 334/479 333/478
f 333/478 334/479 335/480
f 334/479 336/481 335/480
f 337/482 338/483 335/484
f 339/485 338/483 337/482
f 340/486 339/485 337/482
f 340/486 337/482 341/487
f 336/488 342/489 341/490
f 343/491 342/489 336/488
f 343/492 334/493 344/494
f 344/495 345/496 346/497
f 347/498 346/499 348/500
f 348/500 349/501 347/498
f 350/502 351/503 347/504
f 347/498 352/505 346/499
f 346/499 352/505 353/506
f 353/507 354/508 344/509
f 355/510 351/503 350/502
f 350/502 356/511 355/510
f 355/512 357/513 358/514
f 358/514 357/513 359/515
f 357/513 360/516 359/515
f 361/517 362/518 359/519
f 358/514 359/515 363/520
f 364/521 365/522 363/523
f 365/522 366/524 363/523
f 367/525 365/522 364/521
f 368/526 364/527 362/528
f 369/529 362/518 361/517
f 369/529 361/517 370/530
f 370/530 371/531 369/529
f 369/532 372/533 373/534
f 373/534 372/533 374/535
f 372/533 375/536 374/535
f 374/535 375/536 376/537
f 374/535 376/537 377/538
f 377/538 376/537 378/539
f 376/537 379/540 378/539
f 242/541 380/542 378/543
f 381/544 243/545 379/546
f 379/546 382/547 381/544
f 381/548 383/549 244/550
f 384/551 238/552 244/553
f 384/554 385/555 239/556
f 386/557 382/547 379/546
f 374/535 387/558 373/534
f 373/559 388/560 368/561
f 364/562 388/563 389/564
f 389/564 390/565 364/562
f 367/566 390/567 391/568
f 391/568 392/569 367/566
f 393/570 392/569 391/568
f 394/571 393/570 391/568
f 389/572 395/573 391/574
f 396/575 394/571 391/568
f 397/576 393/570 394/571
f 397/576 398/577 393/570
f 399/578 398/577 397/576
f 397/576 400/579 399/578
f 399/578 400/579 401/580
f 402/581 403/582 401/583
f 404/584 405/585 401/586
f 401/580 406/587 399/578
f 407/588 406/587 401/580
f 407/589 405/590 408/591
f 409/592 410/593 408/594
f 408/594 411/595 409/592
f 409/592 411/595 412/596
f 413/597 414/598 412/599
f 415/600 416/601 412/602
f 412/596 417/603 409/592
f 418/604 417/603 412/596
f 418/605 416/606 419/607
f 416/606 420/608 419/607
f 421/609 422/610 419/611
f 423/612 419/611 422/610
f 424/613 425/614 422/615
f 423/612 422/610 426/616
f 427/617 425/614 424/613
f 428/618 429/619 424/620
f 430/621 431/622 424/623
f 427/624 431/625 432/626
f 432/627 433/628 434/629
f 435/630 432/627 434/629
f 431/625 436/631 432/626
f 437/632 433/633 436/634
f 436/634 438/635 437/632
f 420/636 439/637 428/638
f 408/639 440/640 413/641
f 432/626 436/631 433/628
f 432/626 435/630 427/624
f 430/642 438/635 436/634
f 436/631 431/625 430/642
f 424/613 431/622 427/617
f 424/620 429/619 430/621
f 426/616 422/610 425/614
f 424/613 422/615 421/609
f 424/620 421/609 428/618
f 428/618 421/609 420/636
f 419/607 420/608 421/609
f 419/607 423/612 418/605
f 415/643 439/637 420/636
f 420/608 416/606 415/643
f 412/596 416/601 418/604
f 412/599 414/598 415/600
f 412/599 411/595 413/597
f 413/641 411/595 408/639
f 408/591 410/593 407/589
f 404/644 440/640 408/639
f 408/639 405/590 404/644
f 401/586 405/585 407/588
f 401/586 403/582 404/584
f 401/583 400/579 402/581
f 397/645 441/646 402/647
f 402/647 400/579 397/645
f 396/648 441/646 397/645
f 397/645 394/571 396/648
f 391/568 395/573 396/575
f 391/568 390/567 389/572
f 364/562 390/565 367/525
f 368/561 388/560 364/527
f 368/561 369/532 373/559
f 442/649 372/533 369/532
f 369/529 371/531 442/649
f 375/536 372/533 442/649
f 362/528 369/529 368/526
f 364/521 363/523 362/528
f 363/523 359/515 362/528
f 363/523 366/524 358/514
f 358/514 443/650 355/512
f 386/651 376/537 375/536
f 379/546 376/537 386/557
f 378/539 379/540 243/545
f 378/539 243/545 242/541
f 245/351 247/353 242/347
f 244/550 243/348 381/548
f 244/550 383/549 384/551
f 241/346 244/350 238/342
f 239/556 238/342 384/554
f 245/351 241/349 240/345
f 246/352 245/354 240/345
f 250/357 246/352 240/345
f 240/345 236/344 250/357
f 236/340 237/341 250/357
f 236/344 239/343 233/337
f 232/652 233/337 239/343
f 239/556 385/555 232/652
f 228/333 233/337 232/336
f 228/333 229/335 224/330
f 227/328 224/330 226/327
f 229/331 230/332 223/325
f 225/326 223/325 199/294
f 199/294 202/297 225/326
f 307/446 306/445 310/449
f 312/452 313/453 314/454
f 316/461 317/458 318/459
f 320/466 321/463 322/464
f 347/498 349/501 350/502
f 350/502 444/653 356/511
f 445/654 357/655 356/656
f 445/657 446/658 360/659
f 356/656 444/653 445/654
f 355/510 356/511 357/513
f 360/659 357/513 445/657
f 360/659 446/658 370/660
f 370/530 361/517 360/659
f 359/515 360/516 361/517
f 447/661 25/662 448/663
f 448/663 449/664 447/661
f 447/661 449/664 450/665
f 450/666 451/667 452/668
f 453/669 454/670 452/671
f 454/672 455/673 450/674
f 454/672 456/675 455/673
f 457/676 455/673 456/675
f 458/677 456/675 454/672
f 456/675 459/678 457/676
f 457/679 460/680 461/681
f 447/682 461/683 462/684
f 462/685 463/686 29/687
f 29/687 464/688 462/685
f 465/689 462/684 461/683
f 465/690 466/691 463/692
f 467/693 32/694 463/695
f 32/45 468/696 30/42
f 467/697 469/698 468/699
f 470/700 33/701 468/702
f 471/703 33/701 470/700
f 472/704 38/705 471/706
f 473/707 459/678 456/675
f 474/708 473/709 458/710
f 475/711 458/712 453/713
f 476/714 474/715 475/716
f 475/716 477/717 476/714
f 476/714 477/717 478/718
f 478/718 479/719 476/714
f 480/720 476/714 479/719
f 481/721 479/719 478/718
f 478/718 482/722 481/721
f 481/721 482/722 483/723
f 484/724 485/725 483/726
f 483/723 486/727 481/721
f 487/728 481/721 486/727
f 485/729 488/730 486/731
f 485/729 489/732 488/730
f 490/733 489/732 485/729
f 491/734 485/725 484/724
f 484/724 492/735 491/734
f 491/736 493/737 494/738
f 494/738 495/739 491/736
f 491/734 492/735 496/740
f 497/741 493/742 496/743
f 495/744 498/745 490/746
f 487/747 499/748 479/749
f 480/750 500/751 474/752
f 479/719 499/748 480/720
f 479/719 481/721 487/747
f 474/752 476/714 480/750
f 486/731 488/730 487/728
f 485/729 486/731 483/726
f 496/740 493/742 491/734
f 485/729 491/734 490/733
f 490/746 491/734 495/744
f 474/708 500/751 473/709
f 475/711 474/715 458/712
f 458/677 473/709 456/675
f 453/713 458/712 454/670
f 452/668 454/670 450/666
f 450/674 455/673 447/661
f 461/681 455/673 457/679
f 455/673 461/681 447/661
f 461/683 460/680 465/689
f 463/686 462/685 465/690
f 462/684 464/688 447/682
f 25/662 447/661 464/688
f 463/695 466/691 467/693
f 26/37 25/36 464/688
f 464/688 29/687 26/37
f 29/687 463/686 32/694
f 29/687 32/694 27/38
f 468/699 32/45 467/697
f 468/702 469/698 470/700
f 30/46 468/696 33/47
f 471/703 35/49 33/701
f 38/53 35/52 471/706
f 26/40 28/39 21/753
f 26/40 21/753 20/35
f 448/663 25/662 20/35
f 20/35 24/33 448/663
f 19/31 23/30 20/25
f 19/27 22/28 18/22
f 19/24 4/23 3/29
f 16/18 4/23 18/21
f 16/18 1/1 4/23
f 6/7 2/2 1/5
f 5/6 1/5 16/18
f 14/20 5/6 16/18
f 7/17 5/6 14/15
f 7/8 15/16 13/14
f 501/754 12/755 13/756
f 12/755 501/754 502/757
f 502/757 503/758 12/755
f 11/759 503/760 504/761
f 504/761 505/762 11/759
f 504/761 503/760 506/763
f 506/763 507/764 504/761
f 508/765 507/764 506/763
f 506/763 509/766 508/765
f 508/765 509/766 510/767
f 511/768 510/767 509/766
f 512/769 509/766 506/763
f 502/770 513/771 506/772
f 514/773 511/774 512/775
f 515/776 516/777 511/778
f 517/779 510/767 511/768
f 518/780 519/781 510/782
f 518/783 517/784 520/785
f 520/785 521/786 518/783
f 522/787 521/786 520/785
f 520/785 523/788 522/787
f 522/787 523/788 524/789
f 525/790 524/789 523/788
f 526/791 523/788 520/785
f 516/792 527/793 520/794
f 528/795 525/796 526/797
f 525/796 528/795 529/798
f 529/798 530/799 525/796
f 524/800 530/801 531/802
f 531/802 532/803 524/800
f 530/801 524/800 525/796
f 524/800 532/803 522/787
f 525/790 523/788 526/797
f 520/785 527/793 526/791
f 510/782 519/781 508/765
f 510/782 517/779 518/780
f 517/784 516/792 520/785
f 516/792 515/776 527/793
f 511/778 516/777 517/779
f 511/774 514/773 515/776
f 511/768 509/766 512/775
f 506/763 513/771 512/769
f 506/763 503/760 502/770
f 503/760 11/759 12/755
f 12/13 10/11 13/756
f 11/759 505/762 9/10
f 326/473 327/470 328/471
f 328/804 533/805 345/806
f 345/806 533/805 348/807
f 348/807 346/499 345/806
f 345/806 329/472 328/804
f 353/506 344/509 346/499
f 329/472 345/806 344/495
f 330/474 326/469 329/472
f 330/474 325/468 323/465
f 331/475 330/477 329/472
f 344/495 331/475 329/472
f 334/493 331/475 344/494
f 344/494 354/508 343/492
f 336/481 334/479 343/491
f 335/484 336/481 337/482
f 341/487 337/482 336/488
f 534/808 535/809 536/810
f 537/811 538/812 536/813
f 539/814 534/808 536/810
f 539/814 536/810 540/815
f 538/816 541/817 540/818
f 540/815 542/819 539/814
f 539/814 542/819 543/820
f 544/821 545/822 541/823
f 546/824 545/822 544/821
f 544/821 547/825 546/824
f 546/824 547/825 548/826
f 549/827 548/828 550/829
f 550/830 547/831 551/832
f 544/833 552/834 551/835
f 550/829 553/836 549/827
f 549/827 554/837 548/828
f 555/838 556/839 549/840
f 557/841 556/839 555/838
f 558/842 557/841 555/838
f 555/838 559/843 558/842
f 558/844 560/845 561/846
f 562/847 563/848 561/849
f 561/850 564/851 557/852
f 565/853 564/851 561/850
f 565/854 563/855 566/856
f 567/857 568/858 566/859
f 569/860 567/857 566/859
f 566/859 570/861 569/860
f 570/861 571/862 569/860
f 558/844 572/863 560/845
f 566/859 568/858 565/854
f 559/843 572/863 558/842
f 561/846 557/852 558/844
f 561/849 563/848 565/853
f 561/846 560/845 562/847
f 566/856 563/855 562/847
f 562/847 570/861 566/856
f 553/864 559/843 555/838
f 549/827 553/836 555/838
f 548/828 554/837 546/824
f 550/830 548/828 547/831
f 551/835 547/831 544/833
f 537/865 552/834 544/833
f 536/810 535/809 537/811
f 544/833 538/812 537/865
f 540/818 536/810 538/816
f 544/821 541/823 538/812
f 539/866 339/485 340/486
f 340/486 534/808 539/866
f 543/820 339/485 539/814
f 338/483 339/485 543/820
f 211/307 218/316 220/318
f 142/208 143/205 146/209
f 138/203 139/200 140/201
f 135/198 134/194 136/196
f 135/195 132/190 131/193
f 48/69 109/162 106/158
f 106/158 573/867 49/70
f 574/868 111/164 109/162
f 46/869 575/870 574/871
f 576/872 575/870 46/869
f 109/162 48/69 574/868
f 574/868 48/69 46/869
f 47/68 46/66 48/69
f 46/66 44/65 576/872
f 47/157 43/60 44/65
f 576/872 44/65 45/64
f 45/873 38/705 472/704
f 38/705 45/873 39/62
f 36/50 38/53 39/54
f 1471/874 1472/875 1473/876
f 1473/876 1474/877 1471/874
f 1475/878 1472/875 1471/874
f 1476/879 1471/874 1474/877
f 1477/880 1474/877 1473/876
f 1473/876 1478/881 1477/880
f 1477/880 1478/881 1479/882
f 1480/883 1481/884 1479/885
f 1479/885 1482/886 1480/883
f 1483/887 1484/888 1480/889
f 1485/890 1484/888 1483/887
f 1483/887 1486/891 1485/890
f 1485/890 1486/891 1487/892
f 1486/891 1488/893 1487/892
f 1487/892 1489/894 1485/890
f 1490/895 1489/894 1487/892
f 1487/892 1491/896 1490/895
f 1492/897 1493/898 1490/899
f 1493/900 1494/901 1495/902
f 1495/902 1494/901 1496/903
f 1494/901 1497/904 1496/903
f 1496/903 1497/904 1498/905
f 1499/906 1498/907 1500/908
f 1500/908 1501/909 1499/906
f 1502/910 1501/909 1500/908
f 1503/911 1500/912 1504/913
f 1504/913 1505/914 1503/911
f 1503/911 1505/914 1506/915
f 1507/916 1506/917 1508/918
f 1507/916 1508/918 1509/919
f 1510/920 1511/921 1509/922
f 1512/923 1510/920 1509/922
f 1498/924 1513/925 1504/926
f 1494/901 1514/927 1497/904
f 1497/904 1513/925 1498/905
f 1509/922 1508/918 1512/923
f 1498/907 1499/906 1496/903
f 1504/926 1500/912 1498/924
f 1492/928 1514/927 1494/901
f 1494/901 1493/900 1492/928
f 1490/899 1491/896 1492/897
f 1488/893 1486/891 1483/887
f 1480/883 1482/886 1483/887
f 1500/908 1503/911 1502/910
f 1507/916 1509/919 1502/929
f 1502/929 1503/911 1507/916
f 1503/911 1506/915 1507/916
f 1515/930 1516/931 1517/932
f 1517/932 1518/933 1515/930
f 1519/934 1515/935 1520/936
f 1520/936 1521/937 1519/934
f 1519/934 1521/937 1522/938
f 1520/936 1515/935 1523/939
f 1515/935 1524/940 1523/939
f 1525/941 1526/942 1523/943
f 1527/944 1526/942 1525/941
f 1528/945 1529/946 1525/947
f 1525/947 1529/946 1530/948
f 1531/949 1530/948 1529/946
f 1532/950 1533/951 1529/952
f 1518/953 1534/954 1532/955
f 1535/956 1534/954 1518/953
f 1518/953 1536/957 1535/956
f 1537/958 1530/948 1531/949
f 1531/949 1538/959 1537/958
f 1537/960 1539/961 1540/962
f 1541/963 1542/964 1540/965
f 1540/962 1543/966 1537/960
f 1537/958 1538/959 1544/967
f 1544/968 1545/969 1541/970
f 1546/971 1542/964 1541/963
f 1541/970 1545/969 1547/972
f 1547/973 1548/974 1549/975
f 1549/975 1548/974 1550/976
f 1550/976 1551/977 1549/975
f 1552/978 1549/979 1553/980
f 1551/981 1554/982 1553/983
f 1553/984 1555/985 1546/986
f 1546/971 1556/987 1542/964
f 1554/988 1557/989 1555/990
f 1558/991 1557/989 1554/988
f 1559/992 1558/991 1554/988
f 1560/993 1558/991 1559/992
f 1559/994 1561/995 1562/996
f 1563/997 1564/998 1562/999
f 1562/999 1565/1000 1563/997
f 1566/1001 1567/1002 1563/1003
f 1567/1002 1568/1004 1563/1003
f 1567/1002 1569/1005 1568/1004
f 1570/1006 1569/1005 1567/1002
f 1571/1007 1567/1002 1566/1001
f 1572/1008 1566/1009 1573/1010
f 1573/1010 1574/1011 1572/1008
f 1571/1012 1572/1013 1575/1014
f 1576/1015 1575/1016 1577/1017
f 1577/1017 1578/1018 1576/1015
f 1579/1019 1576/1020 1580/1021
f 1580/1021 1581/1022 1579/1019
f 1579/1019 1581/1022 1582/1023
f 1582/1023 1583/1024 1579/1019
f 1579/1019 1583/1024 1584/1025
f 1571/1026 1585/1027 1584/1028
f 1586/1029 1580/1021 1576/1020
f 1565/1030 1587/1031 1573/1032
f 1588/1033 1587/1031 1565/1030
f 1561/1034 1589/1035 1588/1036
f 1576/1020 1578/1018 1586/1029
f 1550/1037 1589/1035 1561/1034
f 1573/1010 1566/1009 1565/1030
f 1561/1034 1551/977 1550/1037
f 1563/1003 1565/1000 1566/1001
f 1565/1030 1562/999 1588/1033
f 1588/1036 1562/999 1561/1034
f 1551/977 1561/1034 1559/994
f 1562/999 1564/998 1559/994
f 1559/994 1554/988 1551/977
f 1559/992 1564/998 1560/993
f 1560/993 1564/998 1563/997
f 1563/1003 1568/1004 1560/993
f 1553/983 1549/979 1551/981
f 1554/988 1555/990 1553/983
f 1555/985 1556/987 1546/986
f 1553/980 1546/986 1552/978
f 1549/979 1552/978 1547/973
f 1552/978 1546/986 1541/963
f 1547/973 1552/978 1541/970
f 1540/962 1539/961 1541/963
f 1541/970 1539/961 1544/968
f 1544/968 1539/961 1537/958
f 1537/958 1527/1038 1530/948
f 1527/944 1590/1039 1526/942
f 1537/958 1543/966 1527/1038
f 1543/966 1590/1039 1527/1038
f 1530/948 1527/1038 1525/947
f 1523/939 1524/940 1525/941
f 1525/947 1524/940 1528/945
f 1528/945 1524/940 1515/935
f 1519/934 1516/931 1515/935
f 1515/935 1518/933 1528/945
f 1517/932 1536/957 1518/933
f 1532/955 1528/945 1518/953
f 1529/952 1528/945 1532/950
f 1529/946 1533/951 1531/949
f 1591/1040 1592/1041 1593/1042
f 1594/1043 1595/1044 1593/1045
f 1593/1045 1595/1044 1596/1046
f 1597/1047 1598/1048 1596/1049
f 1596/1049 1598/1048 1599/1050
f 1599/1051 1600/1052 1601/1053
f 1601/1054 1602/1055 1603/1056
f 1604/1057 1605/1058 1603/1059
f 1603/1056 1602/1055 1606/1060
f 1607/1061 1608/1062 1606/1063
f 1606/1063 1609/1064 1607/1061
f 1607/1065 1610/1066 1604/1067
f 1611/1068 1612/1069 1604/1070
f 1613/1071 1614/1072 1611/1073
f 1615/1074 1616/1075 1611/1076
f 1591/1077 1616/1078 1617/1079
f 1618/1080 1619/1081 1617/1082
f 1615/1083 1620/1084 1617/1085
f 1617/1082 1621/1086 1618/1080
f 1622/1087 1623/1088 1618/1089
f 1618/1080 1621/1086 1624/1090
f 1625/1091 1626/1092 1624/1093
f 1624/1090 1627/1094 1618/1080
f 1618/1089 1623/1088 1628/1095
f 1628/1096 1629/1097 1594/1098
f 1630/1099 1631/1100 1594/1101
f 1630/1102 1629/1103 1632/1104
f 1632/1105 1633/1106 1634/1107
f 1635/1108 1634/1107 1633/1106
f 1633/1106 1636/1109 1635/1108
f 1637/1110 1635/1108 1636/1109
f 1638/1111 1639/1112 1636/1113
f 1622/1114 1640/1115 1636/1116
f 1641/1117 1640/1115 1622/1114
f 1641/1118 1626/1119 1642/1120
f 1642/1121 1643/1122 1644/1123
f 1644/1123 1643/1122 1645/1124
f 1646/1125 1645/1124 1643/1122
f 1645/1124 1647/1126 1644/1123
f 1648/1127 1649/1128 1644/1129
f 1650/1130 1651/1131 1644/1132
f 1652/1133 1651/1131 1650/1130
f 1653/1134 1654/1135 1650/1136
f 1650/1137 1649/1138 1655/1139
f 1655/1140 1656/1141 1657/1142
f 1653/1143 1658/1144 1657/1145
f 1659/1146 1660/1147 1657/1148
f 1661/1149 1662/1150 1657/1151
f 1663/1152 1662/1150 1661/1149
f 1661/1149 1664/1153 1663/1152
f 1663/1154 1665/1155 1659/1156
f 1659/1156 1665/1155 1666/1157
f 1666/1158 1667/1159 1668/1160
f 1669/1161 1670/1162 1668/1163
f 1668/1160 1671/1164 1666/1158
f 1666/1158 1671/1164 1672/1165
f 1673/1166 1674/1167 1672/1168
f 1672/1169 1675/1170 1676/1171
f 1677/1172 1678/1173 1676/1174
f 1676/1174 1679/1175 1677/1172
f 1680/1176 1681/1177 1677/1178
f 1682/1179 1683/1180 1677/1181
f 1680/1182 1683/1183 1684/1184
f 1682/1185 1685/1186 1684/1187
f 1684/1184 1686/1188 1680/1182
f 1684/1189 1687/1190 1637/1191
f 1688/1192 1687/1190 1684/1189
f 1689/1193 1688/1194 1685/1195
f 1690/1196 1685/1186 1682/1185
f 1682/1197 1679/1198 1691/1199
f 1692/1200 1693/1201 1691/1202
f 1691/1202 1694/1203 1692/1200
f 1692/1200 1694/1203 1695/1204
f 1696/1205 1697/1206 1695/1207
f 1698/1208 1699/1209 1695/1210
f 1695/1204 1694/1203 1700/1211
f 1700/1212 1701/1213 1702/1214
f 1696/1215 1703/1216 1702/1217
f 1704/1218 1705/1219 1702/1220
f 1702/1220 1706/1221 1704/1218
f 1707/1222 1705/1219 1704/1218
f 1704/1223 1708/1224 1709/1225
f 1709/1226 1710/1227 1711/1228
f 1711/1228 1710/1227 1712/1229
f 1713/1230 1714/1231 1712/1232
f 1712/1232 1714/1231 1715/1233
f 1716/1234 1717/1235 1715/1236
f 1715/1236 1717/1235 1718/1237
f 1718/1237 1719/1238 1715/1236
f 1715/1236 1719/1238 1720/1239
f 1711/1240 1721/1241 1720/1242
f 1722/1243 1723/1244 1720/1245
f 1724/1246 1725/1247 1720/1248
f 1720/1242 1726/1249 1711/1240
f 1711/1228 1727/1250 1709/1226
f 1709/1251 1728/1252 1729/1253
f 1730/1254 1731/1255 1729/1256
f 1729/1256 1732/1257 1730/1254
f 1730/1258 1733/1259 1734/1260
f 1734/1261 1735/1262 1736/1263
f 1736/1263 1735/1262 1737/1264
f 1737/1264 1735/1262 1738/1265
f 1739/1266 1740/1267 1738/1268
f 1738/1265 1741/1269 1737/1264
f 1737/1270 1742/1271 1743/1272
f 1744/1273 1745/1274 1743/1275
f 1746/1276 1747/1277 1743/1278
f 1743/1272 1748/1279 1737/1270
f 1749/1280 1742/1271 1737/1270
f 1750/1281 1751/1282 1749/1283
f 1749/1284 1752/1285 1744/1286
f 1744/1287 1753/1288 1754/1289
f 1754/1290 1755/1291 1746/1292
f 1746/1292 1755/1291 1756/1293
f 1756/1293 1755/1291 1757/1294
f 1757/1294 1758/1295 1756/1293
f 1756/1296 1759/1297 1760/1298
f 1760/1298 1759/1297 1761/1299
f 1762/1300 1763/1301 1761/1302
f 1761/1302 1764/1303 1762/1300
f 1765/1304 1766/1305 1762/1306
f 1762/1306 1767/1307 1765/1304
f 1765/1304 1767/1307 1768/1308
f 1769/1309 1770/1310 1768/1311
f 1768/1308 1771/1312 1765/1304
f 1772/1313 1766/1305 1765/1304
f 1765/1304 1773/1314 1772/1313
f 1772/1315 1774/1316 1775/1317
f 1775/1318 1776/1319 1777/1320
f 1778/1321 1779/1322 1777/1323
f 1777/1320 1780/1324 1775/1318
f 1781/1325 1782/1326 1775/1327
f 1783/1328 1776/1319 1775/1318
f 1784/1329 1776/1319 1783/1328
f 1783/1330 1774/1331 1785/1332
f 1786/1333 1785/1334 1773/1335
f 1787/1336 1773/1314 1765/1304
f 1785/1332 1788/1337 1783/1330
f 1789/1338 1790/1339 1783/1340
f 1784/1341 1790/1342 1791/1343
f 1792/1344 1793/1345 1791/1346
f 1794/1347 1795/1348 1791/1349
f 1794/1347 1796/1350 1795/1348
f 1797/1351 1796/1350 1794/1347
f 1789/1352 1798/1353 1797/1354
f 1799/1355 1798/1353 1789/1352
f 1784/1356 1793/1357 1800/1358
f 1800/1359 1801/1360 1778/1361
f 1778/1361 1801/1360 1802/1362
f 1802/1362 1801/1360 1803/1363
f 1803/1364 1804/1365 1805/1366
f 1800/1367 1806/1368 1803/1369
f 1800/1358 1807/1370 1784/1356
f 1802/1362 1808/1371 1778/1361
f 1778/1361 1808/1371 1809/1372
f 1779/1373 1809/1374 1810/1375
f 1810/1375 1811/1376 1779/1373
f 1811/1377 1812/1378 1781/1379
f 1781/1379 1812/1378 1813/1380
f 1813/1381 1814/1382 1815/1383
f 1816/1384 1815/1385 1817/1386
f 1817/1386 1818/1387 1816/1384
f 1813/1388 1816/1389 1819/1390
f 1819/1390 1820/1391 1813/1388
f 1821/1392 1814/1382 1813/1381
f 1822/1393 1820/1391 1819/1390
f 1819/1394 1823/1395 1761/1396
f 1824/1397 1764/1303 1761/1302
f 1824/1398 1825/1399 1769/1400
f 1826/1401 1825/1399 1824/1398
f 1827/1402 1825/1399 1826/1401
f 1826/1401 1828/1403 1827/1402
f 1829/1404 1828/1403 1826/1401
f 1826/1401 1830/1405 1829/1404
f 1829/1404 1830/1405 1831/1406
f 1831/1407 1832/1408 1833/1409
f 1834/1410 1835/1411 1833/1412
f 1836/1413 1837/1414 1833/1415
f 1838/1416 1837/1414 1836/1413
f 1839/1417 1840/1418 1836/1419
f 1836/1419 1841/1420 1839/1417
f 1839/1417 1841/1420 1842/1421
f 1843/1422 1842/1423 1844/1424
f 1844/1424 1845/1425 1843/1422
f 1846/1426 1847/1427 1845/1428
f 1848/1429 1847/1427 1846/1426
f 1849/1430 1850/1431 1846/1432
f 1846/1432 1851/1433 1849/1430
f 1849/1434 1852/1435 1853/1436
f 1853/1436 1854/1437 1849/1434
f 1855/1438 1852/1435 1849/1434
f 1849/1434 1854/1437 1856/1439
f 1857/1440 1858/1441 1856/1442
f 1661/1443 1859/1444 1857/1445
f 1860/1446 1859/1444 1661/1443
f 1861/1447 1860/1448 1656/1449
f 1855/1450 1851/1451 1862/1452
f 1862/1453 1863/1454 1864/1455
f 1864/1455 1865/1456 1862/1453
f 1855/1457 1865/1458 1866/1459
f 1866/1460 1867/1461 1868/1462
f 1750/1463 1869/1464 1868/1465
f 1870/1466 1751/1467 1868/1468
f 1868/1462 1871/1469 1866/1460
f 1866/1459 1872/1470 1855/1457
f 1669/1471 1872/1472 1873/1473
f 1874/1474 1670/1475 1873/1476
f 1873/1476 1875/1477 1874/1474
f 1874/1478 1876/1479 1877/1480
f 1878/1481 1879/1482 1877/1483
f 1880/1484 1881/1485 1877/1486
f 1877/1486 1882/1487 1880/1484
f 1880/1488 1701/1489 1883/1490
f 1700/1491 1884/1492 1883/1493
f 1885/1494 1706/1495 1880/1496
f 1885/1497 1886/1498 1887/1499
f 1886/1498 1888/1500 1887/1499
f 1887/1499 1888/1500 1889/1501
f 1889/1502 1890/1503 1739/1504
f 1891/1505 1740/1267 1739/1266
f 1892/1506 1893/1507 1891/1508
f 1891/1508 1893/1507 1894/1509
f 1894/1509 1893/1507 1895/1510
f 1895/1511 1896/1512 1897/1513
f 1895/1510 1893/1507 1892/1506
f 1897/1513 1896/1512 1886/1514
f 1886/1514 1896/1512 1892/1515
f 1892/1515 1896/1512 1895/1510
f 1892/1515 1888/1500 1886/1514
f 1889/1501 1888/1500 1892/1515
f 1897/1513 1886/1514 1885/1497
f 1892/1515 1890/1503 1889/1501
f 1891/1508 1890/1503 1892/1506
f 1739/1266 1890/1503 1891/1505
f 1885/1497 1882/1516 1897/1513
f 1880/1484 1882/1487 1885/1494
f 1897/1513 1882/1516 1877/1486
f 1877/1480 1876/1479 1897/1513
f 1897/1513 1876/1479 1895/1511
f 1895/1511 1876/1479 1874/1478
f 1877/1483 1879/1482 1874/1478
f 1874/1474 1875/1477 1895/1511
f 1895/1510 1875/1477 1894/1509
f 1874/1478 1879/1482 1668/1517
f 1668/1517 1670/1162 1874/1478
f 1668/1517 1879/1482 1878/1481
f 1894/1509 1875/1477 1873/1476
f 1877/1483 1881/1485 1878/1481
f 1873/1473 1670/1475 1669/1471
f 1878/1481 1671/1164 1668/1517
f 1668/1160 1667/1159 1669/1161
f 1672/1165 1671/1164 1878/1481
f 1669/1161 1667/1159 1853/1518
f 1853/1518 1667/1159 1666/1158
f 1853/1518 1852/1435 1669/1161
f 1669/1161 1852/1435 1855/1438
f 1855/1438 1872/1470 1669/1161
f 1666/1158 1665/1155 1853/1518
f 1853/1518 1665/1155 1663/1154
f 1663/1154 1854/1437 1853/1518
f 1856/1439 1854/1437 1663/1154
f 1873/1473 1872/1472 1866/1459
f 1663/1154 1664/1153 1856/1439
f 1866/1460 1871/1469 1873/1473
f 1873/1473 1871/1469 1894/1509
f 1856/1439 1664/1153 1857/1440
f 1857/1445 1664/1153 1661/1443
f 1894/1509 1871/1469 1868/1462
f 1661/1443 1656/1449 1860/1446
f 1657/1142 1656/1141 1661/1149
f 1868/1465 1869/1464 1894/1509
f 1894/1509 1869/1464 1891/1508
f 1891/1508 1869/1464 1750/1463
f 1750/1463 1740/1267 1891/1508
f 1868/1468 1751/1467 1750/1463
f 1738/1268 1740/1267 1750/1463
f 1750/1463 1741/1269 1738/1268
f 1749/1283 1741/1269 1750/1281
f 1737/1270 1741/1269 1749/1280
f 1749/1283 1751/1282 1870/1466
f 1870/1519 1898/1520 1834/1521
f 1899/1522 1835/1411 1834/1410
f 1868/1468 1867/1461 1870/1466
f 1834/1521 1898/1520 1899/1522
f 1870/1466 1752/1285 1749/1283
f 1834/1521 1752/1285 1870/1519
f 1744/1286 1752/1285 1834/1521
f 1744/1286 1742/1271 1749/1284
f 1743/1275 1742/1271 1744/1273
f 1743/1278 1747/1277 1900/1523
f 1900/1524 1901/1525 1736/1526
f 1736/1263 1902/1527 1734/1261
f 1903/1528 1904/1529 1734/1530
f 1903/1531 1902/1532 1905/1533
f 1906/1534 1907/1535 1905/1536
f 1908/1537 1909/1538 1905/1539
f 1910/1540 1909/1538 1908/1537
f 1908/1537 1911/1541 1910/1540
f 1910/1542 1912/1543 1716/1544
f 1913/1545 1717/1235 1716/1234
f 1716/1544 1914/1546 1910/1542
f 1915/1547 1912/1543 1910/1542
f 1915/1548 1916/1549 1913/1550
f 1913/1550 1916/1549 1917/1551
f 1917/1552 1918/1553 1919/1554
f 1722/1555 1919/1556 1920/1557
f 1921/1558 1920/1559 1922/1560
f 1922/1560 1923/1561 1921/1558
f 1921/1558 1923/1561 1924/1562
f 1925/1563 1926/1564 1924/1565
f 1924/1565 1927/1566 1925/1563
f 1928/1567 1929/1568 1925/1569
f 1925/1569 1929/1568 1930/1570
f 1931/1571 1930/1572 1932/1573
f 1932/1574 1933/1575 1934/1576
f 1935/1577 1936/1578 1934/1579
f 1933/1575 1937/1580 1934/1576
f 1934/1579 1938/1581 1935/1577
f 1939/1582 1935/1583 1940/1584
f 1935/1583 1941/1585 1940/1584
f 1942/1586 1943/1587 1940/1588
f 1944/1589 1943/1587 1942/1586
f 1945/1590 1942/1591 1941/1592
f 1945/1590 1941/1592 1946/1593
f 1947/1594 1945/1590 1946/1593
f 1948/1595 1945/1590 1947/1594
f 1949/1596 1944/1597 1948/1598
f 1948/1598 1950/1599 1949/1596
f 1949/1600 1951/1601 1952/1602
f 1953/1603 1952/1604 1954/1605
f 1955/1606 1954/1605 1952/1604
f 1952/1602 1956/1607 1949/1600
f 1952/1602 1951/1601 1957/1608
f 1958/1609 1959/1610 1957/1611
f 1957/1611 1960/1612 1958/1609
f 1961/1613 1962/1614 1958/1615
f 1959/1610 1958/1609 1963/1616
f 1962/1617 1964/1618 1963/1619
f 1965/1620 1964/1618 1962/1617
f 1966/1621 1965/1620 1962/1617
f 1965/1622 1967/1623 1968/1624
f 1968/1624 1967/1623 1969/1625
f 1967/1623 1970/1626 1969/1625
f 1971/1627 1972/1628 1970/1629
f 1973/1630 1972/1631 1974/1632
f 1974/1633 1975/1634 1976/1635
f 1977/1636 1976/1637 1961/1638
f 1961/1639 1975/1640 1978/1641
f 1957/1642 1979/1643 1977/1644
f 1951/1645 1980/1646 1979/1647
f 1953/1648 1981/1649 1944/1650
f 1951/1645 1979/1647 1957/1608
f 1944/1650 1981/1649 1943/1587
f 1980/1646 1951/1645 1950/1651
f 1949/1596 1950/1599 1951/1601
f 1961/1639 1976/1637 1975/1640
f 1964/1618 1965/1620 1968/1624
f 1978/1641 1975/1640 1974/1633
f 1972/1631 1971/1627 1974/1632
f 1974/1633 1971/1627 1978/1641
f 1970/1629 1967/1623 1971/1627
f 1967/1623 1965/1622 1966/1621
f 1971/1627 1967/1623 1966/1621
f 1966/1621 1978/1641 1971/1627
f 1961/1639 1978/1641 1966/1621
f 1966/1621 1962/1617 1961/1639
f 1963/1616 1958/1609 1962/1617
f 1958/1609 1960/1612 1961/1613
f 1961/1613 1960/1612 1977/1636
f 1977/1636 1960/1612 1957/1642
f 1963/1616 1955/1652 1959/1610
f 1957/1611 1959/1610 1952/1602
f 1959/1610 1955/1652 1952/1602
f 1952/1604 1953/1603 1956/1607
f 1956/1607 1953/1603 1944/1650
f 1949/1596 1956/1607 1944/1597
f 1948/1598 1944/1597 1945/1590
f 1944/1597 1942/1586 1945/1590
f 1940/1588 1941/1585 1942/1586
f 1946/1593 1941/1592 1935/1583
f 1982/1653 1935/1583 1939/1582
f 1982/1654 1983/1655 1984/1656
f 1985/1657 1931/1658 1984/1659
f 1986/1660 1931/1658 1985/1657
f 1985/1657 1987/1661 1986/1660
f 1986/1660 1987/1661 1988/1662
f 1988/1663 1989/1664 1990/1665
f 1990/1665 1989/1664 1991/1666
f 1992/1667 1993/1668 1991/1669
f 1991/1669 1994/1670 1992/1667
f 1992/1667 1994/1670 1995/1671
f 1996/1672 1997/1673 1995/1674
f 1995/1674 1998/1675 1996/1672
f 1999/1676 2000/1677 1996/1678
f 1996/1672 2001/1679 1997/1673
f 2002/1680 1725/1681 1997/1682
f 2002/1683 2003/1684 1707/1685
f 2004/1686 2003/1684 2002/1683
f 1999/1687 2005/1688 1698/1689
f 1698/1689 2005/1688 2006/1690
f 2007/1691 2008/1692 2006/1693
f 2009/1694 1990/1695 1993/1696
f 2010/1697 1993/1698 1724/1699
f 2010/1700 1920/1701 2011/1702
f 2011/1703 2012/1704 2013/1705
f 2014/1706 2013/1707 2015/1708
f 1991/1669 1993/1668 1990/1665
f 2014/1709 1990/1695 2009/1694
f 1990/1695 2014/1709 1988/1663
f 2009/1694 1993/1696 2010/1697
f 1988/1663 2014/1709 1986/1660
f 2015/1708 1986/1660 2014/1706
f 2009/1694 2013/1707 2014/1709
f 1931/1658 1986/1660 2015/1708
f 2013/1705 2009/1694 2011/1703
f 2011/1703 2009/1694 2010/1700
f 2015/1708 1930/1572 1931/1658
f 1925/1710 2015/1708 2013/1707
f 1930/1570 2015/1708 1925/1569
f 2013/1705 2012/1704 1925/1710
f 1925/1569 1927/1566 1928/1567
f 1925/1563 2012/1704 1926/1564
f 1926/1564 2012/1704 2011/1703
f 1928/1711 1937/1580 1933/1575
f 1933/1575 1929/1568 1928/1711
f 2011/1703 1921/1712 1926/1564
f 1924/1562 1926/1564 1921/1558
f 1920/1559 1921/1558 2011/1702
f 1929/1568 1933/1575 1932/1574
f 1930/1570 1929/1568 1932/1573
f 1932/1573 1984/1659 1931/1571
f 1984/1656 1983/1655 1985/1657
f 1982/1654 1984/1656 1932/1573
f 1932/1573 1936/1713 1982/1654
f 1934/1576 1936/1578 1932/1574
f 1982/1653 1936/1713 1935/1583
f 1935/1583 1938/1581 1946/1593
f 1922/1560 1920/1559 1919/1556
f 1919/1556 1918/1553 1922/1560
f 1722/1555 1920/1557 2010/1700
f 2010/1700 1723/1244 1722/1555
f 1724/1699 1723/1244 2010/1697
f 1720/1245 1723/1244 1724/1246
f 1720/1239 1719/1238 1722/1243
f 1722/1243 1719/1238 1718/1237
f 1718/1237 1919/1556 1722/1243
f 1919/1554 1718/1237 1917/1552
f 1917/1551 1718/1237 1913/1550
f 1718/1237 1717/1235 1913/1550
f 1993/1698 1992/1667 1724/1699
f 1724/1699 1992/1667 1997/1714
f 1995/1671 1997/1673 1992/1667
f 1997/1714 1725/1681 1724/1699
f 1720/1248 1725/1247 2002/1680
f 1997/1682 2001/1679 2002/1680
f 2002/1680 1726/1249 1720/1248
f 2002/1683 2001/1679 2004/1686
f 1707/1685 1726/1249 2002/1683
f 2004/1686 2001/1679 1996/1672
f 1711/1240 1726/1249 1707/1685
f 1996/1672 1998/1675 1999/1676
f 1996/1678 2000/1677 2004/1686
f 1698/1689 2000/1677 1999/1687
f 2004/1686 2000/1677 1698/1689
f 1707/1685 1727/1250 1711/1240
f 1698/1689 1697/1715 2004/1686
f 1704/1218 1727/1250 1707/1222
f 1695/1210 1697/1206 1698/1208
f 1709/1225 1727/1250 1704/1223
f 2004/1686 1697/1715 1696/1205
f 1696/1205 2003/1684 2004/1686
f 1707/1685 2003/1684 1696/1205
f 1696/1205 1705/1219 1707/1685
f 1702/1217 1705/1219 1696/1215
f 1695/1207 1703/1216 1696/1205
f 1700/1211 1703/1216 1695/1204
f 1702/1214 1703/1216 1700/1212
f 1695/1210 1699/1209 1692/1200
f 2006/1690 1699/1209 1698/1689
f 1692/1200 1699/1209 2006/1690
f 2006/1693 2008/1692 1692/1200
f 1692/1200 2008/1692 1690/1716
f 1690/1716 2008/1692 2007/1691
f 2007/1691 1689/1717 1690/1716
f 1685/1186 1690/1196 1689/1193
f 1690/1716 1693/1201 1692/1200
f 1682/1185 1693/1201 1690/1196
f 1684/1189 1685/1186 1688/1192
f 1691/1199 1693/1201 1682/1197
f 1684/1187 1683/1183 1682/1185
f 1700/1211 1694/1203 1691/1202
f 1677/1172 1679/1175 1682/1179
f 1691/1199 1679/1198 1676/1174
f 1677/1178 1683/1180 1680/1176
f 1691/1202 1884/1492 1700/1211
f 1676/1174 1884/1492 1691/1199
f 1883/1493 1884/1492 1676/1174
f 1883/1493 1701/1489 1700/1491
f 1702/1214 1701/1213 1880/1488
f 1880/1496 1706/1495 1702/1214
f 1883/1490 1881/1485 1880/1488
f 1878/1481 1881/1485 1883/1490
f 1676/1174 1675/1170 1883/1493
f 1883/1493 1675/1170 1878/1481
f 1878/1481 1675/1170 1672/1165
f 1676/1174 1678/1173 1672/1169
f 1704/1218 1706/1221 1885/1494
f 1885/1494 1708/1224 1704/1218
f 1887/1499 1708/1224 1885/1497
f 1709/1225 1708/1224 1887/1499
f 1887/1499 1728/1252 1709/1225
f 1889/1501 1728/1252 1887/1499
f 1729/1253 1728/1252 1889/1501
f 1729/1253 1710/1227 1709/1251
f 1712/1229 1710/1227 1729/1253
f 1889/1501 1732/1257 1729/1253
f 1739/1504 1732/1257 1889/1502
f 1729/1256 1731/1255 1712/1229
f 1730/1254 1732/1257 1739/1504
f 1712/1229 1721/1241 1711/1228
f 1715/1233 1721/1241 1712/1232
f 1720/1242 1721/1241 1715/1236
f 1712/1232 1731/1255 1713/1230
f 1713/1230 1731/1255 1730/1254
f 1715/1236 1714/1231 1716/1234
f 1716/1234 1714/1231 1713/1230
f 1739/1504 1733/1259 1730/1254
f 1738/1268 1733/1259 1739/1266
f 1734/1260 1733/1259 1738/1268
f 1738/1268 1735/1262 1734/1260
f 1734/1260 1904/1529 1730/1258
f 1730/1258 1904/1529 1713/1230
f 1713/1230 1904/1529 1903/1528
f 1734/1530 1902/1527 1903/1528
f 1713/1230 1914/1546 1716/1234
f 1903/1528 1914/1546 1713/1230
f 1716/1544 1912/1543 1913/1545
f 1913/1545 1912/1543 1915/1548
f 1910/1542 1914/1546 1903/1528
f 1910/1540 1911/1541 1915/1547
f 1903/1528 1909/1538 1910/1542
f 1905/1539 1909/1538 1903/1531
f 1905/1533 1902/1532 1736/1263
f 1737/1270 1748/1279 1736/1263
f 1736/1526 1901/1525 1905/1533
f 1736/1263 1748/1279 1900/1524
f 1900/1718 2016/1719 1906/1720
f 1906/1721 2017/1722 2018/1723
f 2016/1724 2019/1725 2017/1726
f 2019/1725 2016/1724 2020/1727
f 2020/1728 2021/1729 2022/1730
f 2022/1730 2023/1731 2020/1728
f 1746/1732 2024/1733 2020/1734
f 2020/1728 2023/1731 2019/1725
f 2017/1726 1906/1721 2016/1724
f 2020/1727 2016/1724 1900/1718
f 1906/1720 1901/1525 1900/1718
f 1905/1536 1901/1525 1906/1534
f 1900/1524 1748/1279 1743/1278
f 2018/1723 1907/1535 1906/1721
f 1905/1536 1907/1535 1908/1537
f 1908/1537 1907/1535 2018/1723
f 1900/1718 1747/1277 2020/1727
f 2020/1727 1747/1277 1746/1732
f 1743/1278 1745/1274 1746/1276
f 1746/1276 1745/1274 1754/1290
f 1754/1289 1745/1274 1744/1287
f 1756/1293 2024/1733 1746/1292
f 1834/1521 1753/1288 1744/1286
f 1833/1412 1753/1288 1834/1410
f 1754/1289 1753/1288 1833/1412
f 2020/1734 2024/1733 1760/1735
f 1760/1735 2024/1733 1756/1296
f 1760/1735 2021/1729 2020/1734
f 1833/1412 1832/1408 1754/1289
f 1818/1736 2021/1729 1760/1735
f 2022/1730 2021/1729 1818/1736
f 1818/1387 1817/1386 2022/1730
f 1760/1735 1823/1737 1818/1736
f 1761/1299 1823/1395 1760/1298
f 1818/1736 1823/1737 1819/1394
f 1819/1394 1816/1389 1818/1736
f 1815/1383 1816/1384 1813/1381
f 1761/1396 1763/1301 1819/1394
f 1819/1394 1763/1301 1822/1393
f 1822/1393 1763/1301 1762/1300
f 1761/1299 1759/1297 1824/1397
f 1824/1397 1759/1297 1756/1296
f 1756/1293 1758/1295 1824/1397
f 1824/1397 1758/1295 1826/1401
f 1826/1401 1758/1295 1757/1294
f 1757/1294 1830/1405 1826/1401
f 1831/1406 1830/1405 1757/1294
f 2025/1738 1831/1739 1837/1740
f 1831/1406 2025/1738 1829/1404
f 1837/1740 1838/1416 2025/1738
f 1833/1415 1837/1414 1831/1407
f 1757/1294 1832/1408 1831/1406
f 1754/1289 1832/1408 1757/1294
f 1757/1294 1755/1291 1754/1289
f 1836/1413 1840/1418 1838/1416
f 1833/1415 1835/1411 1836/1413
f 1836/1413 1835/1411 1899/1522
f 1899/1522 1841/1420 1836/1413
f 1842/1421 1841/1420 1899/1522
f 1842/1423 1843/1422 1839/1417
f 1899/1522 1863/1741 1842/1421
f 1842/1421 1863/1741 1862/1453
f 1864/1455 1863/1454 1899/1522
f 1862/1453 1844/1424 1842/1421
f 1899/1522 1898/1520 1864/1455
f 1864/1455 1898/1520 1870/1519
f 1870/1519 1867/1461 1864/1455
f 1864/1455 1867/1461 1866/1460
f 1866/1460 1865/1458 1864/1455
f 1862/1452 1865/1456 1855/1450
f 1849/1434 1851/1433 1855/1438
f 1862/1452 1851/1451 1846/1432
f 1846/1432 1844/1424 1862/1452
f 1845/1428 1844/1424 1846/1426
f 1856/1439 1850/1431 1849/1434
f 1846/1426 1850/1431 1848/1429
f 1850/1431 1856/1439 1858/1441
f 1858/1441 1848/1429 1850/1431
f 2026/1742 2027/1743 2028/1744
f 2028/1744 2029/1745 2026/1742
f 2026/1746 2030/1747 2031/1748
f 2032/1749 2030/1747 2026/1746
f 2033/1750 2032/1751 2029/1752
f 2029/1752 2034/1753 2033/1750
f 2035/1754 2034/1753 2029/1752
f 2035/1755 2028/1756 2036/1757
f 2027/1758 2037/1759 2036/1760
f 2036/1761 2038/1762 2039/1763
f 2040/1764 2041/1765 2039/1766
f 2039/1766 2042/1767 2040/1764
f 2040/1764 2042/1767 2043/1768
f 2043/1769 2044/1770 2045/1771
f 2046/1772 2047/1773 2045/1774
f 2045/1774 2048/1775 2046/1772
f 2046/1772 2048/1775 2049/1776
f 2049/1777 2050/1778 2051/1779
f 2051/1779 2052/1780 2049/1777
f 2053/1781 2054/1782 2049/1783
f 2049/1777 2052/1780 2055/1784
f 2053/1785 2052/1786 2056/1787
f 2057/1788 2053/1785 2056/1787
f 2052/1786 2058/1789 2056/1787
f 2059/1790 2060/1791 2058/1792
f 2054/1782 2053/1781 2061/1793
f 2054/1794 2062/1795 2046/1796
f 2063/1797 2050/1798 2048/1799
f 2064/1800 2065/1801 2048/1802
f 2065/1801 2066/1803 2048/1802
f 2067/1804 2065/1801 2064/1800
f 2068/1805 2067/1806 2044/1807
f 2067/1806 2068/1805 2069/1808
f 2069/1808 2068/1805 2070/1809
f 2037/1810 2071/1811 2070/1812
f 2070/1809 2072/1813 2069/1808
f 2048/1802 2066/1803 2063/1797
f 2049/1776 2054/1782 2046/1772
f 2048/1799 2050/1798 2049/1776
f 2057/1788 2061/1793 2053/1785
f 2049/1783 2055/1784 2053/1781
f 2055/1784 2052/1780 2053/1781
f 2058/1792 2052/1786 2059/1790
f 2051/1779 2059/1790 2052/1780
f 2045/1774 2064/1800 2048/1775
f 2044/1770 2064/1800 2045/1771
f 2044/1770 2067/1806 2064/1800
f 2042/1767 2044/1770 2043/1768
f 2042/1767 2068/1805 2044/1770
f 2038/1814 2068/1805 2042/1767
f 2039/1766 2038/1762 2042/1767
f 2039/1763 2073/1815 2036/1761
f 2068/1805 2038/1814 2070/1809
f 2070/1809 2038/1814 2036/1761
f 2036/1760 2037/1759 2070/1809
f 2036/1757 2073/1815 2035/1755
f 2028/1744 2027/1743 2036/1757
f 2029/1745 2028/1744 2035/1754
f 2026/1742 2029/1745 2032/1749
f 2074/1816 2075/1817 2076/1818
f 2076/1818 2075/1817 2077/1819
f 2078/1820 2079/1821 2077/1822
f 2077/1819 2080/1823 2076/1818
f 2076/1818 2081/1824 2074/1816
f 2082/1825 2074/1826 2083/1827
f 2082/1825 2083/1827 2084/1828
f 2084/1828 2083/1827 2085/1829
f 2086/1830 2087/1831 2085/1832
f 2085/1833 2088/1834 2089/1835
f 2089/1836 2090/1837 2091/1838
f 2092/1839 2093/1840 2091/1841
f 2094/1842 2092/1839 2091/1841
f 2095/1843 2092/1844 2096/1845
f 2092/1844 2097/1846 2096/1845
f 2095/1843 2096/1845 2098/1847
f 2098/1847 2099/1848 2095/1843
f 2095/1843 2099/1848 2100/1849
f 2089/1850 2101/1851 2100/1852
f 2102/1853 2090/1837 2089/1836
f 2103/1854 2104/1855 2098/1856
f 2105/1857 2104/1855 2103/1854
f 2103/1858 2106/1859 2107/1860
f 2105/1861 2107/1862 2108/1863
f 2108/1863 2109/1864 2105/1861
f 2110/1865 2109/1864 2108/1863
f 2108/1863 2111/1866 2110/1865
f 2110/1865 2111/1866 2112/1867
f 2112/1868 2113/1869 2114/1870
f 2114/1871 2115/1872 2116/1873
f 2116/1873 2115/1872 2117/1874
f 2118/1875 2117/1876 2119/1877
f 2119/1877 2120/1878 2118/1875
f 2120/1878 2119/1877 2121/1879
f 2121/1879 2119/1877 2122/1880
f 2122/1881 2123/1882 2124/1883
f 2124/1883 2123/1882 2125/1884
f 2125/1884 2123/1882 2126/1885
f 2125/1884 2127/1886 2124/1883
f 2124/1883 2128/1887 2122/1881
f 2129/1888 2130/1889 2122/1890
f 2121/1891 2130/1892 2131/1893
f 2131/1894 2132/1895 2133/1896
f 2133/1896 2134/1897 2131/1894
f 2135/1898 2136/1899 2131/1900
f 2136/1899 2137/1901 2131/1900
f 2136/1899 2138/1902 2137/1901
f 2138/1903 2139/1904 2121/1905
f 2140/1906 2141/1907 2127/1908
f 2142/1909 2141/1907 2140/1906
f 2140/1906 2143/1910 2142/1909
f 2144/1911 2145/1912 2142/1913
f 2146/1914 2145/1912 2144/1911
f 2144/1911 2147/1915 2146/1914
f 2106/1916 2148/1917 2146/1918
f 2149/1919 2148/1917 2106/1916
f 2097/1920 2150/1921 2149/1922
f 2146/1914 2147/1915 2106/1916
f 2094/1923 2150/1921 2097/1920
f 2097/1846 2092/1844 2094/1923
f 2142/1909 2143/1910 2144/1911
f 2121/1879 2139/1904 2120/1878
f 2121/1905 2137/1901 2138/1903
f 2131/1893 2137/1901 2121/1891
f 2131/1900 2134/1897 2135/1898
f 2129/1924 2132/1895 2131/1894
f 2131/1894 2130/1892 2129/1924
f 2122/1890 2130/1889 2121/1879
f 2122/1890 2128/1887 2129/1888
f 2126/1885 2123/1882 2122/1881
f 2117/1925 2126/1885 2122/1881
f 2122/1881 2119/1877 2117/1925
f 2125/1884 2126/1885 2117/1925
f 2117/1874 2118/1875 2116/1873
f 2116/1873 2151/1926 2114/1871
f 2114/1871 2151/1926 2152/1927
f 2117/1874 2115/1872 2125/1884
f 2125/1884 2115/1872 2114/1871
f 2114/1870 2152/1927 2112/1868
f 2112/1867 2152/1927 2110/1865
f 2114/1870 2113/1869 2125/1884
f 2140/1906 2127/1908 2125/1884
f 2113/1869 2140/1906 2125/1884
f 2143/1910 2140/1906 2113/1869
f 2113/1869 2112/1868 2143/1910
f 2143/1910 2112/1868 2111/1866
f 2111/1866 2144/1911 2143/1910
f 2147/1915 2144/1911 2111/1866
f 2111/1866 2108/1863 2147/1915
f 2147/1915 2108/1863 2107/1862
f 2107/1860 2106/1859 2147/1915
f 2103/1854 2107/1860 2105/1857
f 2103/1858 2149/1919 2106/1859
f 2097/1920 2149/1922 2103/1858
f 2096/1845 2097/1846 2103/1858
f 2098/1856 2096/1845 2103/1854
f 1604/1067 1608/1062 1607/1065
f 1607/1061 1609/1064 2153/1928
f 1613/1929 2153/1930 2154/1931
f 2154/1931 2155/1932 1613/1929
f 2156/1933 1614/1072 1613/1071
f 2156/1934 2157/1935 1615/1936
f 2157/1937 2158/1938 1620/1939
f 2159/1940 1620/1939 2158/1938
f 2158/1938 2160/1941 2159/1940
f 2159/1942 2161/1943 1624/1944
f 2162/1945 2161/1943 2159/1942
f 2153/1930 2163/1946 2154/1931
f 1609/1064 2163/1946 2153/1928
f 2159/1940 2160/1941 2162/1945
f 1607/1061 2153/1928 1613/1929
f 1613/1071 2155/1932 2156/1933
f 1613/1929 1610/1066 1607/1061
f 1615/1936 1614/1072 2156/1934
f 1611/1073 1610/1066 1613/1071
f 1611/1076 1614/1072 1615/1074
f 1620/1084 1615/1083 2157/1937
f 1604/1067 1610/1066 1611/1068
f 1617/1085 1620/1084 2159/1940
f 1617/1085 1616/1078 1615/1083
f 2159/1940 1621/1086 1617/1085
f 1624/1090 1621/1086 2159/1942
f 1611/1076 1616/1075 1591/1077
f 1617/1079 1619/1081 1591/1077
f 1591/1077 1612/1069 1611/1076
f 1591/1077 1619/1081 1628/1947
f 1628/1947 1619/1081 1618/1089
f 1593/1042 1612/1069 1591/1040
f 1604/1070 1612/1069 1593/1042
f 1628/1947 1592/1041 1591/1077
f 1593/1042 1605/1058 1604/1070
f 1593/1042 1592/1041 1594/1043
f 1594/1043 1592/1041 1628/1096
f 1596/1046 1605/1058 1593/1045
f 1596/1948 2164/1949 1603/1950
f 1603/1950 1605/1058 1596/1948
f 1603/1059 1608/1062 1604/1057
f 1606/1063 1608/1062 1603/1056
f 1603/1950 2164/1949 1601/1054
f 1600/1052 2165/1951 1601/1053
f 1601/1054 2164/1949 1599/1051
f 1599/1051 2164/1949 1596/1049
f 1596/1046 1595/1044 1597/1047
f 1631/1952 1597/1047 1595/1044
f 1595/1044 1594/1043 1631/1952
f 1594/1098 1629/1097 1630/1099
f 1632/1104 2166/1953 1630/1102
f 1634/1107 2166/1953 1632/1105
f 1632/1104 1629/1103 1628/1096
f 1628/1096 1623/1088 1632/1104
f 1632/1104 1623/1088 1622/1087
f 1622/1087 1633/1106 1632/1104
f 1636/1109 1633/1106 1622/1114
f 1618/1080 1627/1094 1622/1087
f 1622/1114 1627/1094 1641/1117
f 1642/1120 2167/1954 1641/1118
f 1641/1117 1627/1094 1624/1090
f 1624/1090 1626/1092 1641/1117
f 1642/1120 1626/1119 1625/1091
f 1624/1944 2161/1943 1625/1091
f 1625/1091 2161/1943 2162/1945
f 2162/1945 1646/1955 1625/1091
f 1643/1122 1625/1091 1646/1125
f 1625/1091 1643/1122 1642/1120
f 1641/1118 2167/1954 1638/1956
f 1638/1956 1640/1115 1641/1118
f 1636/1116 1640/1115 1638/1111
f 1636/1113 1639/1112 1637/1110
f 1637/1191 1639/1112 1684/1189
f 1684/1189 1639/1112 1638/1111
f 1638/1111 1686/1188 1684/1189
f 1638/1956 2167/1954 1652/1957
f 1652/1957 1686/1188 1638/1956
f 1652/1957 2167/1954 1642/1120
f 1680/1182 1686/1188 1652/1957
f 1642/1120 1651/1131 1652/1957
f 1644/1132 1651/1131 1642/1121
f 1652/1957 1654/1958 1680/1182
f 1650/1130 1654/1135 1652/1133
f 1680/1182 1654/1958 1653/1134
f 1644/1132 1649/1128 1650/1130
f 1653/1134 1681/1177 1680/1182
f 1644/1129 1647/1126 1648/1127
f 1655/1139 1649/1138 1648/1127
f 1648/1127 1861/1959 1655/1139
f 1656/1449 1655/1140 1861/1447
f 1655/1139 1658/1960 1650/1137
f 1650/1136 1658/1960 1653/1134
f 1657/1142 1658/1144 1655/1140
f 1657/1148 1660/1147 1653/1143
f 1653/1143 1660/1147 1673/1961
f 1673/1961 1681/1177 1653/1143
f 1677/1178 1681/1177 1673/1961
f 1673/1961 1678/1173 1677/1178
f 1672/1168 1678/1173 1673/1166
f 1673/1961 1660/1147 1659/1146
f 1657/1148 1662/1150 1659/1146
f 1659/1156 1662/1150 1663/1154
f 1659/1146 1674/1167 1673/1961
f 1672/1168 1674/1167 1666/1158
f 1666/1157 1674/1167 1659/1156
f 2168/1962 2169/1963 2170/1964
f 2169/1963 2171/1965 2170/1964
f 2172/1966 2173/1967 2170/1968
f 2170/1969 2174/1970 2175/1971
f 1475/1972 2176/1973 2172/1974
f 2177/1975 2171/1965 2169/1963
f 2178/1976 2169/1963 2168/1962
f 2177/1977 2178/1978 2179/1979
f 2180/1980 2181/1981 2179/1982
f 2181/1981 2182/1983 2179/1982
f 2182/1983 2181/1981 2183/1984
f 2183/1984 2181/1981 2184/1985
f 2185/1986 2186/1987 2184/1988
f 2187/1989 2188/1990 2184/1991
f 2180/1992 2189/1993 2184/1994
f 2185/1995 2188/1996 2190/1997
f 2190/1998 2191/1999 2192/2000
f 2190/1998 2192/2000 2193/2001
f 2194/2002 2195/2003 2193/2004
f 2193/2001 2196/2005 2190/1998
f 2197/2006 2195/2003 2194/2002
f 2194/2007 2198/2008 2199/2009
f 2200/2010 2201/2011 2199/2012
f 2199/2012 2202/2013 2200/2010
f 2200/2014 2203/2015 2204/2016
f 2205/2017 2206/2018 2204/2019
f 2204/2016 2207/2020 2200/2014
f 2208/2021 2203/2015 2200/2014
f 2208/2022 2209/2023 2205/2024
f 2210/2025 2206/2018 2205/2017
f 2211/2026 2210/2025 2205/2017
f 2205/2024 2209/2023 2212/2027
f 2213/2028 2211/2029 2212/2030
f 2213/2028 2214/2031 2211/2029
f 2215/2032 2214/2031 2213/2028
f 2213/2033 2216/2034 2217/2035
f 2217/2035 2216/2034 2218/2036
f 2218/2037 2219/2038 2220/2039
f 2218/2037 2220/2039 2221/2040
f 2222/2041 2221/2042 2223/2043
f 2223/2043 2224/2044 2222/2041
f 2225/2045 2215/2046 2222/2047
f 2225/2048 2226/2049 2214/2050
f 2222/2041 2224/2044 2225/2045
f 2214/2050 2226/2049 2210/2051
f 2214/2031 2215/2032 2225/2048
f 2214/2050 2210/2051 2211/2029
f 2221/2042 2222/2041 2218/2037
f 2212/2027 2211/2029 2205/2024
f 2218/2037 2222/2041 2215/2046
f 2215/2046 2217/2035 2218/2037
f 2213/2033 2217/2035 2215/2032
f 2204/2016 2203/2015 2205/2017
f 2205/2024 2203/2015 2208/2022
f 2200/2010 2202/2013 2208/2021
f 2200/2014 2207/2020 2197/2052
f 2200/2014 2197/2052 2201/2011
f 2201/2011 2197/2052 2194/2002
f 2199/2012 2201/2011 2194/2007
f 2192/2053 2198/2008 2194/2007
f 2193/2001 2192/2000 2194/2002
f 2227/2054 2228/2055 2229/2056
f 2230/2057 2231/2058 2229/2059
f 2229/2056 2232/2060 2227/2054
f 2227/2054 2232/2060 2233/2061
f 2233/2062 2234/2063 2235/2064
f 2236/2065 2237/2066 2235/2067
f 2235/2068 2238/2069 2239/2070
f 2240/2071 2237/2066 2236/2065
f 2236/2065 2241/2072 2240/2071
f 2242/2073 2243/2074 2240/2075
f 2244/2076 2243/2074 2242/2073
f 2245/2077 2244/2076 2242/2073
f 2245/2077 2242/2073 2246/2078
f 2245/2079 2247/2080 2248/2081
f 2248/2082 2249/2083 2250/2084
f 2251/2085 2252/2086 2250/2087
f 2250/2084 2253/2088 2248/2082
f 2254/2089 2252/2086 2251/2085
f 2255/2090 2254/2089 2251/2085
f 2255/2090 2251/2085 2256/2091
f 2249/2092 2257/2093 2256/2094
f 2256/2091 2258/2095 2255/2090
f 2259/2096 2254/2089 2255/2090
f 2260/2097 2259/2098 2258/2099
f 2258/2100 2261/2101 2262/2102
f 2263/2103 2231/2058 2230/2057
f 2230/2057 2264/2104 2263/2103
f 2263/2103 2264/2104 2265/2105
f 2266/2106 2267/2107 2265/2108
f 2265/2108 2268/2109 2266/2106
f 2266/2106 2268/2109 2269/2110
f 2269/2110 2270/2111 2266/2106
f 2270/2112 2271/2113 2272/2114
f 2272/2114 2271/2113 2273/2115
f 2273/2116 2274/2117 2275/2118
f 2275/2118 2274/2117 2276/2119
f 2277/2120 2278/2121 2276/2122
f 2276/2119 2279/2123 2275/2118
f 2275/2118 2280/2124 2273/2116
f 2273/2116 2281/2125 2274/2117
f 2282/2126 2281/2125 2273/2116
f 2279/2127 2278/2128 2283/2129
f 2283/2129 2278/2128 2284/2130
f 2278/2128 2285/2131 2284/2130
f 2284/2130 2285/2131 2286/2132
f 2287/2133 2288/2134 2286/2135
f 2286/2135 2289/2136 2287/2133
f 2287/2133 2289/2136 2290/2137
f 2291/2138 2292/2139 2290/2140
f 2293/2141 2294/2142 2290/2143
f 2295/2144 2293/2141 2290/2143
f 2296/2145 2293/2141 2295/2144
f 2295/2144 2297/2146 2296/2145
f 2296/2147 2298/2148 2299/2149
f 2299/2149 2300/2150 2296/2147
f 2296/2145 2297/2146 2301/2151
f 2301/2152 2302/2153 2303/2154
f 2304/2155 2305/2156 2303/2157
f 2303/2157 2306/2158 2304/2155
f 2307/2159 2308/2160 2304/2161
f 2309/2162 2308/2160 2307/2159
f 2307/2163 2306/2164 2310/2165
f 2310/2165 2311/2166 2307/2163
f 2307/2163 2311/2166 2312/2167
f 2307/2163 2312/2167 2313/2168
f 2313/2168 2312/2167 2314/2169
f 2315/2170 2314/2171 2316/2172
f 2316/2172 2317/2173 2315/2170
f 2317/2173 2318/2174 2315/2170
f 2319/2175 2318/2174 2317/2173
f 2320/2176 2319/2175 2317/2173
f 2320/2176 2321/2177 2319/2175
f 2320/2178 2322/2179 2323/2180
f 2324/2181 2323/2180 2322/2179
f 2322/2179 2325/2182 2324/2181
f 2326/2183 2325/2182 2322/2179
f 2314/2184 2327/2185 2326/2186
f 2312/2167 2327/2185 2314/2169
f 2320/2176 2317/2173 2316/2172
f 2316/2172 2322/2179 2320/2176
f 2322/2179 2316/2172 2326/2183
f 2326/2186 2316/2172 2314/2184
f 2313/2168 2314/2169 2315/2170
f 2309/2187 2313/2168 2315/2170
f 2307/2163 2313/2168 2309/2162
f 2304/2155 2306/2158 2307/2159
f 2296/2147 2300/2150 2293/2141
f 2310/2165 2306/2164 2303/2157
f 2303/2157 2302/2153 2310/2165
f 2296/2145 2301/2151 2298/2148
f 2298/2148 2301/2151 2303/2154
f 2299/2149 2298/2148 2303/2154
f 2303/2157 2305/2156 2299/2149
f 2328/2188 2329/2189 2330/2190
f 2331/2191 2330/2192 2332/2193
f 2333/2194 2332/2193 2330/2192
f 2330/2190 2334/2195 2328/2188
f 2335/2196 2328/2197 2336/2198
f 2336/2198 2337/2199 2335/2196
f 2335/2200 2338/2201 2329/2202
f 2339/2203 2333/2204 2329/2205
f 2340/2206 2332/2193 2333/2194
f 2333/2194 2341/2207 2340/2206
f 2340/2206 2341/2207 2342/2208
f 2343/2209 2344/2210 2342/2211
f 2342/2211 2345/2212 2343/2209
f 2344/2210 2343/2209 2346/2213
f 2347/2214 2348/2215 2346/2216
f 2346/2213 2349/2217 2344/2210
f 2350/2218 2340/2219 2344/2220
f 2350/2221 2351/2222 2332/2223
f 2352/2224 2348/2215 2347/2214
f 2353/2225 2354/2226 2347/2227
f 2353/2225 2347/2227 2355/2228
f 2356/2229 2355/2230 2345/2231
f 2345/2212 2342/2211 2357/2232
f 2341/2233 2358/2234 2357/2235
f 2357/2232 2359/2236 2345/2212
f 2360/2237 2355/2230 2356/2229
f 2361/2238 2353/2239 2360/2240
f 2360/2240 2362/2241 2361/2238
f 2361/2242 2363/2243 2352/2244
f 2078/2245 2364/2246 2363/2247
f 2365/2248 2364/2246 2078/2245
f 2078/2245 2366/2249 2365/2248
f 2082/2250 2367/2251 2365/2252
f 2361/2238 2362/2241 2368/2253
f 2345/2231 2359/2236 2356/2229
f 2365/2252 2366/2249 2082/2250
f 2078/2245 2363/2247 2361/2242
f 2084/1828 2367/2251 2082/1825
f 2360/2240 2353/2239 2355/2230
f 2361/2238 2354/2226 2353/2239
f 2343/2209 2345/2212 2355/2230
f 2355/2228 2347/2227 2343/2209
f 2346/2216 2343/2209 2347/2214
f 2347/2227 2354/2226 2352/2224
f 2352/2244 2354/2226 2361/2242
f 2085/1829 2087/1831 2084/1828
f 2361/2242 2079/1821 2078/2245
f 2368/2253 2079/1821 2361/2238
f 2077/1822 2079/1821 2368/2253
f 2368/2253 2080/1823 2077/1822
f 2077/1822 2366/2249 2078/1820
f 2082/2250 2366/2249 2077/1822
f 2077/1822 2075/1817 2082/2250
f 2082/2250 2075/1817 2074/1826
f 2083/1827 2074/1826 2085/1829
f 2074/1826 2088/1834 2085/1829
f 2102/2254 2088/1834 2074/1826
f 2074/1826 2081/1824 2102/2254
f 2089/1836 2088/1834 2102/1853
f 2089/1835 2086/1830 2085/1833
f 2100/1852 2086/1830 2089/1850
f 2091/1841 2093/1840 2089/1836
f 2093/1840 2101/1851 2089/1836
f 2100/1852 2101/1851 2095/1843
f 2095/1843 2101/1851 2093/1840
f 2093/1840 2092/1839 2095/1843
f 2369/2255 2370/2256 2371/2257
f 2372/2258 2373/2259 2371/2260
f 2373/2259 2374/2261 2371/2260
f 2372/2258 2371/2260 2375/2262
f 2375/2263 2370/2264 2376/2265
f 2377/2266 2378/2267 2376/2268
f 2379/2269 2380/2270 2377/2271
f 2370/2272 2381/2273 2377/2274
f 2379/2275 2381/2276 2382/2277
f 2382/2277 2383/2278 2379/2275
f 2379/2275 2383/2278 2384/2279
f 2385/2280 2384/2281 2386/2282
f 2386/2282 2387/2283 2385/2280
f 2388/2284 2385/2280 2387/2283
f 2389/2285 2390/2286 2387/2287
f 2387/2287 2391/2288 2389/2285
f 2386/2289 2392/2290 2391/2291
f 2393/2292 2392/2290 2386/2289
f 2382/2277 2394/2293 2383/2278
f 2369/2294 2395/2295 2382/2296
f 2372/2297 2396/2298 2397/2299
f 2398/2300 2399/2301 2397/2302
f 2397/2303 2400/2304 2401/2305
f 2398/2306 2401/2307 2402/2308
f 2402/2308 2403/2309 2398/2306
f 2398/2300 2404/2310 2399/2301
f 2399/2311 2405/2312 2406/2313
f 2407/2314 2405/2312 2399/2311
f 2404/2310 2408/2315 2399/2301
f 2409/2316 2408/2315 2404/2310
f 2410/2317 2409/2316 2404/2310
f 2411/2318 2412/2319 2409/2320
f 2413/2321 2414/2322 2412/2323
f 2415/2324 2413/2325 2411/2326
f 2415/2327 2403/2328 2416/2329
f 2412/2319 2411/2318 2413/2321
f 2403/2328 2402/2308 2416/2329
f 2411/2326 2403/2328 2415/2324
f 2399/2301 2408/2315 2407/2314
f 2411/2318 2409/2320 2410/2317
f 2403/2328 2411/2326 2410/2317
f 2403/2328 2410/2317 2398/2306
f 2410/2317 2404/2310 2398/2306
f 2401/2305 2398/2306 2397/2303
f 2397/2299 2399/2301 2372/2297
f 2399/2301 2373/2259 2372/2297
f 2406/2313 2373/2259 2399/2311
f 2374/2261 2373/2259 2406/2313
f 2391/2291 2387/2287 2386/2289
f 2387/2287 2390/2286 2388/2284
f 2371/2260 2374/2261 2369/2255
f 2375/2263 2371/2260 2370/2264
f 2381/2273 2370/2272 2369/2255
f 2382/2277 2381/2276 2369/2294
f 2376/2268 2370/2264 2377/2266
f 2377/2274 2381/2273 2379/2269
f 2388/2330 2380/2270 2379/2269
f 2379/2269 2385/2280 2388/2330
f 2379/2269 2384/2279 2385/2280
f 2417/2331 2418/2332 2419/2333
f 2419/2333 2418/2332 2420/2334
f 2419/2333 2420/2334 2421/2335
f 2421/2335 2420/2334 2422/2336
f 2422/2336 2423/2337 2421/2335
f 2424/2338 2423/2337 2422/2336
f 2420/2334 2425/2339 2422/2336
f 2426/2340 2425/2339 2420/2334
f 2420/2334 2418/2332 2427/2341
f 2428/2342 2427/2343 2429/2344
f 2429/2344 2430/2345 2428/2342
f 2428/2346 2431/2347 2426/2348
f 2432/2349 2431/2347 2428/2346
f 2433/2350 2434/2351 2429/2352
f 2435/2353 2434/2351 2433/2350
f 2436/2354 2433/2355 2417/2356
f 2417/2356 2437/2357 2436/2354
f 2435/2358 2436/2359 2438/2360
f 2438/2361 2439/2362 2440/2363
f 2440/2363 2439/2362 2441/2364
f 2442/2365 2443/2366 2441/2367
f 2444/2368 2445/2369 2441/2370
f 2441/2367 2443/2366 2446/2371
f 2443/2366 2447/2372 2446/2371
f 2448/2373 2446/2374 2449/2375
f 2449/2376 2450/2377 2451/2378
f 2449/2376 2451/2378 2452/2379
f 2452/2379 2453/2380 2449/2376
f 2453/2380 2452/2379 2454/2381
f 2455/2382 2456/2383 2454/2384
f 2454/2381 2457/2385 2453/2380
f 2458/2386 2456/2383 2455/2382
f 2455/2382 2459/2387 2458/2386
f 2458/2386 2459/2387 2460/2388
f 2461/2389 2462/2390 2460/2391
f 2460/2391 2463/2392 2461/2389
f 2461/2389 2463/2392 2464/2393
f 2465/2394 2464/2393 2463/2392
f 2463/2392 2466/2395 2465/2394
f 2465/2396 2467/2397 2468/2398
f 2469/2399 2470/2400 2468/2401
f 2471/2402 2468/2401 2470/2400
f 2472/2403 2470/2400 2469/2399
f 2473/2404 2474/2405 2469/2406
f 2469/2399 2475/2407 2472/2403
f 2470/2400 2472/2403 2476/2408
f 2476/2408 2477/2409 2470/2400
f 2478/2410 2475/2407 2469/2399
f 2465/2411 2479/2412 2473/2413
f 2466/2414 2480/2415 2479/2416
f 2481/2417 2480/2415 2466/2414
f 2482/2418 2481/2417 2466/2414
f 2483/2419 2481/2417 2482/2418
f 2482/2418 2484/2420 2483/2419
f 2483/2421 2485/2422 2486/2423
f 2451/2424 2487/2425 2486/2426
f 2471/2427 2488/2428 2464/2429
f 2470/2400 2477/2409 2471/2402
f 2464/2393 2488/2428 2461/2389
f 2464/2429 2468/2401 2471/2427
f 2468/2398 2464/2429 2465/2396
f 2466/2395 2479/2416 2465/2394
f 2469/2399 2474/2405 2478/2410
f 2468/2401 2467/2397 2469/2399
f 2473/2413 2467/2397 2465/2411
f 2469/2399 2467/2397 2473/2404
f 2482/2418 2466/2414 2463/2392
f 2463/2392 2460/2391 2482/2418
f 2460/2391 2462/2390 2458/2386
f 2482/2418 2460/2391 2459/2387
f 2459/2387 2484/2420 2482/2418
f 2485/2430 2484/2420 2459/2387
f 2483/2419 2484/2420 2485/2422
f 2459/2387 2455/2382 2485/2430
f 2454/2384 2452/2379 2455/2382
f 2485/2430 2455/2382 2452/2379
f 2452/2379 2451/2378 2485/2430
f 2486/2426 2485/2422 2451/2424
f 2450/2377 2487/2425 2451/2378
f 2446/2371 2447/2372 2450/2431
f 2446/2371 2450/2431 2449/2375
f 2449/2376 2453/2380 2448/2373
f 2441/2367 2446/2371 2448/2373
f 2444/2432 2448/2373 2453/2380
f 2441/2367 2448/2373 2444/2368
f 2453/2380 2457/2385 2444/2432
f 2441/2370 2445/2369 2440/2363
f 2440/2363 2489/2433 2438/2361
f 2438/2434 2490/2435 2442/2436
f 2437/2437 2491/2438 2490/2439
f 2492/2440 2491/2438 2437/2437
f 2437/2437 2490/2439 2438/2434
f 2441/2364 2439/2362 2442/2365
f 2442/2365 2439/2362 2438/2434
f 2438/2361 2489/2433 2435/2358
f 2436/2359 2437/2357 2438/2360
f 2433/2355 2436/2354 2435/2353
f 2417/2356 2492/2440 2437/2357
f 2419/2333 2492/2440 2417/2331
f 2417/2356 2433/2355 2427/2441
f 2427/2441 2418/2332 2417/2356
f 2429/2344 2427/2343 2433/2350
f 2427/2343 2428/2342 2420/2334
f 2420/2334 2428/2342 2426/2340
f 2428/2342 2430/2345 2432/2349
f 2248/2082 2253/2088 2244/2442
f 2248/2082 2244/2442 2245/2079
f 2249/2083 2248/2082 2247/2080
f 2247/2080 2257/2093 2249/2083
f 2250/2087 2249/2083 2251/2085
f 2256/2091 2251/2085 2249/2092
f 2493/2443 2494/2444 2495/2445
f 2495/2445 2494/2444 2496/2446
f 2497/2447 2498/2448 2496/2449
f 2496/2449 2499/2450 2497/2447
f 2500/2451 2498/2448 2497/2447
f 2497/2452 2501/2453 2502/2454
f 2502/2454 2501/2453 2503/2455
f 2503/2455 2501/2453 2504/2456
f 2504/2456 2505/2457 2503/2455
f 2506/2458 2507/2459 2503/2460
f 2508/2461 2509/2462 2503/2463
f 2506/2464 2509/2465 2510/2466
f 2506/2464 2510/2466 2511/2467
f 2511/2467 2512/2468 2506/2464
f 2506/2464 2512/2468 2513/2469
f 2513/2469 2514/2470 2506/2464
f 2506/2464 2514/2470 2515/2471
f 2515/2472 2516/2473 2502/2474
f 2502/2474 2516/2473 2517/2475
f 2517/2476 2518/2477 2500/2478
f 2500/2479 2519/2480 2495/2481
f 2520/2482 2521/2483 2500/2484
f 2509/2465 2508/2461 2510/2466
f 2503/2463 2505/2457 2508/2461
f 2503/2463 2509/2462 2506/2458
f 2515/2471 2507/2459 2506/2464
f 2503/2460 2507/2459 2502/2454
f 2502/2474 2507/2459 2515/2472
f 2517/2475 2521/2485 2502/2474
f 2500/2484 2521/2483 2517/2476
f 2502/2474 2521/2485 2520/2482
f 2502/2454 2520/2482 2497/2452
f 2497/2447 2520/2482 2500/2451
f 2501/2453 2497/2452 2499/2450
f 2499/2450 2504/2456 2501/2453
f 2495/2481 2498/2448 2500/2479
f 2496/2446 2498/2448 2495/2445
f 2500/2478 2518/2477 2336/2486
f 2518/2477 2337/2199 2336/2486
f 2500/2478 2336/2486 2519/2480
f 2519/2480 2336/2486 2328/2197
f 2329/2202 2328/2188 2335/2200
f 2328/2188 2334/2195 2519/2480
f 2495/2481 2519/2480 2334/2195
f 2334/2195 2493/2443 2495/2481
f 2331/2487 2493/2443 2334/2195
f 2334/2195 2330/2190 2331/2487
f 2330/2190 2329/2189 2333/2194
f 2332/2223 2351/2222 2331/2191
f 2329/2202 2338/2201 2339/2203
f 2341/2207 2333/2194 2339/2203
f 2339/2203 2358/2234 2341/2207
f 2357/2232 2342/2211 2341/2233
f 2342/2208 2344/2210 2340/2206
f 2332/2223 2340/2206 2350/2221
f 2344/2210 2349/2217 2350/2218
f 2522/2488 2285/2489 2277/2490
f 2522/2491 2523/2492 2286/2493
f 2286/2132 2285/2131 2522/2491
f 2285/2131 2278/2128 2277/2490
f 2278/2121 2279/2127 2276/2122
f 2286/2135 2288/2134 2284/2130
f 2286/2493 2523/2492 2291/2494
f 2291/2494 2289/2136 2286/2493
f 2290/2140 2289/2136 2291/2138
f 2290/2143 2292/2139 2295/2144
f 2290/2143 2294/2142 2287/2133
f 1797/1351 1794/1347 1789/1352
f 1789/1352 1794/1347 1791/1349
f 1791/1349 1790/1342 1789/1352
f 1791/1346 1795/1348 1792/1344
f 1792/2495 1806/1368 1800/1367
f 1800/1367 1793/1357 1792/2495
f 1791/1343 1793/1345 1784/1341
f 1783/1328 1790/1339 1784/1329
f 1803/1363 1801/1360 1800/1367
f 1803/1364 1805/1366 1802/1362
f 1783/1330 1788/1337 1789/1338
f 1789/1338 1788/1337 1799/1355
f 1799/1355 1788/1337 1785/1332
f 1785/1332 1786/1333 1799/1355
f 1773/1314 1787/1336 1786/1333
f 1765/1304 1771/1312 1787/1336
f 1772/1313 1773/1314 1785/1334
f 1785/1334 1774/1331 1772/1313
f 1775/1317 1774/1316 1783/1328
f 1775/1317 1782/1326 1772/1315
f 1772/1315 1782/1326 1822/2496
f 1822/2496 1766/1305 1772/1315
f 1822/2496 1782/1326 1781/1325
f 1762/1306 1766/1305 1822/1393
f 1781/1325 1820/1391 1822/2496
f 1813/1388 1820/1391 1781/1379
f 1775/1318 1780/1324 1781/1325
f 1781/1325 1780/1324 1811/1377
f 1813/1380 1812/1378 1821/1392
f 1821/1392 1812/1378 1811/1377
f 1811/1376 1810/1375 1821/1392
f 1811/1377 1780/1324 1777/1320
f 1777/1323 1779/1322 1811/1377
f 1809/1374 1779/1373 1778/1361
f 1777/1320 1776/1319 1784/1329
f 1784/1356 1807/1370 1777/1320
f 1777/1323 1807/1370 1778/1321
f 1778/1321 1807/1370 1800/1359
f 1762/1300 1764/1303 1769/2497
f 1769/1400 1764/1303 1824/1398
f 1769/2497 1767/1307 1762/1300
f 1768/1311 1767/1307 1769/1309
f 1770/1310 1769/1309 1825/1399
f 1825/1399 1827/1402 1770/1310
f 2172/1974 2175/2498 1475/1972
f 2170/1969 2175/1971 2172/1966
f 2171/1965 2174/1970 2170/1964
f 2170/1964 2173/1967 2168/1962
f 1471/874 2176/1973 1475/878
f 2176/1973 1471/874 1476/879
f 2233/2061 2239/2499 2227/2054
f 2227/2054 2239/2499 2238/2069
f 2235/2064 2239/2070 2233/2062
f 2235/2067 2234/2063 2236/2065
f 1577/1017 1575/1016 1572/1013
f 1572/1013 1574/1011 1577/1017
f 1566/1001 1572/1008 1571/1007
f 1571/1007 1570/1006 1567/1002
f 1584/1028 1570/1006 1571/1026
f 1575/1014 1585/1027 1571/1012
f 1584/1025 1585/1027 1579/1019
f 1579/1019 1585/1027 1575/1014
f 1575/1014 1576/1015 1579/1019
f 2179/1979 2182/1983 2177/1977
f 2169/1963 2178/1976 2177/1975
f 2190/1997 2188/1996 2187/1989
f 2187/1989 2191/1999 2190/1997
f 2190/1997 2196/2005 2185/1995
f 2184/1991 2188/1990 2185/1986
f 2184/1991 2189/1993 2187/1989
f 2184/1985 2181/1981 2180/1992
f 2184/1988 2186/1987 2183/1984
f 1479/882 1481/884 1477/880
f 2258/2099 2262/2102 2260/2097
f 2258/2099 2259/2098 2255/2090
f 2265/2108 2267/2107 2263/2103
f 2240/2075 2241/2072 2242/2073
f 2246/2078 2242/2073 2241/2072
f 2271/2113 2270/2112 2269/2110
f 2282/2500 2271/2113 2269/2110
f 2273/2116 2271/2113 2282/2126
f 2273/2116 2280/2124 2272/2114
f 2229/2059 2228/2055 2230/2057
f 963/2501 964/2502 962/2503
f 1276/2504 967/2505 962/2506
f 962/2506 964/2502 1276/2504
f 962/2503 966/2507 963/2501
f 577/2508 578/2509 579/2510
f 579/2510 580/2511 577/2508
f 577/2512 581/2513 582/2514
f 583/2515 584/2516 582/2517
f 585/2518 582/2519 586/2520
f 585/2518 586/2520 587/2521
f 587/2521 586/2520 588/2522
f 589/2523 588/2522 586/2520
f 588/2522 590/2524 587/2521
f 587/2521 591/2525 585/2518
f 592/2526 593/2527 585/2528
f 593/2529 594/2530 578/2531
f 578/2532 595/2533 596/2534
f 597/2535 598/2536 596/2537
f 599/2538 596/2537 598/2536
f 598/2536 600/2539 599/2538
f 599/2538 600/2539 601/2540
f 601/2540 600/2539 602/2541
f 603/2542 604/2543 602/2544
f 602/2544 605/2545 603/2542
f 604/2543 603/2542 606/2546
f 607/2547 606/2548 608/2549
f 608/2549 609/2550 607/2547
f 607/2547 609/2550 610/2551
f 611/2552 612/2553 610/2554
f 610/2554 613/2555 611/2552
f 614/2556 611/2552 613/2555
f 615/2557 616/2558 613/2559
f 617/2560 611/2552 614/2556
f 614/2556 618/2561 617/2560
f 619/2562 620/2563 617/2564
f 621/2565 622/2566 617/2567
f 580/2568 623/2569 622/2570
f 622/2571 624/2572 612/2573
f 612/2573 624/2572 625/2574
f 623/2575 626/2576 624/2577
f 627/2578 581/2579 580/2580
f 621/2581 628/2582 627/2583
f 629/2584 630/2585 627/2586
f 627/2586 630/2585 631/2587
f 631/2587 630/2585 632/2588
f 632/2588 633/2589 631/2587
f 634/2590 633/2589 632/2588
f 635/2591 632/2592 629/2593
f 635/2591 629/2593 636/2594
f 628/2595 637/2596 636/2597
f 636/2594 638/2598 635/2591
f 635/2591 638/2598 639/2599
f 640/2600 641/2601 639/2602
f 634/2603 641/2604 642/2605
f 642/2606 640/2607 643/2608
f 643/2608 644/2609 642/2606
f 645/2610 642/2606 644/2609
f 646/2611 644/2609 643/2608
f 643/2608 647/2612 646/2611
f 646/2611 647/2612 648/2613
f 649/2614 648/2615 650/2616
f 649/2614 650/2616 651/2617
f 652/2618 653/2619 651/2620
f 651/2617 650/2616 654/2621
f 652/2622 654/2623 655/2624
f 656/2625 655/2626 657/2627
f 654/2628 658/2629 657/2630
f 655/2626 656/2625 659/2631
f 652/2622 655/2624 660/2632
f 653/2633 660/2634 661/2635
f 661/2636 662/2637 663/2638
f 663/2639 664/2640 665/2641
f 666/2642 665/2643 667/2644
f 668/2645 669/2646 667/2647
f 666/2642 667/2644 670/2648
f 670/2648 671/2649 666/2642
f 666/2642 671/2649 672/2650
f 645/2651 669/2652 673/2653
f 674/2654 673/2655 668/2656
f 675/2657 668/2658 665/2659
f 675/2660 664/2661 676/2662
f 676/2662 664/2661 677/2663
f 676/2662 678/2664 675/2660
f 679/2665 674/2666 675/2667
f 675/2667 678/2664 679/2665
f 665/2659 664/2640 675/2657
f 674/2666 668/2656 675/2667
f 663/2639 677/2663 664/2640
f 667/2647 665/2643 668/2645
f 662/2637 677/2663 663/2638
f 666/2642 663/2639 665/2643
f 661/2636 663/2638 666/2642
f 660/2634 662/2637 661/2635
f 672/2650 661/2636 666/2642
f 652/2618 660/2632 653/2619
f 653/2633 661/2635 672/2650
f 651/2620 653/2619 672/2650
f 651/2617 654/2621 652/2618
f 657/2630 655/2626 654/2628
f 650/2616 658/2629 654/2621
f 672/2650 649/2614 651/2620
f 646/2668 649/2614 672/2650
f 646/2611 648/2613 649/2614
f 672/2650 671/2649 646/2668
f 646/2611 671/2649 644/2609
f 670/2648 644/2609 671/2649
f 645/2610 644/2609 670/2648
f 670/2648 667/2644 669/2646
f 670/2648 669/2646 645/2610
f 673/2655 669/2652 668/2656
f 673/2653 634/2669 645/2651
f 634/2669 642/2605 645/2651
f 641/2604 640/2600 642/2605
f 635/2670 641/2604 634/2603
f 639/2602 641/2601 635/2591
f 634/2603 632/2588 635/2670
f 632/2592 630/2585 629/2593
f 633/2589 634/2590 673/2653
f 636/2597 629/2593 628/2595
f 627/2583 628/2582 629/2584
f 673/2653 589/2671 633/2589
f 589/2671 673/2653 674/2654
f 590/2672 674/2666 679/2665
f 674/2666 590/2672 588/2522
f 674/2654 588/2522 589/2671
f 619/2673 637/2596 628/2595
f 628/2595 620/2563 619/2673
f 621/2581 620/2563 628/2582
f 617/2564 618/2561 619/2562
f 617/2564 620/2563 621/2565
f 617/2560 612/2553 611/2552
f 617/2560 622/2566 612/2553
f 622/2566 621/2565 580/2568
f 580/2580 621/2565 627/2578
f 622/2571 623/2569 624/2572
f 579/2510 623/2569 580/2511
f 626/2576 623/2575 579/2510
f 624/2577 626/2576 601/2674
f 579/2510 599/2675 626/2576
f 626/2576 599/2675 601/2674
f 579/2510 596/2537 599/2675
f 601/2674 625/2574 624/2577
f 579/2510 578/2509 596/2537
f 680/2676 595/2533 578/2532
f 597/2677 680/2678 681/2679
f 594/2680 682/2681 681/2682
f 681/2679 683/2683 597/2677
f 597/2684 684/2685 685/2686
f 685/2687 686/2688 687/2689
f 688/2690 687/2691 689/2692
f 684/2693 690/2694 686/2695
f 683/2696 690/2694 684/2693
f 685/2686 684/2685 686/2688
f 597/2677 683/2683 684/2685
f 688/2690 685/2687 687/2691
f 597/2684 685/2686 688/2690
f 596/2537 595/2533 597/2535
f 597/2535 595/2533 680/2678
f 681/2679 680/2678 594/2680
f 578/2531 594/2530 680/2676
f 688/2690 598/2536 597/2684
f 592/2697 682/2681 594/2680
f 594/2680 593/2529 592/2697
f 577/2508 593/2529 578/2509
f 585/2518 591/2525 592/2526
f 585/2528 593/2527 577/2508
f 577/2512 582/2514 585/2528
f 577/2508 580/2511 581/2513
f 582/2514 581/2513 583/2515
f 583/2515 581/2513 627/2578
f 627/2578 631/2587 583/2515
f 583/2515 631/2587 633/2589
f 633/2589 589/2671 583/2515
f 589/2671 584/2516 583/2515
f 582/2517 584/2516 586/2520
f 586/2520 584/2516 589/2523
f 602/2541 600/2539 598/2536
f 598/2536 688/2690 602/2541
f 602/2541 688/2690 689/2692
f 602/2544 689/2692 605/2545
f 602/2544 604/2543 601/2540
f 604/2543 625/2574 601/2540
f 606/2546 607/2547 604/2543
f 604/2543 607/2547 625/2574
f 607/2547 610/2551 625/2574
f 625/2574 610/2551 612/2573
f 609/2550 613/2555 610/2551
f 613/2559 616/2558 614/2556
f 613/2555 609/2550 615/2557
f 615/2557 609/2550 608/2549
f 691/2698 692/2699 693/2700
f 693/2700 692/2699 694/2701
f 694/2702 695/2703 696/2704
f 697/2705 696/2706 698/2707
f 695/2708 699/2709 698/2710
f 700/2711 701/2712 698/2713
f 698/2710 699/2709 702/2714
f 703/2715 704/2716 702/2717
f 699/2709 705/2718 702/2714
f 706/2719 707/2720 702/2721
f 705/2718 708/2722 702/2714
f 705/2718 709/2723 708/2722
f 710/2724 711/2725 708/2726
f 712/2727 708/2722 709/2723
f 713/2728 714/2729 709/2730
f 715/2731 709/2723 705/2718
f 705/2718 716/2732 715/2731
f 713/2733 715/2734 717/2735
f 718/2736 717/2737 719/2738
f 720/2739 721/2740 717/2741
f 717/2741 722/2742 720/2739
f 723/2743 724/2744 720/2745
f 725/2746 726/2747 720/2748
f 720/2745 724/2744 727/2749
f 727/2749 724/2744 728/2750
f 728/2751 729/2752 730/2753
f 730/2754 731/2755 732/2756
f 733/2757 732/2758 734/2759
f 735/2760 736/2761 734/2762
f 731/2763 737/2764 734/2765
f 734/2762 738/2766 735/2760
f 739/2767 740/2768 735/2769
f 741/2770 742/2771 735/2772
f 743/2773 736/2761 735/2760
f 744/2774 736/2761 743/2773
f 743/2775 742/2776 745/2777
f 746/2778 747/2779 745/2780
f 745/2780 748/2781 746/2778
f 746/2782 749/2783 750/2784
f 751/2785 752/2786 750/2787
f 750/2784 753/2788 746/2782
f 746/2778 748/2781 754/2789
f 741/2790 755/2791 754/2792
f 754/2793 756/2794 749/2795
f 749/2783 757/2796 750/2784
f 758/2797 753/2788 750/2784
f 759/2798 753/2788 758/2797
f 760/2799 761/2800 758/2801
f 762/2802 763/2803 758/2804
f 764/2805 765/2806 763/2807
f 763/2807 766/2808 764/2805
f 764/2809 767/2810 768/2811
f 768/2811 767/2810 769/2812
f 743/2813 770/2814 769/2815
f 767/2810 771/2816 769/2812
f 769/2812 771/2816 772/2817
f 773/2818 774/2819 772/2820
f 775/2821 733/2822 774/2823
f 774/2823 776/2824 775/2821
f 775/2825 777/2826 732/2827
f 778/2828 777/2826 775/2825
f 779/2829 780/2830 775/2831
f 781/2832 780/2830 779/2829
f 779/2833 782/2834 783/2835
f 784/2836 785/2837 783/2838
f 783/2838 786/2839 784/2836
f 787/2840 784/2841 788/2842
f 788/2842 789/2843 787/2840
f 712/2844 790/2845 787/2846
f 788/2847 791/2848 710/2849
f 792/2850 791/2848 788/2847
f 788/2847 793/2851 792/2850
f 794/2852 795/2853 792/2854
f 796/2855 797/2856 792/2857
f 798/2858 797/2856 796/2855
f 796/2855 799/2859 798/2858
f 798/2860 800/2861 794/2862
f 794/2863 801/2864 701/2865
f 802/2866 795/2867 701/2868
f 803/2869 801/2870 804/2871
f 804/2872 800/2873 805/2874
f 806/2875 805/2876 807/2877
f 807/2877 808/2878 806/2875
f 808/2879 809/2880 803/2881
f 803/2882 810/2883 811/2884
f 812/2885 811/2886 813/2887
f 697/2888 813/2889 814/2890
f 814/2891 815/2892 816/2893
f 816/2894 817/2895 818/2896
f 691/2897 818/2898 819/2899
f 819/2899 820/2900 691/2897
f 820/2900 821/2901 691/2897
f 820/2900 822/2902 821/2901
f 823/2903 822/2904 824/2905
f 824/2905 825/2906 823/2903
f 823/2907 826/2908 723/2909
f 723/2910 827/2911 728/2912
f 828/2913 729/2752 728/2751
f 728/2750 829/2914 727/2749
f 727/2915 830/2916 713/2917
f 831/2918 729/2919 832/2920
f 832/2921 833/2922 834/2923
f 835/2924 834/2925 836/2926
f 836/2926 837/2927 835/2924
f 835/2928 838/2929 839/2930
f 839/2930 838/2929 840/2931
f 840/2931 841/2932 839/2930
f 839/2930 842/2933 835/2928
f 843/2934 838/2929 835/2928
f 844/2935 845/2936 835/2937
f 842/2933 846/2938 835/2928
f 847/2939 846/2938 842/2933
f 848/2940 847/2939 842/2933
f 848/2941 849/2942 850/2943
f 851/2944 852/2945 850/2946
f 739/2947 852/2948 853/2949
f 853/2949 854/2950 739/2947
f 739/2947 854/2950 855/2951
f 855/2951 854/2950 856/2952
f 856/2952 857/2953 855/2951
f 857/2954 858/2955 755/2956
f 755/2956 858/2955 859/2957
f 859/2958 860/2959 749/2960
f 860/2961 861/2962 862/2963
f 862/2964 863/2965 864/2966
f 864/2967 865/2968 866/2969
f 867/2970 866/2971 868/2972
f 868/2973 869/2974 870/2975
f 871/2976 868/2973 870/2975
f 870/2975 869/2974 872/2977
f 872/2978 873/2979 874/2980
f 874/2981 875/2982 876/2983
f 876/2984 877/2985 872/2986
f 878/2987 873/2979 872/2978
f 879/2988 873/2989 853/2990
f 880/2991 879/2992 851/2993
f 879/2992 880/2991 881/2994
f 875/2995 881/2996 882/2997
f 882/2998 883/2999 884/3000
f 884/3000 885/3001 882/2998
f 882/2997 886/3002 875/2995
f 887/3003 876/2983 875/2982
f 887/3003 888/3004 876/2983
f 876/2983 888/3004 889/3005
f 890/3006 889/3007 891/3008
f 890/3006 891/3008 892/3009
f 893/3010 894/3011 892/3012
f 892/3012 894/3011 895/3013
f 895/3013 894/3011 896/3014
f 897/3015 898/3016 896/3017
f 899/3018 900/3019 896/3020
f 894/3011 901/3021 896/3014
f 902/3022 901/3021 894/3011
f 903/3023 904/3024 902/3025
f 902/3026 893/3027 905/3028
f 906/3029 903/3030 905/3031
f 905/3031 907/3032 906/3029
f 906/3029 908/3033 903/3030
f 903/3030 908/3033 909/3034
f 910/3035 903/3030 909/3034
f 909/3034 911/3036 910/3035
f 910/3035 911/3036 912/3037
f 913/3038 910/3035 912/3037
f 912/3037 914/3039 913/3038
f 913/3040 915/3041 916/3042
f 916/3042 915/3041 917/3043
f 918/3044 919/3045 917/3046
f 917/3043 915/3041 920/3047
f 921/3048 922/3049 920/3050
f 920/3050 923/3051 921/3048
f 924/3052 925/3053 921/3054
f 921/3054 925/3053 926/3055
f 927/3056 928/3057 926/3058
f 929/3059 930/3060 926/3061
f 926/3058 928/3057 931/3062
f 928/3057 932/3063 931/3062
f 931/3062 932/3063 933/3064
f 932/3063 934/3065 933/3064
f 935/3066 933/3067 936/3068
f 934/3069 937/3070 936/3071
f 936/3071 937/3070 938/3072
f 939/3073 940/3074 938/3075
f 938/3075 941/3076 939/3073
f 942/3077 943/3078 939/3079
f 939/3080 944/3081 945/3082
f 946/3083 945/3082 944/3081
f 947/3084 944/3085 948/3086
f 949/3087 950/3088 948/3089
f 948/3090 943/3091 951/3092
f 942/3093 952/3094 951/3095
f 953/3096 954/3097 951/3098
f 951/3098 955/3099 953/3096
f 956/3100 957/3101 953/3102
f 953/3102 957/3101 958/3103
f 959/3104 958/3105 960/3106
f 961/3107 960/3108 962/3109
f 965/3110 966/2507 962/2503
f 962/2506 967/2505 961/3107
f 968/3111 969/3112 961/3113
f 970/3114 969/3112 968/3111
f 968/3111 971/3115 970/3114
f 972/3116 973/3117 970/3118
f 974/3119 973/3117 972/3116
f 975/3120 976/3121 972/3122
f 972/3122 976/3121 977/3123
f 977/3124 978/3125 979/3126
f 979/3127 980/3128 981/3129
f 982/3130 981/3131 983/3132
f 918/3133 983/3134 984/3135
f 984/3136 980/3137 985/3138
f 985/3138 986/3139 984/3136
f 987/3140 919/3141 984/3142
f 897/3143 988/3144 987/3145
f 899/3146 986/3147 989/3148
f 990/3149 989/3150 991/3151
f 992/3152 993/3153 991/3154
f 991/3154 993/3153 994/3155
f 995/3156 996/3157 994/3158
f 994/3155 993/3153 997/3159
f 998/3160 997/3161 976/3162
f 992/3163 999/3164 976/3165
f 997/3161 998/3160 1000/3166
f 1001/3167 1000/3168 1002/3169
f 1003/3170 1002/3171 1004/3172
f 1004/3172 1005/3173 1003/3170
f 1006/3174 1007/3175 1003/3176
f 1007/3177 1008/3178 1001/3179
f 1001/3180 1009/3181 995/3182
f 1010/3183 1008/3178 1007/3177
f 1006/3184 1011/3185 1010/3186
f 1012/3187 870/3188 1010/3189
f 1013/3190 871/3191 1012/3192
f 1014/3193 1015/3194 1012/3195
f 1015/3196 1016/3197 1013/3198
f 1017/3199 1018/3200 1013/3201
f 1019/3202 871/3191 1013/3190
f 1019/3203 1018/3204 1020/3205
f 1020/3205 1021/3206 1019/3203
f 1022/3207 1021/3208 751/3209
f 1023/3210 760/3211 751/3212
f 760/3213 1024/3214 1025/3215
f 1025/3216 1026/3217 1027/3218
f 1027/3219 1028/3220 1029/3221
f 1030/3222 762/3223 1029/3224
f 1031/3225 1029/3226 1032/3227
f 1032/3228 1028/3229 1033/3230
f 1033/3230 1034/3231 1032/3228
f 1031/3225 1032/3227 1035/3232
f 1036/3233 1031/3225 1035/3232
f 1034/3234 1037/3235 1035/3236
f 1038/3237 1035/3236 1037/3235
f 1037/3235 1039/3238 1038/3237
f 1038/3239 1040/3240 1036/3241
f 1036/3241 1040/3240 1041/3242
f 1041/3242 1042/3243 1036/3241
f 1043/3244 1042/3243 1041/3242
f 1041/3245 1044/3246 1045/3247
f 1046/3248 1047/3249 1045/3250
f 1045/3250 1048/3251 1046/3248
f 1049/3252 1046/3253 1050/3254
f 1050/3254 1051/3255 1049/3252
f 1048/3256 1052/3257 784/3258
f 1052/3259 1053/3260 796/3261
f 796/3261 1053/3260 1054/3262
f 1055/3263 799/3264 1054/3265
f 1056/3266 1054/3267 1044/3268
f 1057/3269 1056/3270 1040/3271
f 1057/3269 1058/3272 1056/3270
f 1058/3273 1059/3274 1055/3275
f 1060/3276 1061/3277 1055/3278
f 807/3279 1060/3280 1062/3281
f 1063/3282 1064/3283 1062/3284
f 807/3279 1062/3281 1065/3285
f 1066/3286 1067/3287 1065/3288
f 1068/3289 1065/3290 1069/3291
f 1069/3291 1070/3292 1068/3289
f 1068/3293 1071/3294 809/3295
f 809/3295 1071/3294 1072/3296
f 1073/3297 810/3298 1072/3299
f 1072/3299 1074/3300 1073/3297
f 1075/3301 813/3302 1073/3303
f 1073/3297 1074/3300 1076/3304
f 1077/3305 1062/3281 1060/3280
f 1077/3306 1078/3307 1079/3308
f 1079/3308 1078/3307 1080/3309
f 1081/3310 1082/3311 1080/3312
f 1080/3312 1082/3311 1083/3313
f 1083/3313 1084/3314 1080/3312
f 1085/3315 1081/3316 1039/3317
f 1086/3318 1085/3319 1037/3320
f 1034/3321 1087/3322 1086/3323
f 1088/3324 1087/3322 1034/3321
f 1033/3325 1089/3326 1088/3327
f 1090/3328 1089/3326 1033/3325
f 1027/3329 1091/3330 1033/3331
f 1090/3332 1091/3333 1092/3334
f 1092/3335 1026/3336 1093/3337
f 1094/3338 1093/3339 1024/3340
f 1024/3340 1095/3341 1094/3338
f 1096/3342 1097/3343 1094/3344
f 1094/3338 1095/3341 1098/3345
f 1099/3346 1098/3347 1018/3348
f 1100/3349 1093/3339 1094/3338
f 1092/3350 1100/3351 1101/3352
f 1101/3352 1102/3353 1092/3350
f 1100/3351 1103/3354 1101/3352
f 1104/3355 1103/3354 1100/3351
f 1097/3356 1105/3357 1104/3358
f 1106/3359 1105/3357 1097/3356
f 1096/3360 1107/3361 1106/3362
f 1027/3218 1108/3363 1025/3216
f 1106/3362 1097/3356 1096/3360
f 1100/3351 1097/3356 1104/3355
f 1094/3344 1097/3343 1100/3349
f 1093/3337 1100/3349 1092/3335
f 1094/3344 1099/3364 1096/3342
f 1092/3350 1102/3353 1090/3332
f 1098/3347 1099/3346 1094/3338
f 1099/3364 1017/3365 1096/3342
f 1099/3364 1018/3348 1017/3365
f 1013/3198 1016/3197 1017/3199
f 1013/3201 1018/3200 1019/3202
f 1018/3204 1098/3347 1020/3205
f 1012/3195 1015/3194 1013/3190
f 1023/3366 1020/3205 1098/3347
f 1098/3345 1095/3341 1023/3366
f 1021/3206 1020/3205 1023/3366
f 1023/3366 1095/3341 1024/3340
f 1024/3214 760/3213 1023/3366
f 751/3212 1021/3208 1023/3210
f 1025/3215 1024/3214 1093/3339
f 1093/3339 1026/3336 1025/3215
f 1027/3218 1026/3217 1092/3335
f 1092/3334 1091/3333 1027/3218
f 1033/3325 1091/3330 1090/3328
f 1033/3331 1028/3229 1027/3329
f 1088/3324 1034/3321 1033/3325
f 1086/3323 1037/3320 1034/3321
f 1085/3315 1039/3317 1037/3320
f 1035/3232 1032/3227 1034/3234
f 1029/3221 1028/3220 1032/3227
f 1029/3221 1108/3363 1027/3219
f 1036/3241 1035/3232 1038/3239
f 762/3223 1108/3363 1029/3224
f 1025/3216 1108/3363 762/3223
f 762/3223 761/3367 1025/3216
f 1025/3215 761/3367 760/3213
f 758/2804 761/2800 762/2802
f 758/2801 752/3368 760/2799
f 760/3211 752/3368 751/3212
f 750/2787 752/2786 758/2797
f 750/2787 757/2796 751/2785
f 751/2785 757/2796 1022/3207
f 1022/3207 757/2796 860/3369
f 749/2783 860/2959 757/2796
f 1022/3207 860/3369 864/3370
f 864/2966 860/3369 862/2964
f 859/2958 861/2962 860/2959
f 862/2963 861/2962 858/3371
f 858/3371 861/2962 859/2957
f 862/2963 858/3371 864/2966
f 749/2795 756/2794 859/2958
f 859/2957 756/2794 755/2956
f 755/2956 756/2794 754/2792
f 754/2793 749/2795 746/2778
f 864/2966 858/3371 865/2968
f 858/3371 857/2954 865/2968
f 855/2951 857/2953 755/2956
f 865/2968 857/2954 856/2952
f 855/2951 755/2956 741/2790
f 754/2792 748/2781 741/2790
f 741/2790 748/2781 745/2780
f 741/2790 740/3372 855/2951
f 855/2951 740/3372 739/2947
f 735/2769 740/2768 741/2770
f 745/2777 742/2776 741/2790
f 735/2760 742/2771 743/2773
f 735/2769 738/2766 739/2767
f 745/2777 770/2814 743/2775
f 739/2767 738/2766 850/3373
f 850/3373 852/2945 739/2767
f 850/3373 738/2766 734/2762
f 768/3374 770/2814 745/2777
f 769/2815 770/2814 768/2811
f 745/2780 747/2779 768/3374
f 769/2815 772/2817 743/2813
f 743/2813 772/2817 744/2774
f 734/2762 736/2761 744/2774
f 733/3375 744/2774 772/2817
f 734/2762 744/2774 733/2757
f 772/2817 774/2819 733/3375
f 732/2827 733/2757 775/2825
f 734/2759 732/2758 731/2763
f 737/2764 850/3373 734/2765
f 732/2827 777/2826 730/2754
f 848/2941 850/2943 737/2764
f 730/2754 777/2826 778/2828
f 737/2764 847/2939 848/2941
f 847/2939 737/2764 731/2763
f 848/2940 842/2933 839/2930
f 839/2930 849/2942 848/2940
f 850/2943 849/2942 851/2944
f 851/2944 849/2942 839/2930
f 839/2930 841/2932 851/2944
f 1109/3376 880/3377 841/3378
f 1110/3379 1111/3380 1109/3381
f 883/3382 1109/3383 1112/3384
f 1112/3384 1113/3385 883/3382
f 840/3386 1114/3387 1110/3388
f 1109/3381 1111/3380 1112/3384
f 1110/3388 1109/3381 840/3386
f 883/2999 1113/3385 884/3000
f 840/2931 1109/3381 841/2932
f 880/3377 1109/3376 883/3382
f 841/2932 880/3377 851/2944
f 881/2994 880/2991 883/3382
f 881/2996 883/3382 882/2997
f 843/3389 1114/3387 840/3386
f 840/3386 838/2929 843/3389
f 835/2928 845/2936 843/2934
f 835/2937 837/2927 844/2935
f 853/2949 852/2948 851/2944
f 851/2944 879/2992 853/2949
f 856/2952 854/2950 853/2949
f 853/2990 873/2989 856/2952
f 873/2979 879/2988 874/2980
f 874/2980 879/2988 881/2994
f 874/2981 881/2994 875/2982
f 875/2995 886/3002 887/3003
f 873/2989 878/2987 856/2952
f 856/2952 878/2987 865/2968
f 866/2969 865/2968 878/2987
f 874/2980 876/2983 872/2978
f 869/2974 878/2987 872/2977
f 866/2969 878/2987 869/2974
f 866/2969 869/2974 868/2972
f 876/2984 889/3005 877/2985
f 877/2985 889/3005 890/3006
f 872/2986 877/2985 870/2975
f 892/3009 877/2985 890/3006
f 892/3009 891/3008 893/3010
f 902/3022 894/3011 893/3027
f 892/3009 895/3013 877/2985
f 905/3028 903/3030 902/3026
f 1010/3189 870/3188 877/2985
f 895/3013 1010/3189 877/2985
f 871/3191 870/2975 1012/3192
f 867/2970 868/2972 871/2976
f 871/3191 1019/3202 867/2970
f 1019/3202 1021/3206 867/2970
f 1021/3206 1022/3207 867/2970
f 867/2970 1022/3207 864/3370
f 864/3370 866/2969 867/2970
f 1010/3189 1011/3185 1012/3187
f 1006/3184 1115/3390 1011/3185
f 1116/3391 1115/3390 1006/3184
f 1116/3392 1005/3393 1117/3394
f 1005/3393 1118/3395 1117/3394
f 1119/3396 1120/3397 1117/3398
f 1121/3399 1116/3392 1117/3394
f 1117/3394 1122/3400 1121/3399
f 1123/3401 1124/3402 1121/3403
f 1122/3404 1125/3405 1123/3406
f 1126/3407 1125/3405 1122/3404
f 1126/3407 1122/3404 1127/3408
f 1128/3409 1129/3410 1127/3411
f 1128/3409 1127/3411 1130/3412
f 965/3413 1131/3414 1130/3415
f 1130/3415 1131/3414 1132/3416
f 1132/3416 1133/3417 1130/3415
f 1131/3414 1134/3418 1132/3416
f 1135/3419 1134/3418 1131/3414
f 1136/3420 1137/3421 1131/3422
f 1137/3423 1138/3424 1135/3425
f 1139/3426 1138/3424 1137/3423
f 1140/3427 1141/3428 1137/3429
f 1139/3430 1141/3431 1142/3432
f 1142/3432 1143/3433 1139/3430
f 1142/3432 1144/3434 1143/3433
f 1145/3435 1144/3434 1142/3432
f 1142/3432 1146/3436 1145/3435
f 1145/3435 1146/3436 1147/3437
f 1147/3438 1148/3439 1149/3440
f 1149/3440 1150/3441 1147/3438
f 1151/3442 1152/3443 1147/3444
f 1147/3444 1152/3443 1153/3445
f 1153/3445 1152/3443 1154/3446
f 1154/3447 1155/3448 1156/3449
f 1156/3449 1157/3450 1154/3447
f 1158/3451 1157/3450 1156/3449
f 952/3452 1159/3453 1156/3454
f 1160/3455 1161/3456 1156/3457
f 1162/3458 1161/3456 1160/3455
f 1160/3459 1159/3460 1163/3461
f 1164/3462 1165/3463 1163/3464
f 1164/3462 1166/3465 1165/3463
f 1165/3466 1167/3467 1160/3468
f 1168/3469 1167/3470 1169/3471
f 1169/3472 1170/3473 1171/3474
f 1171/3474 1170/3473 1172/3475
f 1172/3476 1173/3477 1174/3478
f 1174/3478 1173/3477 1175/3479
f 1175/3479 1176/3480 1174/3478
f 1174/3481 1177/3482 1178/3483
f 1178/3483 1177/3482 1179/3484
f 1180/3485 1181/3486 1179/3487
f 1179/3487 1181/3486 1182/3488
f 1182/3489 1183/3490 1184/3491
f 1171/3492 1185/3493 1184/3494
f 1180/3495 1186/3496 1183/3497
f 1187/3498 1188/3499 1186/3500
f 1148/3501 1186/3502 1189/3503
f 1189/3503 1190/3504 1148/3501
f 1180/3505 1191/3506 1187/3507
f 1179/3487 1192/3508 1180/3485
f 1193/3509 1176/3480 1175/3479
f 1175/3510 1194/3511 1195/3512
f 1196/3513 1195/3512 1194/3511
f 1194/3514 1197/3515 1198/3516
f 1196/3517 1198/3518 1199/3519
f 1200/3520 1196/3517 1199/3519
f 1199/3519 1201/3521 1200/3520
f 1202/3522 1196/3517 1200/3520
f 1203/3523 1201/3521 1199/3519
f 1199/3524 1204/3525 1205/3526
f 1206/3527 1207/3528 1205/3529
f 1205/3526 1204/3525 1208/3530
f 1208/3530 1204/3525 1209/3531
f 1210/3532 1211/3533 1209/3534
f 1209/3535 1212/3536 1213/3537
f 1214/3538 1215/3539 1213/3540
f 1213/3540 1216/3541 1214/3538
f 1214/3542 1217/3543 1218/3544
f 1219/3545 1220/3546 1218/3547
f 1221/3548 1207/3549 1218/3550
f 1207/3549 1221/3548 1222/3551
f 1221/3548 1223/3552 1222/3551
f 1224/3553 1225/3554 1221/3555
f 1220/3556 1226/3557 1224/3558
f 1227/3559 1226/3557 1220/3556
f 1219/3560 1228/3561 1227/3562
f 1229/3563 1228/3561 1219/3560
f 1229/3563 1219/3560 1230/3564
f 1230/3565 1231/3566 1232/3567
f 1233/3568 1232/3569 927/3570
f 1232/3569 1234/3571 927/3570
f 927/3570 1234/3571 1235/3572
f 1236/3573 932/3574 1235/3575
f 1237/3576 1238/3577 1235/3578
f 1239/3579 1238/3577 1237/3576
f 1237/3576 1240/3580 1239/3579
f 1241/3581 1242/3582 1239/3583
f 1236/3584 1242/3585 1243/3586
f 1244/3587 1245/3588 1243/3589
f 1246/3590 1247/3591 1243/3592
f 1243/3589 1248/3593 1244/3587
f 1244/3594 1249/3595 1250/3596
f 1250/3596 1251/3597 1244/3594
f 1244/3598 1252/3599 1253/3600
f 1253/3601 1254/3602 1166/3603
f 1166/3603 1254/3602 1255/3604
f 1256/3605 1255/3604 1254/3602
f 1254/3606 1257/3607 1258/3608
f 1259/3609 1261/3610 1170/3611
f 1170/3473 1262/3612 1172/3475
f 1263/3613 1211/3614 1252/3615
f 1264/3616 1245/3588 1244/3587
f 1264/3617 1265/3618 1246/3619
f 1246/3619 1245/3588 1264/3617
f 1243/3592 1245/3588 1246/3590
f 1244/3587 1251/3597 1264/3616
f 1263/3613 1252/3615 1244/3598
f 1264/3616 1251/3597 1164/3620
f 1164/3620 1251/3597 1250/3596
f 1244/3598 1248/3593 1263/3613
f 1250/3596 1166/3465 1164/3620
f 1250/3596 1249/3595 1166/3465
f 1253/3600 1249/3595 1244/3598
f 1166/3465 1249/3595 1253/3601
f 1264/3616 1164/3620 941/3621
f 941/3621 1265/3618 1264/3616
f 941/3621 1164/3620 1163/3464
f 938/3075 1265/3618 941/3076
f 1246/3619 1265/3618 938/3075
f 938/3072 937/3070 1246/3619
f 1246/3619 937/3070 934/3069
f 934/3069 1247/3591 1246/3619
f 1163/3464 942/3622 941/3621
f 939/3079 941/3076 942/3077
f 945/3082 1266/3623 939/3080
f 1267/3624 945/3082 946/3083
f 1268/3625 1267/3624 946/3083
f 946/3083 1269/3626 1268/3625
f 1268/3627 1270/3628 974/3629
f 974/3630 1271/3631 979/3632
f 981/3129 1272/3633 979/3127
f 973/3634 1270/3635 1273/3636
f 979/3127 1272/3633 974/3630
f 974/3629 1270/3628 973/3117
f 1273/3636 1270/3635 1268/3627
f 974/3630 1272/3633 1268/3627
f 1268/3627 1272/3633 981/3129
f 972/3116 1271/3631 974/3119
f 1268/3625 1269/3626 1273/3636
f 977/3123 1271/3631 972/3122
f 979/3632 1271/3631 977/3124
f 1273/3636 1269/3626 947/3637
f 947/3637 1269/3626 946/3083
f 1273/3636 947/3637 973/3634
f 946/3083 944/3081 947/3637
f 973/3634 947/3637 950/3638
f 950/3638 970/3118 973/3634
f 948/3089 950/3088 947/3084
f 948/3086 944/3085 939/3080
f 969/3112 970/3114 950/3638
f 939/3079 943/3078 948/3086
f 970/3118 971/3115 972/3116
f 972/3116 971/3115 975/3120
f 968/3639 1274/3640 975/3641
f 975/3641 1274/3640 1275/3642
f 1276/3643 1277/3644 1275/3645
f 975/3641 971/3115 968/3639
f 1276/3646 1274/3640 968/3639
f 1275/3645 1274/3640 1276/3643
f 968/3639 967/2505 1276/3646
f 961/3107 967/2505 968/3111
f 1275/3642 998/3647 975/3641
f 975/3641 998/3647 976/3121
f 1000/3166 998/3160 1275/3642
f 1275/3642 1002/3169 1000/3166
f 1276/2504 964/2502 1119/3648
f 1119/3648 1277/3644 1276/2504
f 1004/3172 1002/3171 1275/3642
f 1275/3642 1277/3644 1004/3172
f 1004/3172 1277/3644 1119/3648
f 1119/3648 964/2502 963/2501
f 1119/3648 1118/3649 1004/3172
f 1004/3172 1118/3649 1005/3173
f 1117/3398 1118/3395 1119/3396
f 1006/3184 1005/3393 1116/3391
f 1003/3176 1005/3173 1006/3174
f 1001/3167 1002/3169 1003/3170
f 1001/3167 1003/3170 1007/3177
f 1010/3186 1007/3177 1006/3184
f 963/2501 1120/3397 1119/3648
f 1117/3398 1120/3397 1122/3400
f 1121/3403 1122/3400 1123/3401
f 1127/3408 1122/3404 1120/3397
f 1127/3408 1120/3397 963/2501
f 1127/3408 1129/3410 1126/3407
f 1130/3412 1127/3411 963/2501
f 1130/3415 1133/3417 1128/3409
f 963/2501 966/2507 1130/3412
f 1130/3412 966/2507 965/3413
f 962/3109 960/3108 965/3110
f 1136/3650 965/3110 960/3108
f 1131/3414 965/3413 1136/3420
f 1131/3414 1137/3421 1135/3419
f 1137/3423 1141/3428 1139/3426
f 1137/3429 1136/3420 1140/3427
f 956/3651 1278/3652 1140/3653
f 960/3108 958/3105 1136/3650
f 1140/3427 1136/3420 958/3105
f 1142/3432 1141/3431 1140/3427
f 1140/3427 1278/3652 1142/3432
f 958/3105 957/3101 1140/3427
f 1140/3653 957/3101 956/3651
f 1142/3432 1278/3652 1151/3654
f 1151/3654 1278/3652 956/3651
f 1151/3654 1146/3436 1142/3432
f 1147/3437 1146/3436 1151/3442
f 1147/3437 1150/3441 1145/3435
f 1154/3446 1152/3443 1151/3442
f 956/3651 1154/3446 1151/3654
f 1155/3448 1154/3447 956/3651
f 956/3651 955/3655 1155/3448
f 953/3102 955/3099 956/3100
f 1155/3448 955/3655 951/3098
f 958/3105 959/3104 953/3102
f 951/3092 943/3091 942/3093
f 960/3108 961/3107 959/3104
f 959/3104 961/3107 969/3112
f 951/3098 952/3094 1155/3448
f 952/3094 942/3093 1163/3464
f 1156/3449 1155/3448 952/3452
f 1163/3461 1159/3460 952/3094
f 1156/3457 1159/3453 1160/3455
f 1163/3464 1165/3463 1160/3459
f 951/3092 954/3097 948/3090
f 948/3090 954/3097 949/3087
f 949/3087 954/3097 953/3096
f 953/3096 959/3104 949/3087
f 969/3112 949/3087 959/3104
f 950/3088 949/3087 969/3112
f 1166/3603 1255/3604 1165/3463
f 1165/3463 1255/3604 1167/3467
f 1160/3468 1167/3467 1162/3458
f 1169/3471 1167/3470 1255/3604
f 1168/3469 1162/3458 1167/3470
f 1169/3471 1255/3604 1256/3605
f 1171/3474 1168/3469 1169/3472
f 1169/3471 1256/3605 1170/3473
f 1184/3494 1168/3469 1171/3492
f 1184/3494 1162/3458 1168/3469
f 1170/3473 1256/3605 1259/3609
f 1256/3605 1254/3602 1259/3609
f 1184/3494 1158/3656 1162/3458
f 1158/3656 1161/3456 1162/3458
f 1156/3457 1161/3456 1158/3451
f 1153/3657 1158/3656 1184/3494
f 1153/3657 1157/3450 1158/3656
f 1154/3446 1157/3450 1153/3445
f 1184/3494 1183/3490 1153/3657
f 1153/3657 1183/3490 1186/3496
f 1186/3500 1188/3499 1189/3503
f 1153/3657 1186/3496 1148/3501
f 1153/3445 1148/3501 1147/3444
f 1148/3439 1190/3504 1149/3440
f 1187/3507 1186/3500 1180/3505
f 1180/3495 1183/3497 1182/3489
f 1182/3489 1181/3486 1180/3495
f 1184/3494 1185/3493 1182/3489
f 1172/3475 1185/3493 1171/3474
f 1182/3489 1185/3493 1172/3475
f 1179/3484 1182/3488 1178/3483
f 1172/3475 1178/3483 1182/3489
f 1174/3478 1178/3483 1172/3476
f 1262/3612 1173/3477 1172/3475
f 1175/3479 1173/3477 1262/3612
f 1262/3612 1194/3511 1175/3479
f 1194/3514 1262/3612 1197/3515
f 1197/3515 1262/3612 1170/3473
f 1198/3516 1196/3517 1194/3514
f 1170/3611 1261/3610 1197/3515
f 1197/3515 1261/3610 1210/3658
f 1198/3516 1197/3515 1210/3658
f 1210/3658 1261/3610 1259/3609
f 1210/3658 1204/3659 1198/3516
f 1199/3519 1198/3518 1204/3525
f 1209/3531 1204/3525 1210/3532
f 1259/3609 1211/3533 1210/3658
f 1199/3519 1205/3526 1203/3523
f 1222/3660 1203/3523 1205/3526
f 1205/3529 1207/3528 1222/3660
f 1209/3534 1211/3533 1263/3613
f 1259/3609 1252/3615 1211/3533
f 1263/3613 1212/3536 1209/3534
f 1258/3661 1252/3615 1259/3609
f 1258/3661 1260/3662 1259/3609
f 1259/3609 1254/3602 1258/3661
f 1258/3608 1257/3607 1252/3615
f 1253/3601 1257/3607 1254/3602
f 1252/3599 1257/3607 1253/3600
f 1209/3535 1213/3537 1208/3530
f 1208/3530 1206/3527 1205/3526
f 1208/3530 1213/3537 1215/3539
f 1215/3539 1206/3527 1208/3530
f 1207/3528 1206/3527 1215/3539
f 1218/3550 1207/3549 1215/3539
f 1218/3550 1215/3539 1214/3542
f 1212/3536 1216/3541 1213/3537
f 1214/3538 1216/3541 1239/3663
f 1216/3541 1212/3536 1241/3664
f 1239/3583 1216/3541 1241/3581
f 1241/3664 1212/3536 1263/3613
f 1263/3613 1248/3593 1241/3664
f 1241/3664 1248/3593 1243/3589
f 1243/3589 1242/3585 1241/3664
f 1239/3583 1242/3582 1236/3584
f 1243/3586 1247/3591 1236/3584
f 1236/3584 1247/3591 934/3069
f 1236/3584 1238/3577 1239/3583
f 934/3065 932/3063 1236/3584
f 1235/3578 1238/3577 1236/3573
f 928/3057 1235/3575 932/3063
f 927/3570 1235/3572 928/3057
f 1239/3579 1240/3580 1214/3538
f 1214/3538 1240/3580 1217/3543
f 1217/3543 1240/3580 1237/3576
f 1235/3578 1234/3571 1237/3576
f 1237/3576 1234/3571 1232/3569
f 1232/3567 1279/3665 1230/3565
f 1230/3565 1279/3665 1280/3666
f 1279/3665 1281/3667 1280/3666
f 1280/3666 1282/3668 1230/3565
f 1283/3669 1281/3667 1279/3665
f 1279/3665 1284/3670 1283/3669
f 1285/3671 1283/3669 1284/3670
f 1233/3672 1286/3673 1284/3674
f 1233/3672 1287/3675 1286/3673
f 1288/3676 1286/3677 924/3678
f 924/3679 923/3680 1289/3681
f 1289/3682 1290/3683 1291/3684
f 1291/3685 1292/3686 1288/3687
f 1293/3688 1290/3683 1289/3682
f 1288/3687 1292/3686 1285/3689
f 1291/3684 1288/3687 1289/3682
f 1285/3689 1286/3677 1288/3687
f 1284/3670 1286/3673 1285/3671
f 1289/3682 1288/3687 924/3679
f 1286/3673 1287/3675 924/3678
f 1233/3672 1284/3674 1279/3665
f 1279/3665 1232/3567 1233/3672
f 1230/3565 1282/3668 1229/3563
f 1232/3569 1231/3566 1237/3576
f 1237/3576 1231/3566 1217/3543
f 1217/3543 1231/3566 1230/3565
f 1230/3565 1219/3560 1217/3543
f 1218/3544 1217/3543 1219/3545
f 1227/3562 1220/3556 1219/3560
f 1218/3547 1220/3546 1221/3548
f 1221/3548 1220/3546 1224/3553
f 925/3690 1287/3675 1233/3672
f 924/3052 1287/3675 925/3053
f 927/3570 925/3690 1233/3568
f 926/3058 925/3053 927/3056
f 921/3048 923/3051 924/3052
f 926/3061 930/3060 921/3054
f 1289/3681 923/3680 920/3050
f 921/3054 930/3060 918/3691
f 918/3691 922/3049 921/3054
f 918/3133 930/3060 983/3134
f 930/3060 929/3059 983/3134
f 917/3046 922/3049 918/3044
f 920/3050 922/3049 917/3043
f 931/3062 929/3059 926/3058
f 984/3142 919/3141 918/3133
f 917/3046 919/3045 987/3140
f 984/3135 983/3134 981/3131
f 981/3131 980/3128 984/3135
f 983/3134 929/3059 982/3130
f 1268/3627 981/3129 982/3130
f 984/3136 986/3139 987/3140
f 1268/3627 982/3130 935/3692
f 935/3692 982/3130 929/3059
f 935/3692 929/3059 931/3062
f 931/3062 933/3064 935/3692
f 935/3692 1267/3624 1268/3627
f 933/3067 934/3065 936/3068
f 936/3068 1267/3624 935/3066
f 945/3082 1267/3624 936/3068
f 936/3068 1266/3623 945/3082
f 936/3068 940/3693 1266/3623
f 1266/3623 940/3693 939/3080
f 938/3075 940/3074 936/3071
f 985/3138 980/3137 979/3127
f 979/3127 978/3125 985/3138
f 989/3694 985/3138 978/3125
f 986/3139 985/3138 989/3148
f 989/3150 978/3125 991/3151
f 991/3154 978/3125 992/3152
f 978/3125 999/3164 992/3152
f 977/3124 999/3164 978/3125
f 976/3165 999/3164 977/3123
f 976/3162 997/3161 992/3163
f 997/3161 993/3153 992/3163
f 899/3146 989/3148 990/3149
f 898/3695 986/3147 899/3146
f 898/3695 987/3140 986/3147
f 896/3017 898/3016 899/3018
f 897/3015 987/3145 898/3016
f 896/3017 901/3021 897/3015
f 897/3015 901/3021 902/3022
f 902/3022 904/3024 897/3015
f 987/3140 988/3144 917/3046
f 917/3046 988/3144 916/3042
f 916/3042 988/3144 897/3143
f 904/3024 916/3042 897/3015
f 910/3696 916/3042 904/3024
f 904/3024 903/3023 910/3696
f 916/3042 910/3696 913/3040
f 913/3038 914/3039 1293/3697
f 1293/3697 1289/3682 913/3038
f 913/3038 1289/3682 920/3050
f 920/3047 915/3041 913/3038
f 896/3014 900/3019 895/3013
f 1010/3183 895/3013 1008/3178
f 895/3013 900/3019 1009/3698
f 1008/3178 895/3013 1009/3698
f 1009/3698 900/3019 899/3018
f 1008/3178 1009/3698 1001/3179
f 899/3146 990/3149 1009/3698
f 1009/3698 990/3149 995/3182
f 995/3182 1000/3168 1001/3180
f 990/3149 991/3151 995/3182
f 995/3182 997/3161 1000/3168
f 995/3182 991/3151 994/3158
f 994/3155 997/3159 995/3156
f 1294/3699 1295/3700 1296/3701
f 1297/3702 1298/3703 1296/3704
f 1296/3701 1299/3705 1294/3699
f 1300/3706 1294/3699 1299/3705
f 1301/3707 1302/3708 1299/3709
f 1299/3709 1303/3710 1301/3707
f 1304/3711 1301/3707 1303/3710
f 1304/3711 1303/3710 1305/3712
f 1306/3713 1305/3714 1298/3715
f 1307/3716 1298/3703 1297/3702
f 1297/3702 1308/3717 1307/3716
f 1307/3718 1309/3719 1306/3720
f 1309/3719 1310/3721 1306/3720
f 1310/3721 1309/3719 1311/3722
f 1312/3723 1313/3724 1311/3725
f 1314/3726 1311/3727 1315/3728
f 1315/3729 1308/3730 1316/3731
f 1316/3731 1317/3732 1315/3729
f 1318/3733 1319/3734 1317/3735
f 1314/3736 1317/3737 1320/3738
f 1320/3739 1321/3740 1322/3741
f 1322/3741 1321/3740 1323/3742
f 1324/3743 1325/3744 1323/3745
f 1325/3744 1326/3746 1323/3745
f 1323/3745 1326/3746 1327/3747
f 1327/3747 1326/3746 1328/3748
f 1328/3749 1329/3750 1330/3751
f 1331/3752 1332/3753 1330/3754
f 1328/3749 1330/3751 1333/3755
f 1333/3755 1330/3751 1334/3756
f 1335/3757 1334/3758 1332/3759
f 1336/3760 1333/3755 1334/3756
f 1331/3761 1337/3762 1335/3763
f 1338/3764 1337/3762 1331/3761
f 1338/3765 1329/3766 1339/3767
f 1339/3767 1329/3766 1340/3768
f 1339/3767 1340/3768 1341/3769
f 1318/3770 1341/3771 1342/3772
f 1343/3773 1341/3771 1318/3770
f 1316/3774 1344/3775 1343/3776
f 1340/3768 1342/3772 1341/3769
f 1318/3770 1316/3774 1343/3773
f 1338/3764 1331/3761 1329/3766
f 1331/3752 1335/3763 1332/3753
f 1334/3756 1330/3751 1332/3759
f 1329/3766 1331/3761 1330/3751
f 1333/3755 1336/3760 1327/3777
f 1327/3747 1328/3748 1333/3755
f 1327/3747 1322/3741 1323/3745
f 1328/3748 1326/3746 1325/3744
f 1325/3744 1329/3750 1328/3748
f 1340/3768 1329/3766 1325/3744
f 1324/3743 1340/3768 1325/3744
f 1342/3772 1340/3768 1324/3743
f 1323/3742 1321/3740 1324/3743
f 1319/3778 1342/3772 1324/3743
f 1321/3740 1319/3778 1324/3743
f 1318/3770 1342/3772 1319/3734
f 1321/3740 1320/3739 1319/3778
f 1320/3739 1317/3737 1319/3778
f 1318/3733 1317/3735 1316/3774
f 1320/3739 1322/3741 1312/3779
f 1312/3779 1314/3736 1320/3739
f 1315/3728 1317/3732 1314/3726
f 1311/3725 1314/3726 1312/3723
f 1315/3728 1311/3727 1307/3780
f 1308/3730 1315/3729 1307/3716
f 1307/3780 1311/3727 1309/3719
f 1316/3731 1308/3730 1297/3702
f 1311/3725 1313/3724 1310/3721
f 1344/3775 1316/3774 1297/3702
f 1344/3775 1297/3702 1295/3781
f 1295/3700 1297/3702 1296/3701
f 1305/3712 1310/3782 1304/3711
f 1310/3721 1305/3712 1306/3720
f 1306/3713 1298/3715 1307/3718
f 1296/3704 1298/3703 1299/3705
f 1305/3714 1299/3705 1298/3715
f 1305/3714 1303/3710 1299/3705
f 1302/3708 1300/3706 1299/3709
f 1345/3783 1346/3784 1347/3785
f 1348/3786 1349/3787 1347/3788
f 1350/3789 1345/3783 1347/3785
f 1349/3787 1351/3790 1347/3788
f 1347/3785 1352/3791 1350/3789
f 1353/3792 1345/3783 1350/3789
f 1350/3789 1352/3791 1354/3793
f 1355/3794 1356/3795 1354/3796
f 1352/3791 1357/3797 1354/3793
f 1358/3798 1357/3799 1359/3800
f 1360/3801 1361/3802 1359/3803
f 1359/3803 1362/3804 1360/3801
f 1363/3805 1361/3802 1360/3801
f 1363/3805 1364/3806 1361/3802
f 1365/3807 1366/3808 1364/3809
f 1366/3810 1367/3811 1368/3812
f 1369/3813 1370/3814 1368/3815
f 1371/3816 1372/3817 1368/3818
f 1368/3812 1367/3811 1373/3819
f 1373/3820 1374/3821 1375/3822
f 1375/3823 1376/3824 1371/3825
f 1371/3816 1377/3826 1372/3817
f 1378/3827 1372/3828 1379/3829
f 1377/3830 1380/3831 1379/3832
f 1381/3833 1382/3834 1379/3835
f 1379/3835 1382/3834 1383/3836
f 1384/3837 1385/3838 1383/3839
f 1383/3839 1386/3840 1384/3837
f 1386/3841 1387/3842 1353/3843
f 1388/3844 1381/3845 1380/3846
f 1389/3847 1380/3831 1377/3830
f 1389/3848 1376/3849 1390/3850
f 1391/3851 1390/3850 1376/3849
f 1392/3852 1390/3850 1391/3851
f 1393/3853 1392/3852 1391/3851
f 1393/3853 1391/3851 1394/3854
f 1395/3855 1394/3856 1396/3857
f 1396/3858 1397/3859 1398/3860
f 1399/3861 1398/3862 1400/3863
f 1400/3864 1401/3865 1402/3866
f 1402/3866 1403/3867 1400/3864
f 1404/3868 1405/3869 1400/3870
f 1406/3871 1405/3869 1404/3868
f 1407/3872 1408/3873 1404/3874
f 1408/3873 1409/3875 1404/3874
f 1404/3868 1410/3876 1406/3871
f 1406/3877 1411/3878 1392/3879
f 1412/3880 1392/3879 1411/3878
f 1413/3881 1414/3882 1411/3883
f 1414/3884 1415/3885 1416/3886
f 1417/3887 1412/3888 1416/3889
f 1415/3885 1418/3890 1416/3886
f 1416/3889 1419/3891 1417/3887
f 1420/3892 1418/3890 1415/3885
f 1415/3885 1421/3893 1420/3892
f 1420/3892 1421/3893 1422/3894
f 1422/3895 1423/3896 1424/3897
f 1424/3898 1425/3899 1426/3900
f 1425/3899 1427/3901 1426/3900
f 1426/3900 1428/3902 1424/3898
f 1425/3899 1429/3903 1427/3901
f 1429/3903 1430/3904 1427/3901
f 1430/3904 1429/3903 1431/3905
f 1431/3906 1432/3907 1409/3908
f 1433/3909 1409/3875 1408/3873
f 1434/3910 1408/3873 1407/3872
f 1435/3911 1436/3912 1407/3913
f 1407/3913 1437/3914 1435/3911
f 1438/3915 1436/3912 1435/3911
f 1436/3912 1438/3915 1439/3916
f 1434/3917 1439/3918 1440/3919
f 1433/3920 1440/3921 1441/3922
f 1410/3923 1432/3924 1442/3925
f 1423/3926 1443/3927 1413/3928
f 1439/3916 1434/3917 1436/3912
f 1440/3919 1433/3920 1434/3917
f 1436/3912 1434/3917 1407/3913
f 1434/3917 1433/3920 1408/3873
f 1402/3929 1437/3914 1407/3913
f 1407/3913 1403/3867 1402/3929
f 1404/3874 1403/3867 1407/3872
f 1400/3864 1403/3867 1404/3868
f 1409/3875 1410/3876 1404/3874
f 1398/3862 1401/3865 1400/3863
f 1409/3908 1432/3907 1410/3876
f 1409/3875 1433/3909 1431/3906
f 1431/3906 1433/3909 1441/3922
f 1431/3905 1441/3922 1430/3904
f 1431/3906 1429/3903 1432/3907
f 1442/3925 1432/3924 1429/3903
f 1442/3925 1429/3903 1425/3899
f 1423/3930 1442/3925 1425/3899
f 1423/3930 1425/3899 1424/3897
f 1424/3898 1428/3902 1422/3895
f 1421/3893 1423/3896 1422/3894
f 1413/3928 1442/3925 1423/3926
f 1442/3925 1413/3928 1410/3923
f 1421/3893 1443/3927 1423/3896
f 1410/3923 1413/3928 1411/3883
f 1410/3876 1411/3883 1406/3871
f 1413/3881 1443/3927 1414/3882
f 1414/3882 1443/3927 1421/3893
f 1421/3893 1415/3885 1414/3882
f 1411/3878 1414/3882 1412/3880
f 1416/3886 1412/3888 1414/3884
f 1390/3850 1392/3852 1412/3880
f 1412/3888 1417/3887 1390/3850
f 1406/3877 1392/3879 1393/3853
f 1390/3850 1417/3887 1389/3848
f 1393/3853 1405/3869 1406/3877
f 1388/3931 1389/3848 1417/3887
f 1417/3887 1419/3891 1388/3931
f 1380/3831 1389/3847 1388/3844
f 1380/3846 1381/3845 1379/3832
f 1377/3830 1376/3849 1389/3847
f 1376/3849 1377/3830 1371/3825
f 1379/3832 1372/3828 1377/3830
f 1391/3851 1376/3849 1375/3823
f 1394/3854 1391/3851 1375/3823
f 1371/3825 1373/3820 1375/3823
f 1365/3932 1444/3933 1373/3934
f 1445/3935 1444/3933 1365/3932
f 1363/3936 1446/3937 1365/3938
f 1446/3939 1447/3940 1445/3941
f 1445/3942 1448/3943 1374/3944
f 1396/3945 1448/3946 1449/3947
f 1445/3941 1447/3940 1449/3948
f 1365/3938 1446/3937 1445/3935
f 1449/3947 1448/3946 1445/3941
f 1374/3944 1444/3933 1445/3942
f 1449/3947 1397/3859 1396/3945
f 1373/3934 1444/3933 1374/3821
f 1374/3944 1448/3943 1396/3945
f 1375/3823 1374/3821 1394/3854
f 1396/3857 1394/3856 1374/3944
f 1368/3818 1373/3819 1371/3816
f 1373/3934 1367/3811 1365/3932
f 1365/3932 1367/3811 1366/3808
f 1365/3807 1364/3809 1363/3936
f 1368/3812 1370/3814 1366/3810
f 1368/3815 1372/3817 1369/3813
f 1378/3827 1369/3813 1372/3828
f 1366/3810 1370/3814 1355/3949
f 1355/3949 1370/3814 1369/3813
f 1364/3809 1366/3808 1358/3950
f 1355/3949 1358/3950 1366/3810
f 1358/3950 1361/3802 1364/3809
f 1359/3803 1361/3802 1358/3798
f 1352/3951 1450/3952 1359/3953
f 1450/3952 1451/3954 1359/3953
f 1452/3955 1451/3954 1450/3952
f 1349/3956 1453/3957 1452/3958
f 1454/3959 1453/3957 1349/3956
f 1455/3960 1349/3787 1348/3786
f 1456/3961 1457/3962 1455/3963
f 1454/3964 1455/3963 1457/3962
f 1349/3787 1455/3960 1454/3959
f 1451/3954 1362/3804 1359/3953
f 1347/3788 1346/3784 1348/3786
f 1452/3955 1450/3952 1352/3951
f 1347/3788 1351/3790 1352/3791
f 1452/3958 1351/3790 1349/3956
f 1352/3791 1351/3790 1452/3955
f 1359/3953 1357/3799 1352/3951
f 1357/3799 1358/3798 1355/3949
f 1354/3793 1357/3797 1355/3794
f 1369/3813 1356/3795 1355/3949
f 1356/3795 1369/3813 1378/3827
f 1354/3793 1353/3792 1350/3789
f 1356/3795 1353/3792 1354/3796
f 1353/3843 1387/3842 1345/3783
f 1356/3795 1384/3965 1353/3792
f 1384/3837 1386/3840 1353/3792
f 1385/3838 1384/3837 1356/3795
f 1356/3795 1378/3827 1385/3838
f 1385/3838 1378/3827 1379/3829
f 1383/3836 1385/3838 1379/3835
f 773/3966 771/2816 767/2810
f 772/2820 771/2816 773/2818
f 767/2810 1051/3967 773/3966
f 1049/3252 1051/3255 767/2810
f 773/3966 1051/3967 1050/3254
f 767/2810 764/2809 1049/3252
f 1050/3254 782/3968 773/3966
f 1049/3252 764/2809 766/2808
f 773/2818 776/2824 774/2819
f 773/2818 782/3968 776/2824
f 768/2811 765/2806 764/2809
f 779/2833 776/2824 782/2834
f 775/2831 776/2824 779/2829
f 759/3969 765/2806 768/2811
f 768/2811 747/2779 759/3969
f 759/3969 747/2779 746/2778
f 746/2782 753/2788 759/3969
f 763/2807 765/2806 759/3969
f 758/2797 763/2803 759/2798
f 763/2803 762/2802 1030/3222
f 1030/3222 766/2808 763/2803
f 1030/3222 1029/3224 1031/3225
f 1042/3970 1030/3222 1031/3225
f 766/2808 1030/3222 1042/3970
f 1042/3970 1031/3225 1036/3241
f 1042/3970 1043/3244 766/2808
f 766/2808 1043/3244 1049/3252
f 1043/3244 1047/3971 1049/3252
f 1047/3249 1046/3248 1049/3252
f 1041/3242 1047/3971 1043/3244
f 1045/3250 1047/3249 1041/3245
f 1040/3240 1044/3246 1041/3242
f 1040/3271 1056/3270 1044/3246
f 1044/3246 1054/3267 1045/3247
f 1038/3239 1057/3269 1040/3240
f 1054/3267 1053/3260 1045/3247
f 1045/3247 1053/3260 1052/3259
f 1045/3250 1052/3259 1048/3251
f 1054/3267 1056/3266 1055/3263
f 1055/3275 1056/3266 1058/3273
f 1054/3265 799/3264 796/3261
f 798/2858 799/2859 1055/3263
f 796/3261 793/3972 1052/3259
f 792/2850 793/2851 796/2855
f 1052/3259 793/3972 788/2847
f 788/2847 784/2841 1052/3259
f 1055/3263 1061/3277 798/2858
f 784/3258 786/2839 1048/3256
f 1046/3248 1048/3251 786/2839
f 786/2839 1050/3254 1046/3248
f 782/3968 1050/3254 786/2839
f 783/2838 782/2834 786/2839
f 1061/3277 800/2861 798/2858
f 1061/3277 805/2874 800/2861
f 807/2877 805/2876 1061/3277
f 1061/3277 1060/3276 807/2877
f 1055/3278 1059/3274 1060/3276
f 1060/3280 1059/3274 1077/3305
f 1079/3308 1458/3973 1077/3306
f 1077/3306 1458/3973 1063/3974
f 1077/3305 1059/3274 1058/3273
f 1063/3282 1062/3284 1077/3306
f 1058/3273 1078/3307 1077/3305
f 1062/3284 1064/3283 1066/3975
f 1065/3288 1062/3281 1066/3286
f 1065/3288 1067/3287 1069/3291
f 1080/3309 1078/3307 1058/3273
f 1080/3309 1084/3314 1079/3308
f 1080/3309 1058/3273 1057/3269
f 1080/3309 1057/3269 1038/3239
f 1038/3239 1039/3238 1080/3309
f 1080/3312 1039/3238 1081/3310
f 807/3279 1065/3285 1068/3289
f 1068/3289 808/2878 807/3279
f 809/3295 808/2879 1068/3293
f 803/2881 809/2880 1072/3296
f 1072/3299 810/3298 803/2881
f 803/2881 806/2875 808/2879
f 811/2884 810/2883 1073/3297
f 1073/3297 813/3302 811/2884
f 804/2872 805/2874 806/2875
f 804/2872 806/2875 803/2869
f 813/3302 1075/3301 814/2890
f 1459/3976 815/2892 814/2891
f 815/2892 817/2895 816/2893
f 816/2893 697/2888 814/2891
f 697/2888 812/2885 813/2889
f 696/2706 697/2705 816/2893
f 698/2707 812/2885 697/2705
f 698/2707 811/2886 812/2885
f 803/2882 811/2884 698/2707
f 698/2707 801/2870 803/2882
f 816/2893 693/3977 696/2706
f 818/2896 693/3977 816/2894
f 691/2897 693/2700 818/2898
f 696/2706 693/3977 694/2702
f 696/2706 695/2703 698/2707
f 698/2707 701/2712 801/2870
f 804/2871 801/2870 794/2863
f 794/2862 800/2861 804/2871
f 701/2865 795/2867 794/2863
f 794/2862 797/2856 798/2860
f 792/2854 797/2856 794/2852
f 792/2854 795/2853 791/2848
f 795/2867 802/2866 791/2848
f 700/2711 802/2866 701/2712
f 702/2714 700/2711 698/2710
f 702/2717 704/2716 700/2711
f 700/2711 704/2716 703/2715
f 703/2715 802/2866 700/2711
f 702/2717 707/2720 703/2715
f 703/2715 707/2720 802/2866
f 802/2866 707/2720 706/2719
f 791/2848 802/2866 706/2719
f 702/2714 708/2722 706/2719
f 706/2719 711/3978 791/2848
f 708/2726 711/2725 706/2719
f 791/2848 711/3978 710/2849
f 710/2724 708/2726 712/2727
f 710/2849 789/2843 788/2847
f 712/2727 789/2843 710/2724
f 787/2846 789/2843 712/2844
f 787/2840 785/2837 784/2841
f 779/3979 785/2837 787/2840
f 783/2835 785/2837 779/2833
f 787/2840 790/2845 779/3979
f 779/2829 790/2845 781/2832
f 781/2832 790/2845 712/2844
f 712/2844 714/3980 781/2832
f 709/2723 714/2729 712/2727
f 781/2832 714/3980 713/2728
f 709/2730 715/2731 713/2728
f 713/2917 830/2916 781/2832
f 781/2832 830/2916 778/3981
f 778/3981 780/2830 781/2832
f 775/2831 780/2830 778/2828
f 778/3981 830/2916 727/2915
f 713/2917 721/3982 727/2915
f 717/2741 721/2740 713/2733
f 727/2915 721/3982 720/2745
f 727/2749 829/2914 778/3981
f 778/2828 829/2914 730/2754
f 730/2754 829/2914 728/2751
f 719/2738 717/2737 715/2734
f 715/2731 716/2732 719/2738
f 728/2750 724/2744 723/2910
f 1460/3983 827/2911 723/2910
f 1461/3984 1462/3985 1460/3986
f 1460/3986 1463/3987 1461/3984
f 1464/3988 1463/3987 1460/3986
f 1460/3986 1462/3985 1465/3989
f 833/3990 1465/3991 1466/3992
f 1465/3989 833/3990 1460/3986
f 728/2912 827/2911 828/2913
f 828/2913 827/2911 1460/3983
f 1460/3983 833/3990 828/2913
f 834/2923 833/2922 1466/3992
f 834/2925 1466/3992 836/2926
f 833/2922 832/2921 828/2913
f 828/2913 832/2921 729/2752
f 846/3993 832/2921 834/2923
f 846/3993 834/2923 835/2928
f 831/2918 832/2920 846/3993
f 730/2753 729/2752 831/2918
f 847/2939 831/2918 846/2938
f 831/2918 731/2755 730/2753
f 731/2755 831/2918 847/2939
f 716/2732 705/2718 699/2709
f 699/2709 695/2708 716/2732
f 716/2732 695/2708 694/2702
f 694/2702 719/2738 716/2732
f 718/2736 719/2738 694/2702
f 694/2701 692/2699 718/2736
f 718/2736 692/2699 691/2698
f 691/2897 821/2901 718/2736
f 718/2736 722/2742 717/2737
f 821/2901 725/3994 718/2736
f 725/3994 722/2742 718/2736
f 720/2748 722/2742 725/2746
f 822/2902 725/3994 821/2901
f 1467/3995 1468/3996 822/3997
f 820/3998 1469/3999 1467/4000
f 819/2899 1470/4001 820/2900
f 1467/4000 822/3997 820/3998
f 822/2904 1468/3996 824/2905
f 725/3994 822/2902 823/2903
f 823/2903 726/2747 725/3994
f 720/2745 726/2747 723/2743
f 723/2909 726/2747 823/2907
f 723/2910 826/2908 1460/3983
f 1460/3986 826/2908 1464/3988
f 1464/3988 826/2908 823/2907
f 823/2903 825/2906 1464/3988
f 1395/4002 1399/3861 1400/3863
f 1400/3863 1405/3869 1395/4002
f 1393/3853 1395/4002 1405/3869
f 1394/3854 1395/3855 1393/3853
f 1396/3857 1399/3861 1395/3855
f 1396/3858 1398/3860 1399/3861
f 1115/3390 1014/4003 1011/3185
f 1014/3193 1012/3195 1011/3185