# Exported from MakeClothes (TM)
# author Elvaerwyn
# license CC_by
# homepage http://www.makehuman.org/
v -0.2881 0.4644 0.7508
v -0.4053 0.4375 0.7188
v -0.3078 0.3952 0.7340
v -0.1961 0.4264 0.7632
v -0.2067 0.3524 0.7479
v -0.1026 0.3781 0.7692
v -0.1062 0.3082 0.7550
v -0.2049 0.2890 0.7336
v -0.1048 0.2520 0.7417
v -0.1903 0.2210 0.7192
v -0.0977 0.1919 0.7269
v -0.0076 0.2358 0.7436
v -0.0067 0.1836 0.7296
v -0.0887 0.1516 0.7174
v -0.0060 0.1482 0.7200
v -0.0795 0.1129 0.7073
v -0.0054 0.1126 0.7091
v -0.0708 0.0748 0.6975
v -0.0048 0.0764 0.6984
v -0.0630 0.0367 0.6875
v -0.0043 0.0395 0.6876
v -0.0560 -0.0027 0.6765
v -0.0037 -0.0066 0.6733
v -0.0492 -0.0450 0.6633
v -0.0034 -0.0503 0.6601
v -0.0449 -0.0941 0.6483
v -0.0035 -0.1029 0.6434
v -0.0420 -0.1543 0.6260
v -0.0049 -0.1714 0.6192
v -0.0332 -0.2121 0.6039
v -0.0071 -0.2123 0.6039
v -0.0101 -0.2502 0.5884
v 0.0194 -0.2118 0.6030
v 0.0345 -0.1500 0.6246
v 0.0716 -0.2105 0.5991
v 0.0730 -0.1430 0.6219
v 0.1232 -0.1538 0.6105
v 0.0382 -0.0902 0.6433
v 0.0819 -0.0913 0.6368
v 0.1271 -0.0915 0.6297
v 0.0899 -0.0404 0.6525
v 0.0423 -0.0404 0.6584
v 0.1432 -0.0455 0.6428
v 0.1784 -0.1091 0.6152
v 0.2018 -0.0572 0.6293
v 0.1003 0.0056 0.6671
v 0.1615 0.0029 0.6573
v 0.1130 0.0455 0.6785
v 0.1827 0.0445 0.6687
v 0.1275 0.0846 0.6888
v 0.2033 0.0854 0.6786
v 0.2862 0.0761 0.6610
v 0.2601 0.0335 0.6522
v 0.3359 0.0121 0.6315
v 0.3679 0.0566 0.6389
v 0.2948 -0.0294 0.6239
v 0.2289 -0.0088 0.6424
v 0.3653 -0.0611 0.6013
v 0.2575 -0.0726 0.6148
v 0.3151 -0.0973 0.5971
v 0.2988 -0.1518 0.5808
v 0.3610 -0.1193 0.5827
v 0.3442 -0.1711 0.5662
v 0.3619 -0.1187 0.5781
v 0.3454 -0.1698 0.5617
v 0.3352 -0.2313 0.5453
v 0.3366 -0.2297 0.5407
v 0.3041 -0.2911 0.5244
v 0.3026 -0.2928 0.5289
v 0.2613 -0.3631 0.5068
v 0.2607 -0.3652 0.5107
v 0.2595 -0.4447 0.4710
v 0.2584 -0.4472 0.4749
v 0.2494 -0.5075 0.4387
v 0.2261 -0.4279 0.4894
v 0.2187 -0.4930 0.4509
v 0.2231 -0.5583 0.3999
v 0.2501 -0.5047 0.4350
v 0.1972 -0.5473 0.4113
v 0.1971 -0.6105 0.3582
v 0.2240 -0.5557 0.3960
v 0.1763 -0.5992 0.3684
v 0.1954 -0.6654 0.3075
v 0.1987 -0.6076 0.3551
v 0.1733 -0.6534 0.3202
v 0.1828 -0.7031 0.2599
v 0.1974 -0.6617 0.3048
v 0.1604 -0.6958 0.2738
v 0.1552 -0.7327 0.2192
v 0.1849 -0.6987 0.2573
v 0.1369 -0.7286 0.2309
v 0.1309 -0.7570 0.1831
v 0.1574 -0.7279 0.2168
v 0.1154 -0.7542 0.1902
v 0.1342 -0.7517 0.1818
v 0.1372 -0.7743 0.1398
v 0.1413 -0.7680 0.1394
v 0.1422 -0.7893 0.0959
v 0.1459 -0.7826 0.0957
v 0.1325 -0.8065 0.0545
v 0.1362 -0.7996 0.0544
v 0.1154 -0.8210 0.0157
v 0.1191 -0.8140 0.0162
v 0.1180 -0.8297 -0.0269
v 0.1219 -0.8225 -0.0259
v 0.1186 -0.8390 -0.0727
v 0.1222 -0.8316 -0.0713
v 0.1128 -0.8469 -0.1262
v 0.1222 -0.8152 -0.0249
v 0.1195 -0.8069 0.0168
v 0.1221 -0.8246 -0.0702
v 0.1122 -0.8400 -0.1246
v 0.0953 -0.8624 -0.1837
v 0.0952 -0.8690 -0.1849
v 0.0923 -0.8757 -0.1860
v 0.1004 -0.8958 -0.2465
v 0.1099 -0.8540 -0.1276
v 0.1023 -0.8891 -0.2455
v 0.0893 -0.9068 -0.3032
v 0.0860 -0.9133 -0.3047
v 0.0957 -0.9013 -0.2470
v 0.0805 -0.9177 -0.3054
v 0.0683 -0.9047 -0.2966
v 0.0802 -0.8933 -0.2412
v 0.0557 -0.8948 -0.2895
v 0.0641 -0.8876 -0.2364
v 0.0433 -0.8889 -0.2849
v 0.0495 -0.8841 -0.2333
v 0.0618 -0.8793 -0.1830
v 0.0782 -0.8783 -0.1846
v 0.0646 -0.8666 -0.1442
v 0.0885 -0.8579 -0.1287
v 0.0740 -0.8497 -0.0871
v 0.0939 -0.8446 -0.0758
v 0.0839 -0.8351 -0.0336
v 0.0954 -0.8326 -0.0284
v 0.0972 -0.8221 0.0157
v 0.0623 -0.8389 -0.0435
v 0.0543 -0.8557 -0.1049
v 0.0487 -0.8671 -0.1465
v 0.0480 -0.8786 -0.1816
v 0.0395 -0.8719 -0.1742
v 0.0337 -0.8807 -0.2318
v 0.0288 -0.8840 -0.2828
v 0.0209 -0.8771 -0.2324
v 0.0297 -0.8701 -0.1797
v 0.0173 -0.8794 -0.2836
v 0.0140 -0.8751 -0.2343
v 0.0194 -0.8675 -0.1789
v 0.0112 -0.8760 -0.2863
v 0.0083 -0.8738 -0.2364
v 0.0084 -0.8650 -0.1762
v 0.0027 -0.8734 -0.2342
v 0.0017 -0.8748 -0.2862
v 0.0063 -0.8731 -0.2898
v -0.0041 -0.8766 -0.2834
v -0.0041 -0.8735 -0.2321
v -0.0156 -0.8783 -0.2824
v -0.0171 -0.8734 -0.2313
v -0.0128 -0.8650 -0.1774
v -0.0025 -0.8651 -0.1782
v -0.0123 -0.8558 -0.1259
v -0.0017 -0.8546 -0.1206
v -0.0142 -0.8449 -0.0734
v -0.0036 -0.8424 -0.0636
v -0.0177 -0.8335 -0.0223
v -0.0067 -0.8301 -0.0121
v 0.0057 -0.8375 -0.0432
v 0.0037 -0.8248 0.0071
v -0.0097 -0.8170 0.0366
v 0.0022 -0.8112 0.0550
v -0.0117 -0.8016 0.0849
v 0.0016 -0.7954 0.1012
v -0.0115 -0.7816 0.1356
v 0.0023 -0.7810 0.1370
v -0.0036 -0.7695 0.1616
v 0.0083 -0.7657 0.1680
v 0.0145 -0.7840 0.1292
v 0.0301 -0.7615 0.1767
v 0.0309 -0.7870 0.1220
v 0.0512 -0.7696 0.1640
v 0.0489 -0.7900 0.1147
v 0.0300 -0.8051 0.0734
v 0.0469 -0.8069 0.0671
v 0.0291 -0.8199 0.0256
v 0.0450 -0.8217 0.0193
v 0.0661 -0.8079 0.0627
v 0.0634 -0.8229 0.0141
v 0.0862 -0.8095 0.0604
v 0.0833 -0.8228 0.0125
v 0.1101 -0.8082 0.0572
v 0.1170 -0.7907 0.1001
v 0.0907 -0.7923 0.1047
v 0.0686 -0.7915 0.1094
v 0.0911 -0.7756 0.1509
v 0.1153 -0.7742 0.1449
v 0.0708 -0.7730 0.1567
v 0.0748 -0.7542 0.2046
v 0.0581 -0.7439 0.2141
v 0.0142 -0.7387 0.2138
v 0.0399 -0.7281 0.2339
v 0.0463 -0.6933 0.2803
v 0.0669 -0.7203 0.2579
v 0.0754 -0.6752 0.3050
v 0.1089 -0.6816 0.2972
v 0.0920 -0.7231 0.2511
v 0.1344 -0.6881 0.2870
v 0.1145 -0.7254 0.2423
v 0.0950 -0.7535 0.1981
v 0.1461 -0.6414 0.3332
v 0.1165 -0.6317 0.3438
v 0.1493 -0.5868 0.3808
v 0.1224 -0.5768 0.3910
v 0.1659 -0.5334 0.4239
v 0.1356 -0.5205 0.4346
v 0.1814 -0.4755 0.4643
v 0.1460 -0.4595 0.4768
v 0.1866 -0.4079 0.5040
v 0.1484 -0.3905 0.5167
v 0.1902 -0.3311 0.5349
v 0.2284 -0.3500 0.5216
v 0.2110 -0.2718 0.5534
v 0.2589 -0.2780 0.5423
v 0.2357 -0.1991 0.5748
v 0.2843 -0.2133 0.5612
v 0.1707 -0.2425 0.5716
v 0.1554 -0.3150 0.5464
v 0.1133 -0.2990 0.5591
v 0.1053 -0.3733 0.5269
v 0.1049 -0.4439 0.4885
v 0.1009 -0.5085 0.4444
v 0.0925 -0.5682 0.3993
v 0.0829 -0.6238 0.3525
v 0.0509 -0.6183 0.3581
v 0.0436 -0.6701 0.3098
v 0.0255 -0.6586 0.3143
v 0.0240 -0.6050 0.3646
v 0.0613 -0.5618 0.4046
v 0.0639 -0.4999 0.4515
v 0.0305 -0.5434 0.4153
v 0.0287 -0.4775 0.4643
v 0.0639 -0.4304 0.4966
v 0.0681 -0.3580 0.5357
v 0.0283 -0.4095 0.5085
v 0.0301 -0.3393 0.5469
v 0.0745 -0.2856 0.5685
v 0.1226 -0.2268 0.5858
v 0.0302 -0.2710 0.5780
v -0.0118 -0.3117 0.5610
v -0.0505 -0.2699 0.5792
v -0.0545 -0.3385 0.5474
v -0.0970 -0.2847 0.5693
v -0.0833 -0.2087 0.6025
v -0.1391 -0.2272 0.5867
v -0.1311 -0.1542 0.6177
v -0.1384 -0.2985 0.5578
v -0.0939 -0.3562 0.5359
v -0.1294 -0.3697 0.5255
v -0.0853 -0.4255 0.4967
v -0.0490 -0.4079 0.5097
v -0.0111 -0.3803 0.5263
v -0.0076 -0.4486 0.4839
v -0.0432 -0.4751 0.4655
v -0.0788 -0.4929 0.4526
v -0.1171 -0.5044 0.4436
v -0.0780 -0.5546 0.4059
v -0.1223 -0.4394 0.4865
v -0.0424 -0.5411 0.4171
v -0.0065 -0.5144 0.4368
v -0.0077 -0.5809 0.3838
v -0.0440 -0.6022 0.3650
v -0.0752 -0.6092 0.3605
v -0.1030 -0.6169 0.3544
v -0.0752 -0.6488 0.3238
v -0.1092 -0.5639 0.3992
v -0.0494 -0.6532 0.3173
v -0.0111 -0.6546 0.3136
v -0.0347 -0.6984 0.2669
v -0.0074 -0.7155 0.2448
v -0.0256 -0.7375 0.2158
v -0.0058 -0.7497 0.1964
v -0.0149 -0.7617 0.1767
v -0.0339 -0.7612 0.1792
v -0.0282 -0.7885 0.1234
v -0.0440 -0.7945 0.1141
v -0.0259 -0.8066 0.0741
v -0.0499 -0.7782 0.1617
v -0.0525 -0.7249 0.2357
v -0.0861 -0.7060 0.2634
v -0.0673 -0.7430 0.2147
v -0.1051 -0.7236 0.2498
v -0.0645 -0.6859 0.2841
v -0.0969 -0.6639 0.3096
v -0.1310 -0.6313 0.3437
v -0.1353 -0.5747 0.3942
v -0.1471 -0.5165 0.4383
v -0.1587 -0.4537 0.4775
v -0.1619 -0.3839 0.5166
v -0.1718 -0.3112 0.5468
v -0.1827 -0.2408 0.5719
v -0.1869 -0.1728 0.5975
v -0.0802 -0.1456 0.6288
v -0.0888 -0.0948 0.6453
v -0.0957 -0.0424 0.6612
v -0.1333 -0.0931 0.6388
v -0.1477 -0.0438 0.6528
v -0.1818 -0.1076 0.6237
v -0.2033 -0.0501 0.6404
v -0.2415 -0.1229 0.6043
v -0.2579 -0.0629 0.6247
v -0.3169 -0.0824 0.6063
v -0.2969 -0.1414 0.5856
v -0.2346 0.0005 0.6511
v -0.2998 -0.0134 0.6333
v -0.2659 0.0480 0.6579
v -0.3413 0.0343 0.6373
v -0.2920 0.0952 0.6645
v -0.3733 0.0840 0.6423
v -0.4615 0.0600 0.6136
v -0.4238 0.0072 0.6101
v -0.3708 -0.0392 0.6103
v -0.3661 -0.1007 0.5903
v -0.3456 -0.1568 0.5690
v -0.3672 -0.1000 0.5859
v -0.3473 -0.1553 0.5647
v -0.3372 -0.2200 0.5413
v -0.3387 -0.2183 0.5370
v -0.3081 -0.2828 0.5150
v -0.3334 -0.2146 0.5344
v -0.3023 -0.2790 0.5124
v -0.3428 -0.1517 0.5622
v -0.3630 -0.0963 0.5832
v -0.4286 -0.0635 0.5805
v -0.4938 -0.0197 0.5748
v -0.4333 -0.0679 0.5829
v -0.4324 -0.0678 0.5877
v -0.4991 -0.0244 0.5768
v -0.4977 -0.0247 0.5817
v -0.5402 0.0340 0.5806
v -0.5385 0.0328 0.5847
v -0.5616 0.0888 0.5936
v -0.5600 0.0876 0.5976
v -0.5895 0.1271 0.6014
v -0.5885 0.1267 0.6055
v -0.6477 0.1506 0.6063
v -0.5776 0.1901 0.6235
v -0.6395 0.2265 0.6273
v -0.5412 0.2702 0.6476
v -0.4816 0.2282 0.6485
v -0.4420 0.2989 0.6766
v -0.5268 0.3445 0.6688
v -0.6085 0.3067 0.6522
v -0.6955 0.2677 0.6316
v -0.6742 0.3428 0.6549
v -0.6006 0.3840 0.6732
v -0.6698 0.4130 0.6714
v -0.7424 0.3673 0.6512
v -0.6055 0.4584 0.6883
v -0.5367 0.4272 0.6890
v -0.5530 0.5080 0.7020
v -0.6173 0.5319 0.6978
v -0.6700 0.4826 0.6839
v -0.6842 0.5513 0.6904
v -0.7346 0.5037 0.6767
v -0.8030 0.5261 0.6663
v -0.7961 0.4565 0.6596
v -0.8648 0.4124 0.6389
v -0.8608 0.4824 0.6496
v -0.9363 0.5138 0.6319
v -0.9241 0.4433 0.6287
v -0.8793 0.5562 0.6512
v -0.8300 0.6021 0.6660
v -0.9527 0.5956 0.6264
v -1.0210 0.6414 0.5944
v -1.0061 0.5562 0.6066
v -0.9795 0.6789 0.6093
v -1.0863 0.6893 0.5561
v -1.0660 0.6077 0.5760
v -1.0510 0.7230 0.5707
v -1.1231 0.6571 0.5390
v -1.1140 0.5756 0.5532
v -1.1615 0.6248 0.5190
v -1.1987 0.5933 0.4977
v -1.1610 0.5453 0.5267
v -1.1802 0.6968 0.4949
v -1.2149 0.6601 0.4754
v -1.2316 0.7303 0.4483
v -1.2640 0.6906 0.4287
v -1.2752 0.7618 0.3990
v -1.2482 0.7986 0.4129
v -1.1997 0.7686 0.4651
v -1.1462 0.7322 0.5124
v -1.1123 0.7684 0.5275
v -1.1681 0.8075 0.4798
v -1.1361 0.8464 0.4906
v -1.2211 0.8364 0.4253
v -1.0770 0.8044 0.5390
v -1.0155 0.7570 0.5818
v -0.9402 0.7188 0.6206
v -0.8624 0.6851 0.6528
v -0.9033 0.7567 0.6263
v -0.9824 0.7861 0.5887
v -1.0411 0.8377 0.5455
v -1.1024 0.8845 0.4962
v -1.1655 0.9103 0.4402
v -1.1611 0.9119 0.4364
v -1.0978 0.8863 0.4924
v -1.0363 0.8393 0.5416
v -0.9778 0.7877 0.5848
v -0.8986 0.7589 0.6222
v -0.8231 0.7303 0.6577
v -0.8179 0.7329 0.6537
v -0.7555 0.6936 0.6815
v -0.7501 0.6964 0.6778
v -0.6919 0.6601 0.6968
v -0.7884 0.6493 0.6762
v -0.7161 0.6194 0.6903
v -0.7544 0.5722 0.6795
v -0.6439 0.6001 0.7004
v -0.6156 0.6449 0.7070
v -0.5736 0.5830 0.7075
v -0.5371 0.6315 0.7129
v -0.4708 0.6084 0.7157
v -0.5093 0.5600 0.7113
v -0.4483 0.5294 0.7187
v -0.4192 0.5757 0.7274
v -0.4870 0.4765 0.7026
v -0.3746 0.4937 0.7352
v -0.4558 0.3868 0.6944
v -0.3356 0.3159 0.7090
v -0.2862 0.2421 0.7032
v -0.3845 0.2453 0.6794
v -0.3449 0.1928 0.6764
v -0.4335 0.1818 0.6505
v -0.5239 0.1542 0.6185
v -0.4889 0.1111 0.6183
v -0.4000 0.1335 0.6476
v -0.3158 0.1430 0.6709
v -0.2559 0.1890 0.6969
v -0.2312 0.1403 0.6897
v -0.1708 0.1725 0.7103
v -0.1523 0.1274 0.7011
v -0.1356 0.0847 0.6918
v -0.2100 0.0945 0.6819
v -0.1894 0.0500 0.6737
v -0.1207 0.0429 0.6824
v -0.1679 0.0047 0.6645
v -0.1075 0.0015 0.6726
v -0.2844 0.5233 0.7576
v -0.1918 0.4897 0.7703
v -0.1002 0.4408 0.7771
v -0.0096 0.3479 0.7688
v -0.0105 0.4085 0.7775
v -0.0085 0.2856 0.7558
v 0.0915 0.3088 0.7504
v 0.0917 0.2537 0.7380
v 0.1970 0.3390 0.7423
v 0.0856 0.3776 0.7646
v 0.1960 0.2766 0.7297
v 0.3015 0.3685 0.7273
v 0.1843 0.4145 0.7555
v 0.3302 0.2872 0.7053
v 0.4003 0.3993 0.7103
v 0.2804 0.4420 0.7418
v 0.4511 0.3447 0.6877
v 0.3690 0.4616 0.7244
v 0.2758 0.5042 0.7463
v 0.3567 0.5148 0.7292
v 0.4436 0.4903 0.7053
v 0.4824 0.4322 0.6909
v 0.5494 0.4598 0.6887
v 0.5060 0.5163 0.6972
v 0.4140 0.5421 0.7120
v 0.4673 0.5707 0.7008
v 0.5719 0.5351 0.6939
v 0.5356 0.5890 0.6987
v 0.6440 0.5495 0.6869
v 0.6167 0.5971 0.6926
v 0.7184 0.5689 0.6752
v 0.6956 0.6104 0.6806
v 0.7954 0.6008 0.6578
v 0.7550 0.5203 0.6652
v 0.8356 0.5515 0.6479
v 0.8023 0.4741 0.6515
v 0.6829 0.4974 0.6770
v 0.7318 0.4484 0.6631
v 0.6148 0.4804 0.6848
v 0.6664 0.4270 0.6710
v 0.6010 0.4053 0.6757
v 0.7286 0.3782 0.6532
v 0.6640 0.3561 0.6590
v 0.7344 0.3108 0.6389
v 0.6666 0.2869 0.6427
v 0.5947 0.3306 0.6610
v 0.5318 0.3780 0.6760
v 0.5218 0.2964 0.6578
v 0.6023 0.2537 0.6400
v 0.5363 0.2219 0.6374
v 0.4372 0.2592 0.6737
v 0.4766 0.1860 0.6464
v 0.3795 0.2124 0.6778
v 0.5723 0.1415 0.6075
v 0.4282 0.1453 0.6490
v 0.5186 0.1112 0.6154
v 0.4837 0.0723 0.6151
v 0.3946 0.1018 0.6456
v 0.3396 0.1653 0.6750
v 0.3102 0.1199 0.6690
v 0.2493 0.1719 0.6950
v 0.2800 0.2203 0.7012
v 0.1818 0.2113 0.7165
v 0.0858 0.1956 0.7246
v 0.0777 0.1568 0.7154
v 0.1622 0.1664 0.7081
v 0.2245 0.1273 0.6874
v 0.1440 0.1245 0.6988
v 0.0693 0.1190 0.7050
v 0.0614 0.0817 0.6943
v 0.0545 0.0439 0.6836
v 0.0475 0.0033 0.6717
v 0.4561 0.0256 0.6093
v 0.5544 0.0448 0.5860
v 0.5326 -0.0054 0.5780
v 0.5560 0.0459 0.5811
v 0.5840 0.0804 0.5834
v 0.5830 0.0799 0.5877
v 0.6407 0.1011 0.5896
v 0.6415 0.1007 0.5850
v 0.7043 0.1315 0.5904
v 0.6327 0.1742 0.6127
v 0.6868 0.2133 0.6184
v 0.7399 0.2472 0.6208
v 0.8057 0.2697 0.6158
v 0.8701 0.2938 0.6082
v 0.7984 0.3343 0.6326
v 0.8649 0.2302 0.5901
v 0.7953 0.2162 0.5987
v 0.7957 0.2165 0.5941
v 0.7534 0.1783 0.5955
v 0.8656 0.2298 0.5852
v 0.9320 0.2579 0.5818
v 0.9327 0.2575 0.5768
v 0.9906 0.3005 0.5731
v 0.9291 0.3275 0.5994
v 0.9905 0.3666 0.5870
v 0.9229 0.3951 0.6125
v 0.8588 0.3628 0.6247
v 0.8589 0.4318 0.6342
v 0.7915 0.4034 0.6455
v 0.9433 0.4633 0.6141
v 0.8845 0.5051 0.6332
v 0.9720 0.5431 0.6062
v 0.9226 0.5872 0.6214
v 0.7642 0.6471 0.6624
v 0.8794 0.6352 0.6319
v 0.8408 0.6837 0.6363
v 0.9351 0.7068 0.6034
v 0.9307 0.7090 0.5992
v 0.9728 0.6670 0.5987
v 1.0281 0.7336 0.5682
v 1.0238 0.7355 0.5642
v 1.0622 0.7025 0.5615
v 1.0135 0.6257 0.5883
v 1.0986 0.6668 0.5488
v 1.0572 0.5869 0.5727
v 1.1348 0.6319 0.5319
v 1.1054 0.5518 0.5514
v 1.1723 0.5993 0.5123
v 1.1560 0.5193 0.5252
v 1.2113 0.5675 0.4894
v 1.2004 0.6755 0.4848
v 1.2346 0.6403 0.4644
v 1.2565 0.7154 0.4321
v 1.1664 0.7125 0.5026
v 1.2249 0.7547 0.4496
v 1.1314 0.7503 0.5166
v 1.1932 0.7950 0.4632
v 1.0957 0.7859 0.5253
v 1.1601 0.8357 0.4713
v 1.2234 0.8656 0.4088
v 1.2190 0.8673 0.4052
v 1.2512 0.8276 0.4014
v 1.2795 0.8875 0.3411
v 1.2753 0.8888 0.3374
v 1.3370 0.8941 0.2721
v 1.3015 0.8556 0.3357
v 1.3246 0.8209 0.3263
v 1.3594 0.8579 0.2639
v 1.2785 0.7893 0.3896
v 1.3057 0.7521 0.3744
v 1.2885 0.6782 0.4119
v 1.3329 0.7171 0.3580
v 1.3212 0.6410 0.3889
v 1.3610 0.6825 0.3391
v 1.3521 0.6056 0.3646
v 1.3872 0.6503 0.3194
v 1.4163 0.6962 0.2736
v 1.4335 0.6735 0.2608
v 1.4089 0.6224 0.2996
v 1.3784 0.5731 0.3397
v 1.4074 0.6211 0.2943
v 1.3769 0.5717 0.3343
v 1.3285 0.5375 0.3898
v 1.3299 0.5390 0.3950
v 1.2788 0.5116 0.4371
v 1.2795 0.5125 0.4425
v 1.2482 0.4634 0.4642
v 1.2485 0.4629 0.4581
v 1.2094 0.4070 0.4804
v 1.2088 0.4076 0.4865
v 1.1397 0.3683 0.5173
v 1.1389 0.3688 0.5230
v 1.0496 0.3477 0.5544
v 1.0493 0.3471 0.5594
v 0.9912 0.3006 0.5681
v 1.0769 0.3972 0.5573
v 1.0090 0.4282 0.5894
v 1.0294 0.5045 0.5863
v 1.0913 0.4694 0.5572
v 1.1530 0.4376 0.5233
v 1.2054 0.4897 0.4953
v 1.2493 0.5375 0.4649
v 1.2696 0.6049 0.4414
v 1.3028 0.5705 0.4176
v 0.9866 0.3035 0.5656
v 1.0451 0.3507 0.5518
v 1.1354 0.3715 0.5147
v 1.2048 0.4099 0.4779
v 1.2441 0.4654 0.4553
v 1.2749 0.5138 0.4339
v 1.3244 0.5398 0.3867
v 1.3725 0.5739 0.3315
v 1.4030 0.6229 0.2915
v 1.4317 0.6718 0.2565
v 1.4660 0.7005 0.2042
v 1.4638 0.6979 0.2007
v 1.4941 0.7228 0.1426
v 1.4914 0.7202 0.1395
v 1.5023 0.7639 0.0859
v 1.5112 0.8088 0.0332
v 1.5075 0.8080 0.0315
v 1.5342 0.8194 -0.0368
v 1.5301 0.8182 -0.0383
v 1.5493 0.8327 -0.0973
v 1.5448 0.8312 -0.0985
v 1.5530 0.8596 -0.1473
v 1.5480 0.8580 -0.1484
v 1.5526 0.8893 -0.1910
v 1.5474 0.8875 -0.1913
v 1.5522 0.8952 -0.2385
v 1.5387 0.9191 -0.2288
v 1.5339 0.9289 -0.2739
v 1.5182 0.9604 -0.2645
v 1.5076 0.9767 -0.3067
v 1.4940 1.0117 -0.2998
v 1.5048 0.9955 -0.2563
v 1.5246 0.9475 -0.2193
v 1.5114 0.9799 -0.2111
v 1.5242 0.9326 -0.1714
v 1.5110 0.9621 -0.1630
v 1.5010 0.9924 -0.1576
v 1.4961 0.9729 -0.1064
v 1.5074 0.9403 -0.1128
v 1.5020 0.9195 -0.0585
v 1.5221 0.9086 -0.1228
v 1.4890 0.9540 -0.0512
v 1.5179 0.8860 -0.0697
v 1.4932 0.9006 0.0002
v 1.5079 0.8687 -0.0106
v 1.4759 0.8804 0.0618
v 1.4897 0.8516 0.0529
v 1.4580 0.8521 0.1220
v 1.4753 0.8202 0.1115
v 1.5026 0.8265 0.0425
v 1.4917 0.7910 0.1000
v 1.4572 0.7866 0.1693
v 1.4766 0.7544 0.1564
v 1.4490 0.7274 0.2168
v 1.4360 0.8210 0.1818
v 1.4282 0.7571 0.2297
v 1.4051 0.7897 0.2423
v 1.3936 0.7247 0.2877
v 1.3698 0.7559 0.3016
v 1.3824 0.8224 0.2535
v 1.4150 0.8551 0.1924
v 1.3930 0.8914 0.2019
v 1.3701 0.9287 0.2089
v 1.3135 0.9310 0.2774
v 1.3451 0.9678 0.2131
v 1.3841 0.9872 0.1472
v 1.3791 0.9891 0.1441
v 1.4056 0.9526 0.1433
v 1.4218 1.0053 0.0788
v 1.4165 1.0075 0.0765
v 1.4542 1.0081 0.0133
v 1.4363 0.9743 0.0766
v 1.4663 0.9702 0.0116
v 1.4500 0.9415 0.0733
v 1.4244 0.9180 0.1379
v 1.4630 0.9094 0.0682
v 1.4415 0.8838 0.1307
v 1.4798 0.9333 0.0073
v 1.4777 0.9930 -0.0470
v 1.4682 1.0336 -0.0457
v 1.4869 1.0100 -0.1027
v 1.4801 1.0485 -0.1019
v 1.4589 1.0791 -0.0458
v 1.4421 1.0495 0.0138
v 1.4531 1.0823 -0.0474
v 1.4746 1.0901 -0.1032
v 1.4882 1.0623 -0.1541
v 1.4930 1.0267 -0.1543
v 1.4931 1.0500 -0.2023
v 1.5007 1.0131 -0.2056
v 1.4944 1.0311 -0.2506
v 1.4834 1.0468 -0.2945
v 1.4862 1.0702 -0.2472
v 1.4889 1.0885 -0.2016
v 1.4814 1.1108 -0.2462
v 1.4852 1.1290 -0.2031
v 1.4862 1.0985 -0.1564
v 1.4795 1.1013 -0.1567
v 1.4779 1.1315 -0.2027
v 1.4793 1.1541 -0.2469
v 1.4720 1.1562 -0.2462
v 1.4725 1.1661 -0.2882
v 1.4651 1.1680 -0.2872
v 1.4577 1.1668 -0.3233
v 1.4659 1.1548 -0.2457
v 1.4720 1.1306 -0.2025
v 1.4591 1.1663 -0.2862
v 1.4517 1.1651 -0.3220
v 1.4483 1.1740 -0.3592
v 1.4423 1.1722 -0.3579
v 1.4288 1.2031 -0.4003
v 1.4348 1.2054 -0.4018
v 1.4159 1.2247 -0.4467
v 1.4232 1.2242 -0.4492
v 1.4274 1.1820 -0.4540
v 1.4050 1.2254 -0.4899
v 1.4427 1.1661 -0.4113
v 1.4317 1.1419 -0.4586
v 1.4102 1.1864 -0.4954
v 1.4451 1.1284 -0.4177
v 1.4163 1.1484 -0.4994
v 1.4392 1.1023 -0.4630
v 1.4505 1.0908 -0.4228
v 1.4503 1.0653 -0.4664
v 1.4257 1.1109 -0.5028
v 1.4600 1.0557 -0.4261
v 1.4714 1.0441 -0.3849
v 1.4749 1.0196 -0.4278
v 1.4837 1.0117 -0.3867
v 1.4660 1.0276 -0.4688
v 1.4376 1.0759 -0.5056
v 1.4538 1.0402 -0.5079
v 1.4721 1.0074 -0.5096
v 1.4861 0.9929 -0.4702
v 1.4934 0.9868 -0.4280
v 1.4914 0.9779 -0.5107
v 1.5080 0.9608 -0.4713
v 1.5060 0.9542 -0.4254
v 1.5122 0.9573 -0.4276
v 1.5078 0.9540 -0.3844
v 1.5140 0.9568 -0.3861
v 1.5196 0.9368 -0.3523
v 1.5260 0.9393 -0.3532
v 1.5415 0.9158 -0.3214
v 1.5097 0.9655 -0.3504
v 1.5241 0.9447 -0.3140
v 1.5433 0.8985 -0.2831
v 1.5495 0.9007 -0.2836
v 1.5464 0.8929 -0.2380
v 1.5389 0.8937 -0.2369
v 1.5403 0.8883 -0.1907
v 1.5410 0.8594 -0.1482
v 1.5380 0.8330 -0.0984
v 1.5243 0.8202 -0.0385
v 1.5023 0.8096 0.0309
v 1.4970 0.7655 0.0851
v 1.5055 0.7656 0.0883
v 1.5220 0.8418 -0.0234
v 1.5340 0.8576 -0.0831
v 1.5380 0.8819 -0.1347
v 1.5392 0.9077 -0.1813
v 1.4863 0.7220 0.1380
v 1.4592 0.6994 0.1985
v 1.4275 0.6731 0.2538
v 1.5349 0.9136 -0.3209
v 1.5263 0.9148 -0.3194
v 1.5350 0.8998 -0.2817
v 1.5113 0.9375 -0.3506
v 1.4997 0.9543 -0.3825
v 1.5020 0.9576 -0.4692
v 1.4853 0.9746 -0.5085
v 1.4936 0.9580 -0.4667
v 1.4976 0.9546 -0.4232
v 1.4770 0.9747 -0.5056
v 1.4981 0.9817 -0.3871
v 1.4945 0.9959 -0.3467
v 1.4826 1.0287 -0.3425
v 1.4622 1.0758 -0.3816
v 1.4735 1.0610 -0.3382
v 1.4565 1.1093 -0.3768
v 1.4669 1.0956 -0.3338
v 1.4545 1.1424 -0.3699
v 1.4643 1.1306 -0.3293
v 1.4553 1.1730 -0.3613
v 1.4421 1.2047 -0.4042
v 1.4650 1.1652 -0.3247
v 1.4730 1.1244 -0.2886
v 1.4762 1.0850 -0.2906
v 1.3980 1.2255 -0.4872
v 1.3927 1.2226 -0.4849
v 1.4102 1.2220 -0.4448
v 1.4685 1.0933 -0.1043
v 1.4487 1.0815 -0.0489
v 1.4637 1.0927 -0.1052
v 1.4739 1.1008 -0.1570
v 1.4324 1.0517 0.0100
v 1.4363 1.0524 0.0121
v 1.4131 1.0068 0.0740
v 1.3765 0.9877 0.1413
v 1.3382 0.9677 0.2067
v 1.3403 0.9695 0.2099
v 1.3091 0.9326 0.2740
v 1.3074 0.9309 0.2704
v 1.2736 0.8874 0.3339
v 1.2175 0.8655 0.4017
v 1.1545 0.8360 0.4638
v 1.1556 0.8376 0.4676
v 1.0911 0.7876 0.5216
v 1.0901 0.7864 0.5176
v 1.0226 0.7344 0.5604
v 0.9295 0.7077 0.5955
v 0.8347 0.6850 0.6285
v 0.8359 0.6863 0.6323
v 0.7592 0.6500 0.6586
v 0.6917 0.6135 0.6768
v 0.6132 0.6008 0.6885
v 0.5322 0.5924 0.6943
v 0.4636 0.5739 0.6963
v 0.4103 0.5452 0.7078
v 0.3540 0.5182 0.7248
v 0.2740 0.5079 0.7416
v 0.1783 0.4815 0.7608
v 0.0811 0.4423 0.7729
v 0.1767 0.4853 0.7561
v 0.0799 0.4461 0.7681
v -0.0106 0.4125 0.7728
v -0.0992 0.4444 0.7723
v -0.0992 0.4436 0.7679
v -0.1904 0.4933 0.7657
v -0.1901 0.4925 0.7615
v -0.2827 0.5267 0.7531
v -0.2817 0.5259 0.7491
v -0.3601 0.5460 0.7380
v -0.3591 0.5456 0.7340
v -0.3628 0.5430 0.7421
v -0.4155 0.5784 0.7235
v -0.4671 0.6111 0.7114
v -0.5335 0.6345 0.7087
v -0.4667 0.6104 0.7074
v -0.5328 0.6339 0.7048
v -0.6119 0.6482 0.7032
v -0.6106 0.6477 0.6993
v -0.6877 0.6633 0.6932
v -0.6858 0.6629 0.6895
v -0.7485 0.6955 0.6741
v -0.8165 0.7317 0.6500
v -0.8972 0.7577 0.6185
v -0.9764 0.7868 0.5809
v -1.0354 0.8381 0.5376
v -1.0967 0.8847 0.4886
v -1.1596 0.9103 0.4329
v -1.2190 0.9268 0.3739
v -1.1938 0.8741 0.4350
v -1.2232 0.9254 0.3777
v -1.2848 0.9219 0.3142
v -1.2453 0.8940 0.3740
v -1.3071 0.8845 0.3079
v -1.2684 0.8589 0.3666
v -1.3290 0.8472 0.2992
v -1.2909 0.8237 0.3568
v -1.3128 0.7902 0.3464
v -1.3503 0.8118 0.2897
v -1.3356 0.7558 0.3345
v -1.3026 0.7239 0.3829
v -1.2940 0.6518 0.4078
v -1.3277 0.6879 0.3657
v -1.3566 0.7237 0.3221
v -1.3725 0.6979 0.3104
v -1.3483 0.6560 0.3481
v -1.3466 0.6546 0.3430
v -1.3193 0.6151 0.3857
v -1.3706 0.6962 0.3062
v -1.4073 0.7119 0.2554
v -1.3914 0.7420 0.2670
v -1.3719 0.7756 0.2786
v -1.4068 0.7931 0.2193
v -1.4261 0.7580 0.2076
v -1.4529 0.7888 0.1510
v -1.3857 0.8308 0.2304
v -1.4356 0.8200 0.1616
v -1.4742 0.8209 0.0922
v -1.4833 0.8023 0.0832
v -1.4670 0.7616 0.1401
v -1.4638 0.7603 0.1376
v -1.4434 0.7238 0.1949
v -1.4050 0.7095 0.2518
v -1.4406 0.7215 0.1918
v -1.4583 0.7625 0.1367
v -1.4355 0.7238 0.1902
v -1.4005 0.7115 0.2496
v -1.3666 0.6980 0.3034
v -1.3423 0.6568 0.3401
v -1.3132 0.6164 0.3776
v -1.3176 0.6137 0.3806
v -1.2723 0.5876 0.4306
v -1.2738 0.5891 0.4357
v -1.2271 0.5656 0.4730
v -1.2280 0.5665 0.4783
v -1.2018 0.5169 0.4929
v -1.2020 0.5172 0.4988
v -1.1701 0.4597 0.5139
v -1.1701 0.4602 0.5198
v -1.1138 0.4188 0.5455
v -1.1138 0.4190 0.5510
v -1.0401 0.3918 0.5762
v -1.0407 0.3908 0.5810
v -0.9948 0.3409 0.5853
v -0.9947 0.3406 0.5901
v -0.9440 0.2985 0.5923
v -0.9435 0.2989 0.5972
v -0.8788 0.2744 0.6004
v -0.8782 0.2748 0.6052
v -0.8079 0.2663 0.6082
v -0.8077 0.2660 0.6127
v -0.7649 0.2298 0.6102
v -0.7657 0.2302 0.6056
v -0.7140 0.1826 0.6060
v -0.7147 0.1824 0.6015
v -0.6484 0.1502 0.6019
v -0.7094 0.1872 0.5990
v -0.7604 0.2348 0.6031
v -0.8034 0.2709 0.6056
v -0.8741 0.2791 0.5979
v -0.9391 0.3026 0.5898
v -0.9897 0.3444 0.5828
v -1.0351 0.3952 0.5735
v -1.1090 0.4223 0.5428
v -1.1653 0.4630 0.5112
v -1.1973 0.5197 0.4899
v -1.2230 0.5681 0.4697
v -1.2681 0.5902 0.4275
v -0.6435 0.1549 0.5992
v -0.5847 0.1313 0.5986
v -0.5564 0.0929 0.5907
v -0.5347 0.0383 0.5778
v -0.7503 0.3018 0.6332
v -0.8165 0.3204 0.6283
v -0.8800 0.3409 0.6216
v -0.8060 0.3871 0.6456
v -0.7340 0.4351 0.6664
v -0.9352 0.3724 0.6147
v -0.9877 0.4113 0.6046
v -0.9972 0.4766 0.6082
v -1.0585 0.4454 0.5805
v -1.0625 0.5223 0.5815
v -1.1187 0.4915 0.5523
v -0.9050 0.6394 0.6421
v -1.2610 0.9590 0.3178
v -1.3221 0.9458 0.2533
v -1.3440 0.9068 0.2478
v -1.3651 0.8679 0.2397
v -1.4170 0.8540 0.1711
v -1.4600 0.8478 0.1021
v -1.4701 0.8962 0.0465
v -1.4443 0.8784 0.1103
v -1.4293 0.9093 0.1159
v -1.3991 0.8878 0.1787
v -1.3807 0.9239 0.1849
v -1.4544 0.9310 0.0527
v -1.4920 0.9143 -0.0161
v -1.5082 0.8789 -0.0268
v -1.4867 0.8623 0.0363
v -1.5226 0.8492 -0.0399
v -1.5232 0.9025 -0.0841
v -1.5086 0.9358 -0.0747
v -1.4769 0.9509 -0.0097
v -1.4956 0.9702 -0.0693
v -1.5209 0.9583 -0.1295
v -1.4617 0.9923 -0.0069
v -1.4384 0.9700 0.0559
v -1.4138 0.9431 0.1202
v -1.3979 0.9776 0.1227
v -1.3611 0.9603 0.1892
v -1.3395 0.9964 0.1919
v -1.3818 1.0101 0.1241
v -1.4232 1.0100 0.0563
v -1.4474 1.0351 -0.0072
v -1.4829 1.0092 -0.0671
v -1.4717 1.0496 -0.0681
v -1.4323 1.0828 -0.0096
v -1.4075 1.0534 0.0550
v -1.4256 1.0866 -0.0114
v -1.4012 1.0568 0.0530
v -1.3762 1.0128 0.1216
v -1.3344 0.9986 0.1887
v -1.2972 0.9859 0.2560
v -1.2923 0.9879 0.2526
v -1.2565 0.9607 0.3144
v -1.2549 0.9590 0.3108
v -1.2174 0.9254 0.3704
v -1.2902 0.9862 0.2494
v -1.3317 0.9974 0.1858
v -1.3728 1.0123 0.1190
v -1.3971 1.0563 0.0510
v -1.4210 1.0860 -0.0127
v -1.4540 1.0970 -0.0730
v -1.4610 1.0932 -0.0716
v -1.4915 1.0633 -0.1249
v -1.4994 1.0261 -0.1234
v -1.5090 1.0497 -0.1756
v -1.5190 1.0112 -0.1773
v -1.5098 0.9902 -0.1252
v -1.5300 0.9766 -0.1817
v -1.5419 0.9427 -0.1890
v -1.5335 0.9275 -0.1371
v -1.5461 0.9014 -0.1468
v -1.5534 0.9129 -0.1980
v -1.5344 0.9925 -0.2302
v -1.5458 0.9560 -0.2373
v -1.5329 1.0096 -0.2765
v -1.5442 0.9732 -0.2822
v -1.5565 0.9233 -0.2460
v -1.5546 0.9401 -0.2888
v -1.5361 0.9937 -0.3247
v -1.5466 0.9622 -0.3273
v -1.5563 0.9350 -0.3294
v -1.5640 0.9102 -0.2954
v -1.5598 0.8923 -0.2545
v -1.5572 0.9084 -0.2946
v -1.5496 0.9329 -0.3282
v -1.5663 0.8941 -0.2553
v -1.5577 0.8861 -0.2067
v -1.5518 0.8941 -0.2528
v -1.5501 0.8876 -0.2052
v -1.5491 0.9100 -0.2929
v -1.5416 0.9340 -0.3263
v -1.5407 0.9513 -0.3622
v -1.5326 0.9520 -0.3601
v -1.5323 0.9525 -0.4048
v -1.5242 0.9533 -0.4024
v -1.5185 0.9573 -0.4505
v -1.5104 0.9580 -0.4478
v -1.4945 0.9759 -0.4928
v -1.4866 0.9763 -0.4900
v -1.5005 0.9790 -0.4952
v -1.5247 0.9602 -0.4528
v -1.5385 0.9554 -0.4072
v -1.5470 0.9539 -0.3641
v -1.5358 0.9798 -0.3660
v -1.5241 0.9860 -0.4087
v -1.5096 1.0200 -0.4097
v -1.4915 1.0292 -0.4536
v -1.5080 0.9934 -0.4530
v -1.4848 1.0094 -0.4962
v -1.4679 1.0430 -0.4973
v -1.4504 1.0794 -0.4980
v -1.4751 1.0680 -0.4537
v -1.4955 1.0572 -0.4097
v -1.5238 1.0109 -0.3666
v -1.5125 1.0444 -0.3660
v -1.5255 1.0276 -0.3216
v -1.5022 1.0770 -0.3640
v -1.5153 1.0610 -0.3185
v -1.4917 1.1113 -0.3603
v -1.5050 1.0967 -0.3153
v -1.4823 1.1452 -0.3545
v -1.4588 1.1700 -0.3992
v -1.4705 1.1316 -0.4044
v -1.4321 1.1865 -0.4462
v -1.4455 1.1459 -0.4498
v -1.4046 1.1912 -0.4925
v -1.4185 1.1529 -0.4958
v -1.4601 1.1057 -0.4526
v -1.4342 1.1150 -0.4976
v -1.4829 1.0932 -0.4080
v -1.3914 1.2302 -0.4875
v -1.4180 1.2290 -0.4423
v -1.3836 1.2306 -0.4849
v -1.4099 1.2298 -0.4398
v -1.4395 1.2101 -0.3906
v -1.4332 1.2080 -0.3891
v -1.4477 1.2091 -0.3930
v -1.4745 1.1764 -0.3470
v -1.4660 1.1778 -0.3448
v -1.4955 1.1327 -0.3121
v -1.4869 1.1681 -0.3089
v -1.5013 1.1261 -0.2697
v -1.4911 1.1688 -0.2711
v -1.4782 1.1701 -0.3075
v -1.4824 1.1712 -0.2702
v -1.4850 1.1592 -0.2269
v -1.4785 1.1582 -0.2263
v -1.4758 1.1698 -0.2691
v -1.4717 1.1687 -0.3061
v -1.4595 1.1764 -0.3434
v -1.4784 1.1337 -0.1796
v -1.4937 1.1565 -0.2276
v -1.5033 1.1120 -0.2248
v -1.5114 1.0854 -0.2700
v -1.5131 1.0701 -0.2240
v -1.5007 1.0894 -0.1768
v -1.5237 1.0295 -0.2258
v -1.5221 1.0459 -0.2724
v -1.4931 1.1312 -0.1804
v -1.4860 1.1006 -0.1292
v -1.4784 1.1040 -0.1295
v -1.4848 1.1342 -0.1799
v -1.4724 1.1039 -0.1297
v -1.4487 1.0966 -0.0737
v -1.4040 1.2272 -0.4379
v -1.3782 1.2278 -0.4826
v -1.5638 0.8881 -0.2075
v -1.5520 0.8805 -0.1567
v -1.5448 0.8817 -0.1558
v -1.5368 0.8519 -0.1090
v -1.5574 0.8820 -0.1567
v -1.5438 0.8501 -0.1095
v -1.5490 0.8513 -0.1085
v -1.5309 0.8222 -0.0554
v -1.5244 0.8244 -0.0550
v -1.5028 0.8118 0.0088
v -1.5088 0.8093 0.0089
v -1.4794 0.8018 0.0814
v -1.5129 0.8102 0.0102
v -1.5356 0.8233 -0.0542
v -1.5012 0.8337 0.0237
v -1.5366 0.8746 -0.0959
v -1.4740 0.8039 0.0808
v -1.2474 0.6234 0.4551
v -0.2384 -0.1876 0.5778
v -0.2248 -0.2559 0.5539
v -0.2039 -0.3265 0.5329
v -0.1990 -0.4009 0.4989
v -0.1939 -0.4693 0.4621
v -0.1797 -0.5291 0.4255
v -0.1629 -0.5847 0.3823
v -0.1591 -0.6410 0.3314
v -0.1242 -0.6819 0.2958
v -0.1495 -0.6885 0.2843
v -0.1275 -0.7260 0.2403
v -0.0837 -0.7547 0.2040
v -0.1039 -0.7541 0.1968
v -0.1464 -0.7293 0.2282
v -0.1724 -0.6963 0.2700
v -0.1862 -0.6532 0.3164
v -0.1879 -0.5971 0.3676
v -0.2067 -0.5430 0.4106
v -0.2235 -0.4869 0.4448
v -0.2325 -0.4207 0.4788
v -0.2381 -0.3446 0.5122
v -0.2666 -0.2721 0.5340
v -0.2677 -0.3583 0.4965
v -0.2636 -0.4392 0.4602
v -0.2684 -0.3563 0.4926
v -0.2639 -0.4366 0.4561
v -0.2529 -0.5011 0.4297
v -0.2528 -0.4982 0.4258
v -0.2316 -0.5541 0.3970
v -0.2318 -0.5514 0.3929
v -0.2077 -0.6085 0.3554
v -0.2092 -0.6056 0.3521
v -0.2081 -0.6652 0.3026
v -0.2100 -0.6615 0.2999
v -0.1935 -0.7037 0.2554
v -0.1951 -0.6992 0.2527
v -0.1629 -0.7334 0.2158
v -0.1644 -0.7286 0.2133
v -0.1352 -0.7577 0.1809
v -0.1379 -0.7524 0.1794
v -0.1379 -0.7750 0.1376
v -0.1212 -0.7549 0.1883
v -0.1169 -0.7749 0.1434
v -0.0946 -0.7762 0.1501
v -0.0727 -0.7779 0.1561
v -0.0674 -0.7944 0.1092
v -0.0904 -0.7933 0.1042
v -0.0634 -0.8116 0.0639
v -0.0415 -0.8120 0.0677
v -0.0220 -0.8213 0.0264
v -0.0336 -0.8253 0.0216
v -0.0527 -0.8246 0.0188
v -0.0844 -0.8105 0.0602
v -0.0716 -0.8234 0.0168
v -0.1082 -0.8094 0.0565
v -0.1166 -0.7918 0.0989
v -0.1418 -0.7905 0.0940
v -0.1455 -0.7837 0.0936
v -0.1306 -0.8078 0.0531
v -0.1417 -0.7687 0.1370
v -0.1343 -0.8009 0.0529
v -0.1110 -0.8213 0.0150
v -0.1148 -0.8144 0.0154
v -0.1101 -0.8261 -0.0275
v -0.1143 -0.8192 -0.0265
v -0.1066 -0.8301 -0.0732
v -0.0927 -0.8221 0.0154
v -0.0642 -0.8314 -0.0287
v -0.0475 -0.8342 -0.0291
v -0.0313 -0.8348 -0.0271
v -0.0272 -0.8454 -0.0768
v -0.0242 -0.8555 -0.1259
v -0.0230 -0.8640 -0.1688
v -0.0363 -0.8550 -0.1268
v -0.0417 -0.8444 -0.0776
v -0.0558 -0.8432 -0.0777
v -0.0488 -0.8518 -0.1289
v -0.0285 -0.8692 -0.1809
v -0.0429 -0.8668 -0.1823
v -0.0332 -0.8726 -0.2325
v -0.0484 -0.8727 -0.2357
v -0.0305 -0.8797 -0.2842
v -0.0434 -0.8828 -0.2886
v -0.0655 -0.8758 -0.2408
v -0.0601 -0.8628 -0.1842
v -0.0707 -0.8453 -0.1285
v -0.0802 -0.8361 -0.0758
v -0.0936 -0.8398 -0.1279
v -0.0751 -0.8582 -0.1859
v -0.0868 -0.8756 -0.2465
v -0.0781 -0.8513 -0.1849
v -0.0968 -0.8328 -0.1265
v -0.1106 -0.8230 -0.0720
v -0.1148 -0.8122 -0.0256
v -0.1153 -0.8074 0.0160
v -0.1108 -0.8163 -0.0708
v -0.0966 -0.8262 -0.1250
v -0.0782 -0.8448 -0.1836
v -0.0888 -0.8686 -0.2456
v -0.0792 -0.8894 -0.3029
v -0.0758 -0.8964 -0.3044
v -0.0819 -0.8818 -0.2470
v -0.0702 -0.9017 -0.3049
v -0.0570 -0.8903 -0.2960
v -0.1342 -0.7941 0.0532
v -0.1452 -0.7770 0.0936
v -0.1422 -0.7623 0.1368
v -0.1382 -0.7465 0.1787
v -0.1623 -0.7232 0.2123
v -0.1924 -0.6939 0.2515
v -0.2077 -0.6564 0.2985
v -0.2072 -0.6011 0.3499
v -0.2280 -0.5472 0.3902
v -0.2481 -0.4938 0.4229
v -0.2574 -0.4321 0.4530
v -0.2636 -0.3523 0.4897
v -0.3069 -0.2846 0.5193
v -0.2875 -0.2055 0.5582
v -0.0868 -0.8285 -0.0285
v 0.0075 -0.8504 -0.0999
v 0.0166 -0.8430 -0.0641
v 0.0158 -0.8300 -0.0124
v 0.0285 -0.8334 -0.0236
v 0.0281 -0.8467 -0.0756
v 0.0434 -0.8359 -0.0314
v 0.0414 -0.8500 -0.0850
v 0.0283 -0.8592 -0.1288
v 0.0395 -0.8625 -0.1351
v 0.0176 -0.8559 -0.1213
v 0.0152 -0.8168 0.0362
v 0.0151 -0.8017 0.0835
v 0.0198 -0.7003 0.2657
v 0.1809 -0.1742 0.5931
v 0.2351 -0.1271 0.5997
v 0.2209 -0.5515 0.3936
v 0.1968 -0.6031 0.3529
v 0.1960 -0.6566 0.3033
v 0.1832 -0.6934 0.2560
v 0.1563 -0.7225 0.2158
v 0.1345 -0.7458 0.1812
v 0.1417 -0.7616 0.1393
v 0.1457 -0.7759 0.0958
v 0.1361 -0.7928 0.0547
v 0.2454 -0.5002 0.4324
v 0.2540 -0.4400 0.4684
v 0.2564 -0.3589 0.5039
v 0.2987 -0.2870 0.5215
v 0.3311 -0.2257 0.5379
v 0.3404 -0.1658 0.5587
v 0.4277 -0.0937 0.5742
v 0.4268 -0.0936 0.5792
v 0.4933 -0.0570 0.5690
v 0.4919 -0.0574 0.5741
v 0.5344 -0.0044 0.5729
v 0.4184 -0.0217 0.6041
v 0.5289 0.0001 0.5709
v 0.4880 -0.0522 0.5669
v 0.4230 -0.0892 0.5717
v 0.3576 -0.1147 0.5751
v 0.5509 0.0501 0.5790
v 0.6368 0.1052 0.5822
v 0.5794 0.0846 0.5804
v 0.7001 0.1358 0.5831
v 0.7051 0.1314 0.5856
v 0.7543 0.1787 0.5908
v 0.7493 0.1828 0.5883
v 0.7917 0.2205 0.5916
v 0.8615 0.2340 0.5828
v 0.9284 0.2610 0.5742
v -0.4150 0.5779 0.7195
v -0.0106 0.4118 0.7683
v 0.0800 0.4453 0.7636
v 0.1764 0.4845 0.7517
v 0.2730 0.5071 0.7374
v 0.3530 0.5177 0.7207
v 0.4099 0.5446 0.7036
v 0.4634 0.5730 0.6923
v 0.5317 0.5917 0.6903
v 0.6121 0.6003 0.6845
v 0.6900 0.6130 0.6730
v 0.7578 0.6491 0.6548
v 1.3473 0.7871 0.3142
v -0.8797 0.7664 -1.1657
v -0.7845 0.7807 -1.1767
v -0.8504 0.7255 -1.2060
v -0.7011 0.7432 -1.2286
v -0.8207 0.6847 -1.2462
v -0.6705 0.6988 -1.2679
v -0.7733 0.6450 -1.2868
v -0.8806 0.6286 -1.2729
v -0.9304 0.6668 -1.2318
v -0.9521 0.7091 -1.1911
v -0.9467 0.7119 -1.1942
v -0.9588 0.7535 -1.1565
v -0.9544 0.7561 -1.1584
v -1.0229 0.7868 -1.1171
v -1.0267 0.7827 -1.1150
v -1.0814 0.8188 -1.0761
v -1.0842 0.8143 -1.0730
v -1.1117 0.8547 -1.0288
v -1.1095 0.8590 -1.0325
v -1.1297 0.8883 -0.9932
v -1.1286 0.8926 -0.9966
v -1.1788 0.9081 -0.9524
v -1.1792 0.9034 -0.9489
v -1.2191 0.9186 -0.9148
v -1.2193 0.9141 -0.9114
v -1.2415 0.9363 -0.8795
v -1.2419 0.9321 -0.8763
v -1.2576 0.9576 -0.8441
v -1.2582 0.9540 -0.8420
v -1.2907 0.9573 -0.8034
v -1.2912 0.9615 -0.8058
v -1.3218 0.9671 -0.7692
v -1.3202 0.9629 -0.7662
v -1.3425 0.9833 -0.7346
v -1.3405 0.9793 -0.7315
v -1.3650 0.9981 -0.6980
v -1.3625 0.9945 -0.6954
v -1.4006 0.9906 -0.6581
v -1.3970 0.9868 -0.6556
v -1.4306 0.9878 -0.6185
v -1.4263 0.9843 -0.6158
v -1.4527 0.9941 -0.5772
v -1.4478 0.9906 -0.5740
v -1.4715 1.0007 -0.5350
v -1.4660 0.9976 -0.5321
v -1.4945 0.9759 -0.4928
v -1.5005 0.9790 -0.4952
v -1.4848 1.0094 -0.4962
v -1.4574 1.0255 -0.5379
v -1.4345 1.0232 -0.5794
v -1.4142 1.0555 -0.5816
v -1.3850 1.0522 -0.6217
v -1.4084 1.0188 -0.6196
v -1.3512 1.0505 -0.6615
v -1.3767 1.0190 -0.6591
v -1.3148 1.0481 -0.7008
v -1.3416 1.0202 -0.6985
v -1.2838 1.0371 -0.7385
v -1.3145 1.0083 -0.7357
v -1.2887 0.9942 -0.7712
v -1.2531 1.0237 -0.7747
v -1.2570 0.9860 -0.8081
v -1.2186 1.0137 -0.8121
v -1.2232 0.9787 -0.8465
v -1.1826 1.0038 -0.8506
v -1.2002 0.9604 -0.8834
v -1.1536 0.9868 -0.8891
v -1.1731 0.9433 -0.9210
v -1.1214 0.9695 -0.9290
v -1.1329 0.9285 -0.9603
v -1.0788 0.9512 -0.9688
v -1.0837 0.9084 -1.0026
v -1.0273 0.9270 -1.0080
v -1.0518 0.8745 -1.0395
v -0.9841 0.8918 -1.0445
v -1.0114 0.8354 -1.0810
v -0.9311 0.8530 -1.0846
v -0.8519 0.8754 -1.0894
v -0.9138 0.9123 -1.0492
v -0.9692 0.9473 -1.0128
v -1.0220 0.9750 -0.9759
v -0.9115 0.9703 -1.0172
v -0.8459 0.9386 -1.0546
v -0.7768 0.9047 -1.0938
v -0.8542 0.9981 -1.0221
v -0.9663 1.0011 -0.9822
v -0.9097 1.0317 -0.9879
v -1.0154 1.0248 -0.9452
v -0.9633 1.0578 -0.9528
v -1.0680 0.9965 -0.9374
v -1.1066 1.0141 -0.8972
v -1.0613 1.0425 -0.9060
v -1.1040 1.0572 -0.8648
v -1.0672 1.0869 -0.8749
v -1.1422 1.0299 -0.8568
v -1.1795 1.0433 -0.8180
v -1.1425 1.0739 -0.8255
v -1.2159 1.0559 -0.7802
v -1.2519 1.0684 -0.7431
v -1.1811 1.0888 -0.7872
v -1.1465 1.1255 -0.7963
v -1.2222 1.1002 -0.7492
v -1.2877 1.0785 -0.7048
v -1.3245 1.0849 -0.6651
v -1.3598 1.0890 -0.6246
v -1.2625 1.1091 -0.7097
v -1.2993 1.1193 -0.6692
v -1.3362 1.1255 -0.6276
v -1.2745 1.1572 -0.6738
v -1.2376 1.1422 -0.7156
v -1.2143 1.1768 -0.7215
v -1.1641 1.1719 -0.7647
v -1.1127 1.1641 -0.8069
v -1.1927 1.1352 -0.7567
v -1.1355 1.2106 -0.7722
v -1.1062 1.1076 -0.8354
v -1.0712 1.1434 -0.8474
v -1.0317 1.1192 -0.8859
v -1.0169 1.0743 -0.9153
v -0.9743 1.1100 -0.9230
v -0.9122 1.0950 -0.9581
v -0.8533 1.0665 -0.9927
v -0.7987 1.0301 -1.0263
v -0.7810 0.9713 -1.0579
v -0.7200 1.0102 -1.0601
v -0.7063 0.9411 -1.0970
v -0.6398 0.9835 -1.0975
v -0.6347 0.9038 -1.1411
v -0.7042 0.8684 -1.1397
v -0.7810 0.8387 -1.1340
v -0.8621 0.8163 -1.1277
v -0.9485 0.8000 -1.1220
v -0.7010 0.8007 -1.1850
v -0.5406 0.7567 -1.2469
v -0.5257 0.6960 -1.2851
v -0.6301 0.6573 -1.3066
v -0.4937 0.6537 -1.3189
v -0.3800 0.6766 -1.2951
v -0.3921 0.7227 -1.2705
v -0.2432 0.6445 -1.2928
v -0.3571 0.6348 -1.3220
v -0.2493 0.6836 -1.2733
v -0.2433 0.7352 -1.2496
v -0.1211 0.7057 -1.2478
v -0.1237 0.6539 -1.2700
v -0.1210 0.6171 -1.2869
v -0.2307 0.6058 -1.3136
v -0.1159 0.5807 -1.3027
v 0.0009 0.6050 -1.2820
v 0.0009 0.5693 -1.2969
v -0.1096 0.5456 -1.3175
v 0.0009 0.5350 -1.3099
v -0.1024 0.5106 -1.3319
v 0.0008 0.5008 -1.3224
v -0.0948 0.4748 -1.3464
v 0.0007 0.4657 -1.3343
v -0.0867 0.4380 -1.3605
v 0.0005 0.4293 -1.3447
v -0.0783 0.3996 -1.3738
v 0.0002 0.3910 -1.3547
v -0.0700 0.3583 -1.3853
v -0.0001 0.3501 -1.3643
v -0.0619 0.3139 -1.3945
v -0.0005 0.3069 -1.3721
v -0.0538 0.2668 -1.4016
v -0.0009 0.2624 -1.3802
v -0.0461 0.2161 -1.4060
v -0.0013 0.2129 -1.3869
v -0.0390 0.1627 -1.4063
v -0.0017 0.1595 -1.3909
v -0.0325 0.1089 -1.4018
v -0.0020 0.1046 -1.3890
v -0.0272 0.0575 -1.3922
v -0.0022 0.0546 -1.3803
v -0.0231 0.0089 -1.3793
v -0.0023 0.0071 -1.3674
v -0.0192 -0.0366 -1.3650
v -0.0023 -0.0361 -1.3537
v -0.0023 -0.0794 -1.3382
v 0.0144 -0.0365 -1.3659
v -0.0156 -0.0817 -1.3492
v -0.0396 -0.0379 -1.3821
v -0.0476 0.0098 -1.3971
v -0.0715 -0.0410 -1.4027
v -0.0324 -0.0846 -1.3655
v -0.0620 -0.0898 -1.3859
v -0.1117 -0.0471 -1.4234
v -0.0822 0.0087 -1.4175
v -0.1234 0.0039 -1.4377
v -0.0566 0.0600 -1.4104
v -0.0671 0.1120 -1.4205
v -0.0791 0.1650 -1.4264
v -0.0918 0.2180 -1.4281
v -0.1055 0.2701 -1.4262
v -0.1202 0.3208 -1.4212
v -0.1360 0.3687 -1.4130
v -0.1949 0.3250 -1.4452
v -0.1707 0.2717 -1.4498
v -0.1466 0.2184 -1.4502
v -0.1296 0.1651 -1.4487
v -0.1131 0.1122 -1.4429
v -0.0968 0.0599 -1.4321
v -0.1446 0.0550 -1.4529
v -0.1676 0.1073 -1.4645
v -0.1933 0.0450 -1.4692
v -0.1656 -0.0050 -1.4541
v -0.1541 -0.0556 -1.4408
v -0.1017 -0.0974 -1.4068
v -0.1443 -0.1064 -1.4249
v -0.1952 -0.1183 -1.4422
v -0.2031 -0.0684 -1.4566
v -0.2120 -0.0196 -1.4682
v -0.2454 -0.0816 -1.4671
v -0.2480 -0.0351 -1.4766
v -0.2475 0.0283 -1.4827
v -0.2234 0.0970 -1.4810
v -0.1883 0.1612 -1.4697
v -0.2486 0.1527 -1.4860
v -0.2087 0.2158 -1.4695
v -0.2729 0.2099 -1.4844
v -0.3443 0.1996 -1.4952
v -0.3275 0.2633 -1.4821
v -0.2478 0.2695 -1.4692
v -0.2832 0.3236 -1.4630
v -0.3739 0.3167 -1.4735
v -0.4183 0.2523 -1.4903
v -0.4768 0.3039 -1.4784
v -0.4109 0.3706 -1.4596
v -0.3136 0.3757 -1.4511
v -0.2182 0.3756 -1.4359
v -0.2414 0.4227 -1.4223
v -0.1524 0.4130 -1.4013
v -0.1688 0.4542 -1.3865
v -0.1848 0.4937 -1.3703
v -0.2003 0.5315 -1.3527
v -0.2157 0.5687 -1.3340
v -0.3122 0.5527 -1.3679
v -0.3325 0.5933 -1.3459
v -0.4366 0.5662 -1.3737
v -0.2911 0.5111 -1.3879
v -0.4119 0.5206 -1.3963
v -0.2669 0.4677 -1.4062
v -0.3787 0.4739 -1.4171
v -0.3432 0.4257 -1.4355
v -0.4460 0.4226 -1.4419
v -0.4914 0.4713 -1.4205
v -0.5588 0.4105 -1.4414
v -0.5192 0.3588 -1.4619
v -0.5665 0.2897 -1.4789
v -0.4972 0.2407 -1.4930
v -0.4004 0.1893 -1.5002
v -0.3165 0.1378 -1.4982
v -0.2862 0.0794 -1.4936
v -0.3738 0.1213 -1.5041
v -0.4055 0.1860 -1.4949
v -0.3791 0.1185 -1.4988
v -0.3404 0.0593 -1.5004
v -0.3455 0.0565 -1.4952
v -0.2972 0.0073 -1.4854
v -0.2924 0.0099 -1.4905
v -0.2529 -0.0370 -1.4715
v -0.2979 0.0067 -1.4793
v -0.3456 0.0556 -1.4892
v -0.2540 -0.0374 -1.4654
v -0.2517 -0.0830 -1.4562
v -0.2508 -0.0826 -1.4624
v -0.2435 -0.1303 -1.4549
v -0.2492 -0.1312 -1.4502
v -0.2281 -0.1813 -1.4368
v -0.2339 -0.1822 -1.4321
v -0.1938 -0.2281 -1.4093
v -0.1996 -0.2287 -1.4048
v -0.1532 -0.2768 -1.3714
v -0.1591 -0.2768 -1.3672
v -0.1573 -0.3348 -1.3421
v -0.1616 -0.2763 -1.3612
v -0.2013 -0.2280 -1.3987
v -0.1602 -0.3342 -1.3362
v -0.1539 -0.3929 -1.3121
v -0.1573 -0.3919 -1.3065
v -0.1350 -0.4460 -1.2720
v -0.1394 -0.4445 -1.2671
v -0.1112 -0.4951 -1.2262
v -0.1165 -0.4930 -1.2221
v -0.1204 -0.5493 -1.1856
v -0.1256 -0.5464 -1.1819
v -0.1309 -0.5968 -1.1430
v -0.1358 -0.5936 -1.1394
v -0.1314 -0.6361 -1.0960
v -0.1364 -0.6326 -1.0927
v -0.1138 -0.6633 -1.0457
v -0.1229 -0.6364 -1.0982
v -0.1052 -0.6631 -1.0478
v -0.1225 -0.5976 -1.1450
v -0.1122 -0.5501 -1.1875
v -0.0882 -0.5721 -1.1349
v -0.0897 -0.6076 -1.0897
v -0.0543 -0.6103 -1.0331
v -0.0798 -0.6351 -1.0402
v -0.0429 -0.6422 -0.9786
v -0.0603 -0.6639 -0.9865
v -0.0273 -0.6682 -0.9223
v -0.0441 -0.6877 -0.9293
v -0.0260 -0.7072 -0.8739
v -0.0403 -0.7278 -0.8808
v -0.0224 -0.7386 -0.8245
v -0.0350 -0.7583 -0.8290
v -0.0209 -0.7648 -0.7739
v -0.0102 -0.7474 -0.7699
v -0.0204 -0.7873 -0.7242
v -0.0309 -0.7818 -0.7778
v -0.0299 -0.8041 -0.7288
v -0.0105 -0.7701 -0.7202
v -0.0024 -0.7567 -0.7185
v -0.0107 -0.7844 -0.6693
v -0.0029 -0.7716 -0.6689
v -0.0029 -0.7847 -0.6190
v -0.0100 -0.7960 -0.6191
v -0.0036 -0.7929 -0.5700
v -0.0095 -0.8018 -0.5711
v -0.0087 -0.8054 -0.5234
v -0.0149 -0.8172 -0.5269
v -0.0033 -0.7971 -0.5205
v -0.0092 -0.8177 -0.4738
v -0.0039 -0.8104 -0.4701
v -0.0094 -0.8428 -0.4248
v -0.0040 -0.8364 -0.4217
v -0.0014 -0.8081 -0.4675
v -0.0011 -0.8339 -0.4191
v -0.0038 -0.8575 -0.3765
v 0.0009 -0.8071 -0.4649
v 0.0015 -0.8332 -0.4162
v -0.0002 -0.8536 -0.3756
v 0.0029 -0.8507 -0.3750
v 0.0011 -0.8643 -0.3322
v 0.0045 -0.8624 -0.3347
v 0.0063 -0.8731 -0.2898
v 0.0081 -0.8652 -0.3323
v 0.0061 -0.8542 -0.3757
v 0.0123 -0.8693 -0.3306
v 0.0112 -0.8760 -0.2863
v 0.0096 -0.8588 -0.3766
v 0.0203 -0.8764 -0.3307
v 0.0173 -0.8794 -0.2836
v 0.0156 -0.8662 -0.3783
v 0.0288 -0.8840 -0.2828
v 0.0433 -0.8889 -0.2849
v 0.0302 -0.8852 -0.3333
v 0.0557 -0.8948 -0.2895
v 0.0397 -0.8939 -0.3377
v 0.0227 -0.8747 -0.3806
v 0.0302 -0.8825 -0.3832
v 0.0507 -0.9041 -0.3442
v 0.0398 -0.8904 -0.3861
v 0.0356 -0.8777 -0.4313
v 0.0619 -0.9131 -0.3508
v 0.0496 -0.8955 -0.3885
v 0.0540 -0.8911 -0.3873
v 0.0668 -0.9090 -0.3497
v 0.0522 -0.8862 -0.4310
v 0.0476 -0.8900 -0.4320
v 0.0516 -0.8758 -0.4840
v 0.0552 -0.8804 -0.4301
v 0.0569 -0.8853 -0.3857
v 0.0698 -0.9032 -0.3477
v 0.0860 -0.9133 -0.3047
v 0.0805 -0.9177 -0.3054
v 0.0893 -0.9068 -0.3032
v 0.0683 -0.9047 -0.2966
v 0.0544 -0.8705 -0.4831
v 0.0470 -0.8784 -0.4848
v 0.0498 -0.8621 -0.5374
v 0.0452 -0.8645 -0.5377
v 0.0505 -0.8545 -0.5915
v 0.0531 -0.8572 -0.5363
v 0.0549 -0.8497 -0.5907
v 0.0611 -0.8646 -0.6485
v 0.0551 -0.8665 -0.6485
v 0.0573 -0.8627 -0.6974
v 0.0639 -0.8611 -0.6977
v 0.0657 -0.8599 -0.6479
v 0.0451 -0.8569 -0.5917
v 0.0432 -0.8464 -0.6391
v 0.0440 -0.8401 -0.6889
v 0.0549 -0.8467 -0.7417
v 0.0623 -0.8454 -0.7420
v 0.0549 -0.8233 -0.7874
v 0.0634 -0.8221 -0.7873
v 0.0744 -0.8070 -0.8392
v 0.0664 -0.8079 -0.8399
v 0.0850 -0.7813 -0.9007
v 0.0811 -0.8028 -0.8382
v 0.0704 -0.8179 -0.7865
v 0.0684 -0.8412 -0.7413
v 0.0690 -0.8567 -0.6971
v 0.0913 -0.7772 -0.8992
v 0.0772 -0.7820 -0.9011
v 0.0878 -0.7397 -0.9508
v 0.0798 -0.7404 -0.9509
v 0.0815 -0.6873 -0.9958
v 0.0945 -0.7360 -0.9491
v 0.0888 -0.6843 -0.9937
v 0.1160 -0.6608 -1.0441
v 0.1098 -0.6640 -1.0470
v 0.1010 -0.6637 -1.0490
v 0.1277 -0.6369 -1.0973
v 0.1328 -0.6334 -1.0940
v 0.1192 -0.6371 -1.0995
v 0.1283 -0.5976 -1.1444
v 0.1333 -0.5944 -1.1408
v 0.1199 -0.5983 -1.1464
v 0.1109 -0.5507 -1.1889
v 0.1191 -0.5499 -1.1871
v 0.1029 -0.4958 -1.2304
v 0.1107 -0.4957 -1.2280
v 0.1341 -0.4466 -1.2743
v 0.1266 -0.4462 -1.2773
v 0.1451 -0.3934 -1.3178
v 0.1523 -0.3935 -1.3146
v 0.1483 -0.3354 -1.3485
v 0.1550 -0.3353 -1.3449
v 0.1558 -0.3925 -1.3092
v 0.1579 -0.3347 -1.3390
v 0.1501 -0.2772 -1.3743
v 0.1561 -0.2772 -1.3702
v 0.1963 -0.2290 -1.4083
v 0.1586 -0.2766 -1.3643
v 0.1979 -0.2284 -1.4023
v 0.2303 -0.1825 -1.4361
v 0.2246 -0.1816 -1.4408
v 0.1904 -0.2284 -1.4128
v 0.2313 -0.1822 -1.4298
v 0.2454 -0.1313 -1.4545
v 0.2460 -0.1313 -1.4483
v 0.2397 -0.1304 -1.4592
v 0.2467 -0.0826 -1.4669
v 0.2413 -0.0816 -1.4717
v 0.2488 -0.0368 -1.4763
v 0.2477 -0.0830 -1.4608
v 0.2499 -0.0373 -1.4701
v 0.2941 0.0069 -1.4848
v 0.2934 0.0075 -1.4908
v 0.3423 0.0569 -1.5013
v 0.3371 0.0597 -1.5065
v 0.3763 0.1189 -1.5052
v 0.3424 0.0560 -1.4953
v 0.2886 0.0102 -1.4959
v 0.3710 0.1219 -1.5104
v 0.4035 0.1868 -1.5019
v 0.3761 0.1175 -1.4993
v 0.4033 0.1849 -1.4959
v 0.5014 0.2383 -1.4942
v 0.5007 0.2361 -1.4884
v 0.5711 0.2876 -1.4790
v 0.5699 0.2851 -1.4733
v 0.6150 0.3426 -1.4585
v 0.6135 0.3397 -1.4531
v 0.6521 0.3896 -1.4296
v 0.6538 0.3928 -1.4347
v 0.7178 0.4326 -1.4034
v 0.7125 0.4377 -1.4084
v 0.7764 0.4822 -1.3684
v 0.7707 0.4872 -1.3737
v 0.8022 0.5382 -1.3381
v 0.7966 0.5426 -1.3433
v 0.8173 0.5918 -1.3080
v 0.8122 0.5962 -1.3123
v 0.8780 0.6326 -1.2706
v 0.7150 0.6095 -1.3251
v 0.7703 0.6487 -1.2848
v 0.9301 0.6708 -1.2294
v 0.8833 0.6275 -1.2665
v 0.8191 0.6884 -1.2439
v 0.9547 0.7131 -1.1886
v 0.9491 0.7159 -1.1917
v 0.9641 0.7575 -1.1537
v 0.9594 0.7601 -1.1555
v 1.0317 0.7905 -1.1142
v 1.0356 0.7864 -1.1122
v 1.0955 0.8211 -1.0734
v 0.9561 0.8038 -1.1197
v 1.0229 0.8386 -1.0790
v 1.1332 0.8547 -1.0260
v 1.1304 0.8592 -1.0296
v 1.1569 0.8863 -0.9889
v 1.1553 0.8908 -0.9921
v 1.2136 0.9040 -0.9481
v 1.2142 0.8992 -0.9448
v 1.2585 0.9140 -0.9120
v 1.2591 0.9096 -0.9089
v 1.2839 0.9319 -0.8777
v 1.2845 0.9279 -0.8747
v 1.3019 0.9536 -0.8429
v 1.3026 0.9501 -0.8411
v 1.3369 0.9578 -0.8067
v 1.3365 0.9536 -0.8046
v 1.3680 0.9634 -0.7708
v 1.3666 0.9591 -0.7679
v 1.3874 0.9794 -0.7352
v 1.3855 0.9754 -0.7323
v 1.4054 0.9941 -0.6979
v 1.4029 0.9904 -0.6955
v 1.4322 0.9868 -0.6605
v 1.4287 0.9829 -0.6582
v 1.4514 0.9843 -0.6239
v 1.4472 0.9807 -0.6214
v 1.4625 0.9911 -0.5852
v 1.4576 0.9874 -0.5823
v 1.4699 0.9981 -0.5459
v 1.4642 0.9949 -0.5431
v 1.4853 0.9746 -0.5085
v 1.4914 0.9779 -0.5107
v 1.4721 1.0074 -0.5096
v 1.4550 1.0224 -0.5462
v 1.4538 1.0402 -0.5079
v 1.4223 1.0844 -0.5440
v 1.4378 1.0521 -0.5454
v 1.4059 1.0864 -0.5812
v 1.4376 1.0759 -0.5056
v 1.4101 1.1163 -0.5422
v 1.4257 1.1109 -0.5028
v 1.3999 1.1504 -0.5399
v 1.4163 1.1484 -0.4994
v 1.3915 1.1848 -0.5360
v 1.4102 1.1864 -0.4954
v 1.3846 1.2155 -0.5302
v 1.4050 1.2254 -0.4899
v 1.3781 1.2148 -0.5274
v 1.3504 1.2362 -0.5734
v 1.3645 1.1972 -0.5770
v 1.3058 1.2462 -0.6248
v 1.3438 1.2360 -0.5704
v 1.2992 1.2459 -0.6220
v 1.3274 1.2025 -0.6224
v 1.2673 1.2335 -0.6690
v 1.2609 1.2333 -0.6659
v 1.2890 1.1924 -0.6652
v 1.2321 1.2059 -0.7104
v 1.2263 1.2058 -0.7071
v 1.2521 1.1729 -0.7054
v 1.1732 1.2050 -0.7527
v 1.1502 1.1582 -0.7842
v 1.2024 1.1671 -0.7448
v 1.2315 1.1309 -0.7387
v 1.2755 1.1383 -0.7010
v 1.3118 1.1531 -0.6620
v 1.3476 1.1613 -0.6206
v 1.3674 1.1210 -0.6192
v 1.3781 1.1589 -0.5797
v 1.3913 1.1211 -0.5803
v 1.3365 1.1151 -0.6599
v 1.3596 1.0806 -0.6576
v 1.3011 1.1051 -0.6981
v 1.3855 1.0845 -0.6185
v 1.4068 1.0479 -0.6193
v 1.4242 1.0514 -0.5826
v 1.4437 1.0196 -0.5841
v 1.4289 1.0148 -0.6212
v 1.3840 1.0461 -0.6569
v 1.3273 1.0743 -0.6968
v 1.3547 1.0440 -0.6957
v 1.2925 1.0645 -0.7333
v 1.2617 1.0962 -0.7348
v 1.2214 1.0844 -0.7705
v 1.1855 1.1203 -0.7755
v 1.1439 1.1017 -0.8138
v 1.1008 1.0816 -0.8519
v 1.1057 1.1376 -0.8238
v 1.1824 1.0686 -0.8071
v 1.1410 1.0515 -0.8443
v 1.0611 1.1150 -0.8624
v 1.0434 1.0714 -0.8954
v 0.9967 1.1085 -0.9046
v 0.9831 1.0575 -0.9417
v 1.0924 1.0380 -0.8856
v 1.0395 1.0231 -0.9316
v 1.1418 1.0088 -0.8793
v 1.0969 0.9932 -0.9221
v 1.1053 0.9490 -0.9588
v 1.1550 0.9650 -0.9162
v 1.1921 0.9816 -0.8767
v 1.1819 1.0245 -0.8405
v 1.2243 0.9989 -0.8397
v 1.2210 1.0386 -0.8040
v 1.2617 1.0096 -0.8038
v 1.2573 1.0519 -0.7686
v 1.2960 1.0198 -0.7686
v 1.3259 1.0331 -0.7336
v 1.3013 0.9822 -0.8052
v 1.3334 0.9904 -0.7700
v 1.3583 1.0044 -0.7340
v 1.3817 1.0161 -0.6959
v 1.4083 1.0148 -0.6580
v 1.2663 0.9744 -0.8411
v 1.2410 0.9555 -0.8769
v 1.2102 0.9384 -0.9137
v 1.1642 0.9250 -0.9525
v 1.1067 0.9076 -0.9971
v 1.0463 0.9277 -1.0044
v 1.0439 0.9744 -0.9679
v 0.9848 0.9491 -1.0133
v 0.9252 0.9154 -1.0532
v 0.9977 0.8944 -1.0451
v 1.0689 0.8758 -1.0370
v 0.9408 0.8565 -1.0850
v 0.8600 0.8788 -1.0925
v 0.8680 0.8201 -1.1276
v 0.7853 0.8421 -1.1358
v 0.7831 0.9078 -1.0994
v 0.7069 0.8712 -1.1415
v 0.7112 0.9436 -1.1020
v 0.6362 0.9059 -1.1415
v 0.6432 0.9854 -1.0996
v 0.5667 0.9446 -1.1375
v 0.5834 1.0288 -1.0927
v 0.5048 0.9801 -1.1328
v 0.4949 0.9004 -1.1737
v 0.4457 0.9291 -1.1681
v 0.4067 0.8792 -1.1976
v 0.4502 0.8361 -1.2115
v 0.5576 0.8639 -1.1816
v 0.4934 0.7970 -1.2268
v 0.6221 0.8312 -1.1862
v 0.5389 0.7583 -1.2451
v 0.7013 0.8037 -1.1834
v 0.6997 0.7463 -1.2261
v 0.7864 0.7842 -1.1752
v 0.8834 0.7703 -1.1633
v 0.8512 0.7294 -1.2033
v 0.6680 0.7018 -1.2661
v 0.6279 0.6601 -1.3050
v 0.5243 0.6976 -1.2840
v 0.4927 0.6551 -1.3183
v 0.3800 0.6770 -1.2951
v 0.3918 0.7231 -1.2701
v 0.3575 0.6352 -1.3222
v 0.2442 0.6443 -1.2941
v 0.2501 0.6834 -1.2746
v 0.2439 0.7350 -1.2501
v 0.3762 0.7696 -1.2477
v 0.3440 0.8153 -1.2282
v 0.3072 0.8640 -1.2103
v 0.2273 0.7873 -1.2288
v 0.2049 0.8412 -1.2095
v 0.1029 0.8118 -1.2077
v 0.0908 0.8645 -1.1950
v 0.0006 0.8340 -1.1992
v 0.1834 0.8939 -1.1934
v 0.2791 0.9126 -1.1938
v 0.0907 0.8640 -1.1883
v 0.0006 0.8346 -1.1923
v -0.1018 0.8119 -1.2108
v 0.0007 0.7850 -1.2113
v -0.1132 0.7579 -1.2279
v 0.0007 0.7359 -1.2268
v 0.0008 0.6885 -1.2450
v 0.0008 0.6415 -1.2654
v 0.1227 0.6170 -1.2868
v 0.1253 0.6537 -1.2695
v 0.1224 0.7056 -1.2464
v 0.1144 0.7578 -1.2256
v 0.2319 0.6058 -1.3155
v 0.1176 0.5806 -1.3031
v 0.1114 0.5455 -1.3184
v 0.2172 0.5688 -1.3365
v 0.2018 0.5316 -1.3557
v 0.1041 0.5105 -1.3332
v 0.1862 0.4937 -1.3736
v 0.0962 0.4748 -1.3478
v 0.1697 0.4542 -1.3901
v 0.0877 0.4381 -1.3619
v 0.1527 0.4131 -1.4047
v 0.0787 0.3997 -1.3750
v 0.1357 0.3689 -1.4161
v 0.0698 0.3584 -1.3867
v 0.1192 0.3211 -1.4242
v 0.0609 0.3141 -1.3962
v 0.1036 0.2705 -1.4289
v 0.0520 0.2671 -1.4035
v 0.0891 0.2183 -1.4305
v 0.0434 0.2165 -1.4082
v 0.0356 0.1630 -1.4084
v 0.0756 0.1653 -1.4288
v 0.0631 0.1123 -1.4228
v 0.0284 0.1091 -1.4034
v 0.0520 0.0603 -1.4126
v 0.0228 0.0577 -1.3936
v 0.0922 0.0602 -1.4345
v 0.0428 0.0101 -1.3991
v 0.0184 0.0091 -1.3804
v 0.0347 -0.0376 -1.3838
v 0.0109 -0.0816 -1.3499
v 0.0276 -0.0845 -1.3670
v 0.0665 -0.0408 -1.4051
v 0.0773 0.0090 -1.4202
v 0.0571 -0.0896 -1.3882
v 0.0086 -0.1291 -1.3309
v -0.0022 -0.1272 -1.3194
v -0.0020 -0.1767 -1.2979
v -0.0131 -0.1292 -1.3303
v -0.0104 -0.1793 -1.3078
v -0.0269 -0.1330 -1.3456
v -0.0216 -0.1846 -1.3217
v -0.0081 -0.2328 -1.2816
v -0.0018 -0.2279 -1.2742
v 0.0063 -0.1793 -1.3083
v -0.0015 -0.2791 -1.2488
v 0.0046 -0.2328 -1.2819
v -0.0068 -0.2841 -1.2542
v -0.0174 -0.2408 -1.2926
v -0.0148 -0.2919 -1.2634
v -0.0348 -0.2520 -1.3064
v -0.0433 -0.1946 -1.3383
v -0.0312 -0.3030 -1.2769
v -0.0591 -0.2627 -1.3219
v -0.0741 -0.2058 -1.3562
v -0.0530 -0.1403 -1.3650
v -0.0897 -0.1498 -1.3852
v -0.1297 -0.1596 -1.4031
v -0.1087 -0.2149 -1.3731
v -0.0871 -0.2705 -1.3373
v -0.0551 -0.3141 -1.2929
v -0.0822 -0.3228 -1.3088
v -0.1165 -0.3302 -1.3277
v -0.1216 -0.2755 -1.3554
v -0.1518 -0.2227 -1.3924
v -0.1791 -0.1708 -1.4218
v -0.0782 -0.3723 -1.2785
v -0.0522 -0.3620 -1.2629
v -0.0289 -0.3502 -1.2472
v -0.0131 -0.3393 -1.2344
v -0.0049 -0.3798 -1.1964
v -0.0111 -0.3854 -1.2028
v -0.0035 -0.4267 -1.1620
v -0.0084 -0.4306 -1.1672
v -0.0063 -0.4713 -1.1289
v -0.0025 -0.4687 -1.1237
v -0.0179 -0.4807 -1.1408
v -0.0058 -0.5052 -1.0900
v -0.0005 -0.4252 -1.1602
v -0.0003 -0.4685 -1.1216
v -0.0022 -0.5029 -1.0844
v -0.0008 -0.5033 -1.0815
v -0.0051 -0.5353 -1.0495
v -0.0023 -0.5329 -1.0436
v -0.0047 -0.5644 -1.0060
v -0.0020 -0.5616 -1.0001
v -0.0152 -0.5749 -1.0166
v -0.0040 -0.5989 -0.9569
v -0.0016 -0.5333 -1.0400
v -0.0018 -0.5614 -0.9961
v -0.0016 -0.5947 -0.9522
v -0.0016 -0.5928 -0.9490
v -0.0015 -0.6349 -0.9089
v 0.0008 -0.6291 -0.9060
v 0.0023 -0.6629 -0.8596
v -0.0004 -0.6701 -0.8618
v 0.0024 -0.6969 -0.8117
v -0.0007 -0.7035 -0.8145
v -0.0103 -0.6860 -0.8670
v -0.0113 -0.6489 -0.9149
v -0.0103 -0.7186 -0.8192
v -0.0019 -0.7337 -0.7667
v 0.0010 -0.7511 -0.7187
v 0.0005 -0.7665 -0.6710
v 0.0007 -0.7798 -0.6217
v -0.0001 -0.7887 -0.5707
v -0.0005 -0.7936 -0.5190
v 0.0020 -0.7915 -0.5175
v 0.0033 -0.7863 -0.5720
v 0.0039 -0.7772 -0.6261
v 0.0033 -0.7640 -0.6738
v 0.0034 -0.7480 -0.7194
v 0.0018 -0.7274 -0.7651
v 0.0037 -0.7242 -0.7639
v 0.0037 -0.6935 -0.8094
v 0.0054 -0.7274 -0.7651
v 0.0047 -0.6969 -0.8118
v 0.0074 -0.7035 -0.8146
v 0.0158 -0.7187 -0.8195
v 0.0086 -0.7337 -0.7668
v 0.0153 -0.6861 -0.8672
v 0.0160 -0.7474 -0.7702
v 0.0087 -0.7567 -0.7186
v 0.0056 -0.7511 -0.7188
v 0.0061 -0.7665 -0.6710
v 0.0095 -0.7716 -0.6691
v 0.0071 -0.7798 -0.6218
v 0.0107 -0.7846 -0.6191
v 0.0067 -0.7887 -0.5708
v 0.0103 -0.7928 -0.5701
v 0.0048 -0.7937 -0.5191
v 0.0033 -0.8082 -0.4675
v 0.0060 -0.8108 -0.4702
v 0.0077 -0.7973 -0.5207
v 0.0117 -0.8184 -0.4740
v 0.0134 -0.8057 -0.5236
v 0.0163 -0.8017 -0.5714
v 0.0178 -0.7960 -0.6194
v 0.0200 -0.8176 -0.5273
v 0.0229 -0.8137 -0.5749
v 0.0263 -0.8302 -0.5307
v 0.0288 -0.8262 -0.5796
v 0.0261 -0.8117 -0.6237
v 0.0337 -0.8274 -0.6303
v 0.0256 -0.8020 -0.6741
v 0.0337 -0.8192 -0.6806
v 0.0325 -0.8042 -0.7297
v 0.0245 -0.7874 -0.7247
v 0.0337 -0.7819 -0.7786
v 0.0437 -0.8025 -0.7834
v 0.0426 -0.8248 -0.7358
v 0.0514 -0.7828 -0.8351
v 0.0376 -0.7587 -0.8299
v 0.0252 -0.7649 -0.7745
v 0.0265 -0.7388 -0.8251
v 0.0428 -0.7282 -0.8817
v 0.0295 -0.7074 -0.8745
v 0.0441 -0.6880 -0.9302
v 0.0282 -0.6684 -0.9229
v 0.0392 -0.6425 -0.9796
v 0.0240 -0.6255 -0.9728
v 0.0128 -0.6489 -0.9152
v 0.0095 -0.6097 -0.9647
v 0.0034 -0.6349 -0.9089
v 0.0037 -0.6629 -0.8596
v 0.0012 -0.6291 -0.9060
v 0.0061 -0.6701 -0.8618
v 0.0031 -0.6580 -0.8593
v 0.0010 -0.6253 -0.9043
v 0.0005 -0.5989 -0.9569
v -0.0016 -0.5947 -0.9521
v 0.0008 -0.5644 -1.0061
v -0.0017 -0.5616 -1.0001
v -0.0010 -0.5329 -1.0436
v 0.0019 -0.5353 -1.0495
v 0.0005 -0.5029 -1.0845
v 0.0040 -0.5052 -1.0902
v 0.0018 -0.4687 -1.1238
v 0.0027 -0.4267 -1.1621
v 0.0057 -0.4713 -1.1291
v 0.0075 -0.4306 -1.1675
v 0.0096 -0.3854 -1.2033
v 0.0034 -0.3798 -1.1966
v 0.0109 -0.3393 -1.2349
v 0.0036 -0.3324 -1.2268
v -0.0008 -0.3767 -1.1935
v -0.0011 -0.3283 -1.2224
v -0.0059 -0.3324 -1.2266
v 0.0038 -0.2840 -1.2544
v 0.0139 -0.2407 -1.2933
v 0.0175 -0.1845 -1.3226
v 0.0223 -0.1328 -1.3468
v 0.0484 -0.1401 -1.3670
v 0.0392 -0.1945 -1.3400
v 0.0312 -0.2519 -1.3078
v 0.0119 -0.2918 -1.2640
v 0.0284 -0.3029 -1.2782
v 0.0557 -0.2627 -1.3237
v 0.0701 -0.2057 -1.3586
v 0.0853 -0.1498 -1.3878
v 0.0969 -0.0973 -1.4096
v 0.1254 -0.1597 -1.4059
v 0.1397 -0.1063 -1.4280
v 0.1048 -0.2150 -1.3758
v 0.0837 -0.2706 -1.3396
v 0.0523 -0.3142 -1.2945
v 0.0796 -0.3230 -1.3109
v 0.1184 -0.2757 -1.3581
v 0.1140 -0.3305 -1.3302
v 0.0763 -0.3725 -1.2804
v 0.1098 -0.3834 -1.2992
v 0.0677 -0.4191 -1.2441
v 0.0501 -0.3622 -1.2645
v 0.0449 -0.4077 -1.2301
v 0.0373 -0.4518 -1.1920
v 0.0199 -0.4398 -1.1788
v 0.0240 -0.3956 -1.2154
v 0.0267 -0.3502 -1.2484
v 0.0174 -0.4808 -1.1414
v 0.0350 -0.4950 -1.1549
v 0.0559 -0.4643 -1.2038
v 0.0549 -0.5103 -1.1657
v 0.0792 -0.4799 -1.2174
v 0.0816 -0.5298 -1.1775
v 0.0565 -0.5496 -1.1259
v 0.0346 -0.5317 -1.1161
v 0.0337 -0.5635 -1.0741
v 0.0158 -0.5154 -1.1029
v 0.0143 -0.5460 -1.0619
v 0.0113 -0.5749 -1.0168
v 0.0296 -0.5918 -1.0272
v 0.0560 -0.5828 -1.0825
v 0.0502 -0.6106 -1.0342
v 0.0863 -0.6081 -1.0909
v 0.0863 -0.5726 -1.1362
v 0.0755 -0.6355 -1.0414
v 0.0566 -0.6643 -0.9877
v 0.0618 -0.7130 -0.9397
v 0.0592 -0.7539 -0.8907
v 0.0727 -0.6875 -0.9967
v 0.0965 -0.4325 -1.2608
v 0.0261 -0.8648 -0.4298
v 0.0344 -0.8594 -0.4829
v 0.0253 -0.8427 -0.4803
v 0.0192 -0.8543 -0.4279
v 0.0186 -0.8301 -0.4777
v 0.0124 -0.8443 -0.4250
v 0.0070 -0.8372 -0.4218
v 0.0041 -0.8343 -0.4191
v 0.0344 -0.8465 -0.5345
v 0.0362 -0.8417 -0.5857
v 0.0169 -0.7844 -0.6697
v 0.0158 -0.7701 -0.7206
v 0.0017 -0.8748 -0.2862
v -0.0030 -0.8674 -0.3304
v -0.0041 -0.8766 -0.2834
v -0.0109 -0.8725 -0.3304
v -0.0097 -0.8637 -0.3781
v -0.0211 -0.8789 -0.3329
v -0.0169 -0.8708 -0.3803
v -0.0311 -0.8854 -0.3371
v -0.0245 -0.8772 -0.3827
v -0.0428 -0.8934 -0.3433
v -0.0343 -0.8834 -0.3854
v -0.0319 -0.8731 -0.4307
v -0.0227 -0.8615 -0.4293
v -0.0160 -0.8519 -0.4276
v -0.0219 -0.8410 -0.4798
v -0.0306 -0.8571 -0.4822
v -0.0286 -0.8458 -0.5339
v -0.0430 -0.8753 -0.4839
v -0.0443 -0.8870 -0.3876
v -0.0437 -0.8840 -0.4311
v -0.0475 -0.8724 -0.4832
v -0.0485 -0.8797 -0.4302
v -0.0488 -0.8819 -0.3864
v -0.0596 -0.8958 -0.3491
v -0.0625 -0.8894 -0.3470
v -0.0547 -0.9008 -0.3500
v -0.0758 -0.8964 -0.3044
v -0.0702 -0.9017 -0.3049
v -0.0570 -0.8903 -0.2960
v -0.0434 -0.8828 -0.2886
v -0.0305 -0.8797 -0.2842
v -0.0156 -0.8783 -0.2824
v -0.0792 -0.8894 -0.3029
v -0.0517 -0.8755 -0.3849
v -0.0516 -0.8736 -0.4293
v -0.0505 -0.8669 -0.4823
v -0.0438 -0.8613 -0.5365
v -0.0433 -0.8548 -0.5906
v -0.0392 -0.8637 -0.5369
v -0.0472 -0.8562 -0.5355
v -0.0478 -0.8501 -0.5898
v -0.0604 -0.8600 -0.6471
v -0.0499 -0.8666 -0.6476
v -0.0379 -0.8572 -0.5908
v -0.0289 -0.8419 -0.5850
v -0.0369 -0.8465 -0.6382
v -0.0216 -0.8264 -0.5791
v -0.0266 -0.8274 -0.6296
v -0.0158 -0.8139 -0.5745
v -0.0208 -0.8296 -0.5303
v -0.0186 -0.8117 -0.6232
v -0.0205 -0.8020 -0.6735
v -0.0298 -0.8191 -0.6798
v -0.0418 -0.8400 -0.6879
v -0.0417 -0.8245 -0.7347
v -0.0426 -0.8021 -0.7822
v -0.0508 -0.7823 -0.8340
v -0.0582 -0.7533 -0.8895
v -0.0676 -0.8073 -0.8388
v -0.0856 -0.7804 -0.8995
v -0.0780 -0.7812 -0.8999
v -0.0896 -0.7390 -0.9497
v -0.0816 -0.7397 -0.9498
v -0.0853 -0.6867 -0.9946
v -0.0919 -0.7762 -0.8980
v -0.0962 -0.7353 -0.9480
v -0.0922 -0.6837 -0.9925
v -0.0765 -0.6869 -0.9955
v -0.0625 -0.7125 -0.9385
v -0.1199 -0.6601 -1.0430
v -0.0820 -0.8020 -0.8371
v -0.0639 -0.8215 -0.7861
v -0.0754 -0.8064 -0.8382
v -0.0706 -0.8174 -0.7854
v -0.0686 -0.8407 -0.7403
v -0.0628 -0.8449 -0.7410
v -0.0682 -0.8565 -0.6962
v -0.0632 -0.8610 -0.6967
v -0.0559 -0.8647 -0.6477
v -0.0566 -0.8626 -0.6965
v -0.0554 -0.8463 -0.7406
v -0.0554 -0.8228 -0.7863
v -0.1034 -0.4953 -1.2286
v -0.1275 -0.4457 -1.2751
v -0.0797 -0.4795 -1.2158
v -0.0824 -0.5293 -1.1761
v -0.0976 -0.4321 -1.2589
v -0.1467 -0.3928 -1.3154
v -0.1115 -0.3830 -1.2970
v -0.1506 -0.3350 -1.3457
v -0.0690 -0.4189 -1.2425
v -0.0565 -0.4640 -1.2025
v -0.0555 -0.5100 -1.1644
v -0.0354 -0.4948 -1.1537
v -0.0357 -0.5316 -1.1151
v -0.0580 -0.5492 -1.1247
v -0.0365 -0.5633 -1.0732
v -0.0591 -0.5824 -1.0813
v -0.0337 -0.5917 -1.0264
v -0.0176 -0.5459 -1.0615
v -0.0172 -0.5153 -1.1024
v -0.0131 -0.6096 -0.9645
v -0.0276 -0.6254 -0.9722
v -0.0380 -0.4517 -1.1907
v -0.0463 -0.4076 -1.2286
v -0.0207 -0.4397 -1.1781
v -0.0255 -0.3956 -1.2144
v -0.0156 -0.8288 -0.4774
v -0.5028 0.2369 -1.4878
v -0.5724 0.2856 -1.4736
v -0.6164 0.3401 -1.4544
v -0.6105 0.3444 -1.4595
v -0.6553 0.3899 -1.4320
v -0.6499 0.3947 -1.4368
v -0.7146 0.4345 -1.4070
v -0.7199 0.4293 -1.4021
v -0.7792 0.4787 -1.3686
v -0.6536 0.3867 -1.4269
v -0.6149 0.3372 -1.4491
v -0.5713 0.2830 -1.4680
v -0.5022 0.2348 -1.4820
v -0.4054 0.1842 -1.4891
v -0.3789 0.1169 -1.4929
v -0.7177 0.4261 -1.3973
v -0.7765 0.4754 -1.3638
v -0.8056 0.5343 -1.3393
v -0.7735 0.4836 -1.3737
v -0.8000 0.5388 -1.3444
v -0.8207 0.5878 -1.3099
v -0.8157 0.5924 -1.3142
v -0.7179 0.6061 -1.3266
v -0.6946 0.5562 -1.3572
v -0.6649 0.5048 -1.3859
v -0.6143 0.4559 -1.4153
v -0.5333 0.5198 -1.3961
v -0.5612 0.5687 -1.3705
v -0.5850 0.6153 -1.3417
v -0.4584 0.6105 -1.3487
v -0.8857 0.6235 -1.2689
v -0.9357 0.6623 -1.2276
v -0.8829 0.6199 -1.2649
v -0.8184 0.5842 -1.3058
v -0.8031 0.5308 -1.3347
v -0.9326 0.6589 -1.2238
v -0.9495 0.7064 -1.1880
v -0.9570 0.7512 -1.1543
v -1.0240 0.7797 -1.1123
v -1.0808 0.8113 -1.0697
v -1.1080 0.8517 -1.0251
v -1.1258 0.8853 -0.9894
v -1.1746 0.9008 -0.9450
v -1.2143 0.9119 -0.9074
v -1.2370 0.9302 -0.8724
v -1.2538 0.9521 -0.8388
v -1.2855 0.9556 -0.8001
v -1.3144 0.9615 -0.7625
v -1.3346 0.9781 -0.7279
v -1.3565 0.9932 -0.6921
v -1.3902 0.9860 -0.6523
v -1.4191 0.9840 -0.6126
v -1.4404 0.9906 -0.5711
v -1.4585 0.9975 -0.5292
v -1.4866 0.9763 -0.4900
v -0.4949 0.7959 -1.2286
v -0.6226 0.8290 -1.1884
v -0.5585 0.8623 -1.1841
v -0.3766 0.7694 -1.2483
v -0.4513 0.8354 -1.2131
v -0.3442 0.8154 -1.2286
v -0.4077 0.8790 -1.1988
v -0.4960 0.8995 -1.1758
v -0.5662 0.9432 -1.1391
v -0.5811 1.0275 -1.0938
v -0.6664 1.0523 -1.0595
v -0.7503 1.0627 -1.0285
v -0.8017 1.1027 -0.9944
v -0.8655 1.1349 -0.9601
v -0.9372 1.1472 -0.9273
v -1.0023 1.1484 -0.8953
v -1.0380 1.1783 -0.8597
v -0.9969 1.1483 -0.8907
v -0.9327 1.1466 -0.9221
v -0.8612 1.1339 -0.9548
v -0.9311 1.1430 -0.9177
v -0.8605 1.1300 -0.9503
v -0.9944 1.1456 -0.8863
v -1.0322 1.1778 -0.8559
v -1.0296 1.1747 -0.8516
v -1.0725 1.2033 -0.8142
v -1.0784 1.2037 -0.8179
v -1.1297 1.2103 -0.7686
v -1.0698 1.1999 -0.8102
v -1.1265 1.2069 -0.7649
v -1.1880 1.2099 -0.7231
v -1.1841 1.2070 -0.7197
v -1.2220 1.2369 -0.6774
v -1.1940 1.2100 -0.7265
v -1.2285 1.2372 -0.6806
v -1.2512 1.1962 -0.6778
v -1.3123 1.1656 -0.6304
v -1.2899 1.2065 -0.6327
v -1.3524 1.1635 -0.5860
v -1.3333 1.2017 -0.5844
v -1.2662 1.2497 -0.6338
v -1.3152 1.2404 -0.5803
v -1.3743 1.1897 -0.5384
v -1.3894 1.1552 -0.5416
v -1.4058 1.1209 -0.5424
v -1.3730 1.1257 -0.5854
v -1.3927 1.0909 -0.5839
v -1.4223 1.0886 -0.5419
v -1.4504 1.0794 -0.4980
v -1.4342 1.1150 -0.4976
v -1.4185 1.1529 -0.4958
v -1.4046 1.1912 -0.4925
v -1.3619 1.2203 -0.5327
v -1.3914 1.2302 -0.4875
v -1.3547 1.2197 -0.5300
v -1.3084 1.2402 -0.5772
v -1.2593 1.2496 -0.6308
v -1.3035 1.2371 -0.5749
v -1.3495 1.2169 -0.5278
v -1.2550 1.2462 -0.6281
v -1.2180 1.2335 -0.6743
v -1.3782 1.2278 -0.4826
v -1.3836 1.2306 -0.4849
v -1.4679 1.0430 -0.4973
v -1.4403 1.0558 -0.5402
v -0.7975 1.1015 -0.9890
v -0.7975 1.0976 -0.9844
v -0.7465 1.0583 -1.0181
v -0.7465 1.0619 -1.0229
v -0.6636 1.0513 -1.0535
v -0.5789 1.0263 -1.0875
v -0.6645 1.0473 -1.0486
v -0.5806 1.0221 -1.0825
v -0.5026 0.9778 -1.1288
v -0.5049 0.9739 -1.1238
v -0.4471 0.9232 -1.1585
v -0.5050 0.9792 -1.1351
v -0.4467 0.9287 -1.1698
v -0.3728 0.9177 -1.1872
v -0.3073 0.8642 -1.2108
v -0.2268 0.7875 -1.2295
v -0.2043 0.8414 -1.2116
v -0.0898 0.8647 -1.1981
v -0.1829 0.8943 -1.1965
v -0.2792 0.9129 -1.1956
v -0.0896 0.8642 -1.1913
v -0.1826 0.8935 -1.1897
v -0.2788 0.9121 -1.1889
v -0.3722 0.9165 -1.1807
v -0.4453 0.9270 -1.1634
v -0.3735 0.9123 -1.1760
v -0.2802 0.9077 -1.1842
v -0.1840 0.8893 -1.1849
v -0.0908 0.8600 -1.1863
v 0.0006 0.8308 -1.1872
v 0.0918 0.8598 -1.1832
v 0.1846 0.8889 -1.1817
v 0.1832 0.8932 -1.1866
v 0.2788 0.9117 -1.1870
v 0.3720 0.9177 -1.1863
v 0.3714 0.9164 -1.1798
v 0.4443 0.9275 -1.1617
v 0.5026 0.9786 -1.1264
v 0.5814 1.0275 -1.0863
v 0.6719 1.0538 -1.0616
v 0.7268 1.0123 -1.0655
v 0.7893 0.9739 -1.0650
v 0.8088 1.0321 -1.0329
v 0.8657 1.0004 -1.0287
v 0.9245 1.0333 -0.9878
v 0.8663 1.0680 -0.9949
v 0.9289 1.0956 -0.9504
v 0.8132 1.1039 -0.9979
v 0.8803 1.1356 -0.9553
v 0.7590 1.0644 -1.0339
v 0.7556 1.0635 -1.0281
v 0.6695 1.0528 -1.0554
v 0.6707 1.0488 -1.0505
v 0.8094 1.1027 -0.9925
v 0.8763 1.1346 -0.9500
v 0.9567 1.1465 -0.9116
v 1.0282 1.1453 -0.8726
v 0.9524 1.1459 -0.9066
v 1.0228 1.1453 -0.8681
v 1.0685 1.1735 -0.8371
v 1.1134 1.1977 -0.7962
v 1.0627 1.1730 -0.8333
v 1.1077 1.1973 -0.7926
v 1.1676 1.2048 -0.7492
v 1.1646 1.2014 -0.7454
v 1.1052 1.1939 -0.7886
v 1.0605 1.1697 -0.8291
v 1.0206 1.1425 -0.8637
v 0.9512 1.1423 -0.9020
v 0.8760 1.1307 -0.9454
v 0.8097 1.0989 -0.9878
v 0.7560 1.0599 -1.0233
v 1.2226 1.2029 -0.7036
v 1.2570 1.2299 -0.6627
v 1.2949 1.2425 -0.6193
v 1.3390 1.2327 -0.5681
v 1.3730 1.2118 -0.5252
v 1.3927 1.2226 -0.4849
v 1.3980 1.2255 -0.4872
v 0.5835 1.0234 -1.0813
v 0.5050 0.9747 -1.1213
v 0.4461 0.9237 -1.1567
v 0.3727 0.9124 -1.1750
v 0.2801 0.9074 -1.1823
v 0.8558 0.9415 -1.0602
v 0.9247 0.9727 -1.0215
v 0.9840 1.0019 -0.9781
v 1.0989 0.8165 -1.0704
v 1.0957 0.8134 -1.0670
v 1.0331 0.7834 -1.1094
v 0.9623 0.7551 -1.1513
v 0.9523 0.7104 -1.1854
v 0.9328 0.6629 -1.2214
v 0.9357 0.6663 -1.2253
v 0.8806 0.6239 -1.2625
v 0.8150 0.5881 -1.3039
v 0.7997 0.5346 -1.3335
v 0.7737 0.4790 -1.3637
v 0.7156 0.4294 -1.3986
v 1.1297 0.8517 -1.0224
v 1.1533 0.8833 -0.9851
v 1.2099 0.8965 -0.9409
v 1.2542 0.9073 -0.9048
v 1.2797 0.9259 -0.8707
v 1.2983 0.9482 -0.8378
v 1.3314 0.9519 -0.8012
v 1.3607 0.9577 -0.7643
v 1.3796 0.9740 -0.7288
v 1.3968 0.9890 -0.6923
v 1.4220 0.9819 -0.6549
v 1.4399 0.9802 -0.6180
v 1.4501 0.9871 -0.5792
v 1.4567 0.9945 -0.5402
v 1.4770 0.9747 -0.5056
v 0.6922 0.5595 -1.3567
v 0.6629 0.5078 -1.3865
v 0.5600 0.5709 -1.3708
v 0.5833 0.6177 -1.3410
v 0.5324 0.5220 -1.3975
v 0.6129 0.4587 -1.4173
v 0.4910 0.4733 -1.4232
v 0.5578 0.4130 -1.4447
v 0.4457 0.4244 -1.4458
v 0.3434 0.4268 -1.4396
v 0.3790 0.4751 -1.4203
v 0.4120 0.5219 -1.3983
v 0.4365 0.5674 -1.3746
v 0.4580 0.6117 -1.3486
v 0.3331 0.5936 -1.3470
v 0.3131 0.5532 -1.3699
v 0.2921 0.5117 -1.3908
v 0.2677 0.4682 -1.4097
v 0.2419 0.4230 -1.4264
v 0.3134 0.3765 -1.4560
v 0.2180 0.3759 -1.4400
v 0.1938 0.3254 -1.4494
v 0.2823 0.3241 -1.4683
v 0.1688 0.2722 -1.4537
v 0.2460 0.2701 -1.4743
v 0.1438 0.2188 -1.4535
v 0.2060 0.2164 -1.4741
v 0.1848 0.1617 -1.4736
v 0.2452 0.1533 -1.4910
v 0.2195 0.0975 -1.4854
v 0.1635 0.1078 -1.4679
v 0.1889 0.0453 -1.4732
v 0.1400 0.0553 -1.4560
v 0.2434 0.0286 -1.4875
v 0.1609 -0.0048 -1.4576
v 0.1069 -0.0469 -1.4262
v 0.1494 -0.0555 -1.4441
v 0.1986 -0.0683 -1.4606
v 0.2075 -0.0194 -1.4724
v 0.2439 -0.0350 -1.4812
v 0.1909 -0.1183 -1.4461
v 0.1751 -0.1710 -1.4252
v 0.1481 -0.2228 -1.3955
v 0.1186 0.0042 -1.4405
v 0.1090 0.1126 -1.4452
v 0.1261 0.1656 -1.4516
v 0.2826 0.0798 -1.4990
v 0.3134 0.1384 -1.5040
v 0.2704 0.2106 -1.4900
v 0.3420 0.2004 -1.5016
v 0.3259 0.2641 -1.4883
v 0.4168 0.2534 -1.4970
v 0.3730 0.3178 -1.4794
v 0.4757 0.3056 -1.4842
v 0.4104 0.3720 -1.4646
v 0.5182 0.3609 -1.4666
v 0.5652 0.2917 -1.4843
v 0.4958 0.2420 -1.4995
v 0.3984 0.1900 -1.5070
v 0.6092 0.3469 -1.4637
v 0.6484 0.3975 -1.4397
v 0.1385 -0.4452 -1.2694
v 0.1159 -0.4936 -1.2240
v 0.1244 -0.5472 -1.1835
v -0.2498 -0.1312 -1.4438
v -0.2348 -0.1819 -1.4258
v 0.0149 0.3889 0.7823
v 0.0138 0.3901 0.7862
v 0.0156 0.3912 0.7826
v 0.0144 0.3884 0.7789
v -0.0025 0.3987 0.7825
v -0.0039 0.3951 0.7784
v 0.0143 0.3874 0.7804
v 0.0108 0.3829 0.7767
v 0.0116 0.3835 0.7793
v 0.0060 0.3768 0.7796
v 0.0081 0.3854 0.7815
v 0.0029 0.3794 0.7822
v 0.0049 0.3755 0.7768
v -0.0077 0.3891 0.7764
v -0.0132 0.3819 0.7771
v -0.0136 0.3837 0.7798
v -0.0085 0.3902 0.7790
v -0.0054 0.3947 0.7799
v -0.0046 0.3969 0.7822
v -0.0027 0.3927 0.7813
v -0.0024 0.3934 0.7816
v -0.0061 0.3960 0.7849
v -0.0041 0.3980 0.7869
v -0.0104 0.3917 0.7881
v -0.0039 0.3922 0.7824
v -0.0080 0.3880 0.7846
v -0.0139 0.3816 0.7878
v -0.0219 0.3779 0.7935
v -0.0185 0.3753 0.7895
v -0.0243 0.3733 0.7924
v -0.0242 0.3725 0.7943
v -0.0247 0.3711 0.7898
v -0.0203 0.3722 0.7895
v -0.0203 0.3714 0.7890
v -0.0231 0.3718 0.7863
v -0.0190 0.3743 0.7797
v -0.0192 0.3765 0.7824
v -0.0132 0.3819 0.7771
v -0.0232 0.3693 0.7844
v -0.0249 0.3690 0.7897
v -0.0190 0.3725 0.7877
v -0.0152 0.3769 0.7847
v -0.0136 0.3837 0.7798
v -0.0097 0.3839 0.7822
v -0.0065 0.3617 0.7831
v -0.0074 0.3618 0.7881
v -0.0062 0.3654 0.7925
v -0.0212 0.3785 0.7962
v -0.0168 0.3849 0.7918
v -0.0155 0.3861 0.7946
v -0.0088 0.3933 0.7906
v 0.0022 0.3782 0.7931
v 0.0089 0.3852 0.7896
v 0.0134 0.3875 0.7840
v 0.0088 0.3831 0.7868
v 0.0024 0.3763 0.7900
v 0.0044 0.3826 0.7838
v -0.0016 0.3760 0.7867
v -0.0025 0.3697 0.7914
v -0.0032 0.3709 0.7943
v -0.0049 0.3657 0.7906
v -0.0057 0.3634 0.7882
v -0.0077 0.3673 0.7883
v -0.0050 0.3635 0.7850
v -0.0081 0.3664 0.7879
v -0.0017 0.3673 0.7790
v -0.0004 0.3688 0.7816
v 0.0049 0.3755 0.7768
v 0.0060 0.3768 0.7796
v -0.0032 0.3719 0.7841
v -0.0074 0.3671 0.7869
v 0.0029 0.3794 0.7822
v -0.0060 0.3701 0.7881
v 0.0086 0.3867 0.7818
v 0.0102 0.3883 0.7816
v 0.0101 0.3880 0.7816
v -0.0049 0.3897 0.7813
v -0.0097 0.3839 0.7822
v -0.0673 0.1448 0.7684
v -0.0579 0.1596 0.7812
v -0.0581 0.1615 0.7772
v -0.0668 0.1462 0.7649
v -0.0741 0.1309 0.7576
v -0.0731 0.1320 0.7546
v -0.0804 0.1186 0.7489
v -0.0794 0.1193 0.7464
v -0.0860 0.1071 0.7435
v -0.0848 0.1077 0.7412
v -0.0918 0.0964 0.7403
v -0.1074 0.1132 0.7474
v -0.0908 0.0969 0.7383
v -0.0982 0.0876 0.7390
v -0.1124 0.1049 0.7451
v -0.0972 0.0880 0.7371
v -0.1005 0.0853 0.7385
v -0.1139 0.1023 0.7444
v -0.1134 0.1035 0.7429
v -0.1119 0.1067 0.7435
v -0.1069 0.1149 0.7456
v -0.1024 0.1228 0.7520
v -0.1020 0.1245 0.7500
v -0.0972 0.1324 0.7597
v -0.0907 0.1462 0.7680
v -0.0910 0.1444 0.7706
v -0.0845 0.1593 0.7814
v -0.0770 0.1733 0.7917
v -0.0844 0.1611 0.7784
v -0.0777 0.1761 0.7873
v -0.0707 0.1931 0.7980
v -0.0695 0.1902 0.8025
v -0.0646 0.2076 0.8109
v -0.0657 0.2098 0.8071
v -0.0617 0.2254 0.8143
v -0.0622 0.2271 0.8110
v -0.0416 0.2110 0.8117
v -0.0585 0.2441 0.8131
v -0.0660 0.2114 0.8031
v -0.0619 0.2281 0.8073
v -0.0584 0.2453 0.8099
v -0.0577 0.2458 0.8068
v -0.0541 0.2621 0.8050
v -0.0531 0.2622 0.8025
v -0.0496 0.2791 0.7981
v -0.0484 0.2789 0.7960
v -0.0461 0.2946 0.7918
v -0.0445 0.2940 0.7899
v -0.0441 0.3117 0.7870
v -0.0422 0.3108 0.7850
v -0.0433 0.3308 0.7829
v -0.0450 0.3121 0.7896
v -0.0469 0.2946 0.7946
v -0.0271 0.2998 0.8031
v -0.0442 0.3316 0.7856
v -0.0261 0.3213 0.7969
v -0.0256 0.2988 0.8017
v -0.0290 0.2810 0.8082
v -0.0241 0.3202 0.7947
v -0.0279 0.2804 0.8069
v -0.0315 0.2640 0.8126
v -0.0502 0.2787 0.8011
v -0.0336 0.2460 0.8134
v -0.0305 0.2636 0.8107
v -0.0295 0.2643 0.8070
v -0.0330 0.2470 0.8096
v -0.0372 0.2306 0.8093
v -0.0371 0.2292 0.8128
v -0.0345 0.2460 0.8160
v -0.0379 0.2288 0.8161
v -0.0415 0.2121 0.8076
v -0.0455 0.1943 0.8029
v -0.0463 0.1960 0.7982
v -0.0503 0.1770 0.7923
v -0.0512 0.1790 0.7878
v -0.0529 0.1814 0.7847
v -0.0592 0.1637 0.7741
v -0.0669 0.1482 0.7622
v -0.0730 0.1338 0.7523
v -0.0791 0.1210 0.7444
v -0.0845 0.1094 0.7395
v -0.0903 0.0986 0.7368
v -0.0966 0.0898 0.7356
v -0.0991 0.0872 0.7356
v -0.0998 0.0858 0.7369
v -0.1134 0.1035 0.7429
v -0.0998 0.0858 0.7369
v -0.0991 0.0872 0.7356
v -0.1123 0.1045 0.7412
v -0.0480 0.1984 0.7949
v -0.0423 0.2140 0.8041
v -0.0773 0.1767 0.7846
v -0.0709 0.1942 0.7947
v -0.0834 0.1618 0.7752
v -0.0898 0.1472 0.7648
v -0.0969 0.1342 0.7575
v -0.0957 0.1351 0.7547
v -0.1009 0.1252 0.7476
v -0.1057 0.1156 0.7435
v -0.1107 0.1073 0.7414
v -0.1123 0.1045 0.7412
v -0.0544 0.2613 0.8082
v -0.0265 0.2807 0.8031
v -0.0243 0.2987 0.7982
v -0.0232 0.3194 0.7919
v -0.0244 0.3337 0.7908
v -0.0235 0.3327 0.7880
v -0.0227 0.3441 0.7869
v -0.0222 0.3429 0.7841
v -0.0190 0.3524 0.7835
v -0.0187 0.3511 0.7807
v -0.0127 0.3593 0.7811
v -0.0126 0.3581 0.7783
v -0.0026 0.3653 0.7778
v -0.0027 0.3663 0.7806
v 0.0071 0.3718 0.7828
v -0.0033 0.3680 0.7832
v 0.0066 0.3735 0.7855
v 0.0199 0.3784 0.7879
v 0.0194 0.3801 0.7904
v 0.0422 0.3897 0.7979
v 0.0416 0.3917 0.8001
v 0.0640 0.4028 0.8066
v 0.0632 0.4050 0.8083
v 0.0813 0.4158 0.8122
v 0.0806 0.4183 0.8135
v 0.0969 0.4285 0.8156
v 0.0963 0.4312 0.8166
v 0.1083 0.4368 0.8170
v 0.1080 0.4399 0.8178
v 0.1177 0.4454 0.8175
v 0.1019 0.4537 0.7976
v 0.0905 0.4466 0.7973
v 0.0748 0.4354 0.7959
v 0.0574 0.4223 0.7938
v 0.0362 0.4068 0.7905
v 0.0149 0.3923 0.7859
v 0.0024 0.3856 0.7833
v -0.0135 0.3610 0.7837
v 0.0073 0.3709 0.7800
v 0.0202 0.3774 0.7851
v 0.0426 0.3885 0.7952
v 0.0645 0.4015 0.8041
v 0.0819 0.4142 0.8100
v 0.0973 0.4266 0.8136
v 0.1084 0.4346 0.8151
v 0.1172 0.4395 0.8153
v 0.1176 0.4422 0.8170
v 0.1267 0.4487 0.8161
v 0.1109 0.4581 0.7970
v 0.1192 0.4607 0.7955
v 0.1342 0.4496 0.8138
v 0.1262 0.4453 0.8159
v 0.1258 0.4613 0.7933
v 0.1332 0.4461 0.8138
v 0.1403 0.4488 0.8110
v 0.1313 0.4606 0.7908
v 0.1455 0.4463 0.8077
v 0.1389 0.4453 0.8113
v 0.1361 0.4583 0.7878
v 0.1438 0.4430 0.8083
v 0.1498 0.4426 0.8043
v 0.1477 0.4395 0.8051
v 0.1530 0.4379 0.8009
v 0.1508 0.4352 0.8019
v 0.1550 0.4322 0.7977
v 0.1527 0.4299 0.7990
v 0.1558 0.4257 0.7949
v 0.1535 0.4239 0.7963
v 0.1554 0.4187 0.7925
v 0.1530 0.4173 0.7941
v 0.1536 0.4111 0.7904
v 0.1514 0.4102 0.7921
v 0.1483 0.4024 0.7902
v 0.1503 0.4028 0.7885
v 0.1437 0.3938 0.7883
v 0.1454 0.3937 0.7865
v 0.1378 0.3855 0.7865
v 0.1391 0.3850 0.7846
v 0.1313 0.3785 0.7851
v 0.1359 0.3868 0.7876
v 0.1300 0.3801 0.7863
v 0.1320 0.3775 0.7831
v 0.1246 0.3730 0.7842
v 0.1241 0.3752 0.7856
v 0.1172 0.3693 0.7842
v 0.1246 0.3717 0.7821
v 0.1166 0.3677 0.7819
v 0.1096 0.3675 0.7850
v 0.1084 0.3658 0.7827
v 0.0998 0.3659 0.7845
v 0.1013 0.3677 0.7869
v 0.0910 0.3670 0.7866
v 0.0926 0.3688 0.7891
v 0.0815 0.3698 0.7908
v 0.0800 0.3682 0.7882
v 0.0654 0.3703 0.7913
v 0.0642 0.3689 0.7886
v 0.0441 0.3711 0.7894
v 0.0433 0.3699 0.7864
v 0.0207 0.3710 0.7845
v 0.0203 0.3700 0.7816
v 0.0032 0.3701 0.7790
v 0.0417 0.3883 0.7803
v 0.0612 0.3879 0.7787
v 0.0754 0.3863 0.7762
v 0.0848 0.3842 0.7734
v 0.0922 0.3824 0.7707
v 0.0996 0.3818 0.7684
v 0.1068 0.3833 0.7672
v 0.1142 0.3869 0.7668
v 0.1214 0.3924 0.7672
v 0.1285 0.3997 0.7681
v 0.1201 0.3941 0.7683
v 0.1266 0.4010 0.7691
v 0.1349 0.4081 0.7693
v 0.1326 0.4089 0.7702
v 0.1398 0.4168 0.7706
v 0.1373 0.4171 0.7715
v 0.1432 0.4247 0.7721
v 0.1404 0.4246 0.7729
v 0.1449 0.4320 0.7739
v 0.1420 0.4312 0.7745
v 0.1455 0.4387 0.7760
v 0.1425 0.4375 0.7764
v 0.1448 0.4450 0.7785
v 0.1420 0.4433 0.7788
v 0.1430 0.4506 0.7815
v 0.1403 0.4485 0.7815
v 0.1375 0.4526 0.7844
v 0.1380 0.4457 0.7825
v 0.1355 0.4494 0.7852
v 0.1396 0.4409 0.7801
v 0.1401 0.4356 0.7779
v 0.1397 0.4298 0.7761
v 0.1382 0.4236 0.7746
v 0.1352 0.4167 0.7733
v 0.1309 0.4089 0.7720
v 0.1253 0.4014 0.7710
v 0.1193 0.3951 0.7703
v 0.1136 0.3905 0.7702
v 0.1076 0.3875 0.7707
v 0.1136 0.3891 0.7681
v 0.1070 0.3858 0.7686
v 0.1003 0.3845 0.7699
v 0.0934 0.3852 0.7723
v 0.0862 0.3870 0.7751
v 0.0768 0.3890 0.7780
v 0.0623 0.3904 0.7808
v 0.0426 0.3906 0.7827
v 0.0204 0.3893 0.7824
v 0.0199 0.3873 0.7797
v 0.0031 0.3862 0.7798
v 0.0015 0.3876 0.7824
v 0.0038 0.3886 0.7849
v 0.0209 0.3903 0.7852
v 0.0434 0.3918 0.7855
v 0.0636 0.3919 0.7834
v 0.0783 0.3907 0.7804
v 0.0878 0.3888 0.7774
v 0.0949 0.3871 0.7746
v 0.1016 0.3864 0.7721
v 0.0013 0.3710 0.7813
v 0.0036 0.3725 0.7841
v 0.0212 0.3729 0.7873
v 0.0666 0.3727 0.7935
v 0.0450 0.3733 0.7919
v 0.0829 0.3724 0.7927
v 0.0940 0.3714 0.7908
v 0.1024 0.3703 0.7885
v 0.1104 0.3702 0.7866
v 0.1174 0.3717 0.7856
v 0.1414 0.3946 0.7893
v 0.1458 0.4027 0.7911
v 0.1486 0.4101 0.7928
v 0.1502 0.4167 0.7947
v 0.1506 0.4227 0.7967
v 0.1498 0.4282 0.7992
v 0.1481 0.4332 0.8019
v 0.1452 0.4372 0.8048
v 0.1415 0.4403 0.8077
v 0.1370 0.4425 0.8105
v 0.1318 0.4432 0.8127
v 0.1254 0.4425 0.8144
v -0.0201 0.3541 0.7860
v -0.0214 0.3720 0.7804
v -0.0085 0.3800 0.7814
v -0.0084 0.3790 0.7786
v -0.0213 0.3709 0.7777
v -0.0304 0.3650 0.7809
v -0.0301 0.3638 0.7781
v -0.0375 0.3567 0.7820
v -0.0370 0.3555 0.7792
v -0.0423 0.3458 0.7836
v -0.0415 0.3448 0.7808
v -0.0356 0.3538 0.7768
v -0.0398 0.3433 0.7784
v -0.0414 0.3296 0.7806
v -0.0292 0.3620 0.7756
v -0.0206 0.3691 0.7751
v -0.0080 0.3773 0.7759
v 0.0029 0.3830 0.7779
v 0.0025 0.3847 0.7805
v 0.0151 0.3913 0.7831
v 0.0156 0.3895 0.7807
v 0.0372 0.4035 0.7858
v 0.0365 0.4056 0.7878
v 0.0579 0.4209 0.7915
v 0.0587 0.4186 0.7899
v 0.0761 0.4312 0.7924
v 0.0753 0.4337 0.7936
v 0.0910 0.4448 0.7952
v 0.1020 0.4515 0.7958
v 0.0916 0.4420 0.7943
v 0.1106 0.4556 0.7954
v 0.1023 0.4484 0.7949
v 0.1184 0.4579 0.7941
v 0.1245 0.4584 0.7922
v 0.1295 0.4577 0.7900
v 0.1339 0.4557 0.7873
v 0.1400 0.4550 0.7846
v 0.1321 0.4523 0.7878
v 0.1280 0.4542 0.7903
v 0.1234 0.4548 0.7922
v 0.1178 0.4544 0.7938
v 0.1104 0.4522 0.7948
v -0.0242 0.3457 0.7893
v -0.0262 0.3351 0.7931
v 0.0209 0.3903 0.7852
v 0.0212 0.3729 0.7873
v 0.0036 0.3725 0.7841
v 0.0038 0.3886 0.7849
v 0.0434 0.3918 0.7855
v 0.0450 0.3733 0.7919
v 0.0636 0.3919 0.7834
v 0.0666 0.3727 0.7935
v 0.0783 0.3907 0.7804
v 0.0829 0.3724 0.7927
v 0.0878 0.3888 0.7774
v 0.0940 0.3714 0.7908
v 0.0949 0.3871 0.7746
v 0.1024 0.3703 0.7885
v 0.1016 0.3864 0.7721
v 0.1104 0.3702 0.7866
v 0.1076 0.3875 0.7707
v 0.1174 0.3717 0.7856
v 0.1136 0.3905 0.7702
v 0.1241 0.3752 0.7856
v 0.1300 0.3801 0.7863
v 0.1193 0.3951 0.7703
v 0.1359 0.3868 0.7876
v 0.1253 0.4014 0.7710
v 0.1414 0.3946 0.7893
v 0.1309 0.4089 0.7720
v 0.1458 0.4027 0.7911
v 0.1352 0.4167 0.7733
v 0.1486 0.4101 0.7928
v 0.1382 0.4236 0.7746
v 0.1397 0.4298 0.7761
v 0.1502 0.4167 0.7947
v 0.1401 0.4356 0.7779
v 0.1506 0.4227 0.7967
v 0.1498 0.4282 0.7992
v 0.1396 0.4409 0.7801
v 0.1481 0.4332 0.8019
v 0.1380 0.4457 0.7825
v 0.1452 0.4372 0.8048
v 0.1355 0.4494 0.7852
v 0.1415 0.4403 0.8077
v 0.1321 0.4523 0.7878
v 0.1370 0.4425 0.8105
v 0.1280 0.4542 0.7903
v 0.1318 0.4432 0.8127
v 0.1234 0.4548 0.7922
v 0.1254 0.4425 0.8144
v 0.1178 0.4544 0.7938
v 0.1172 0.4395 0.8153
v 0.1104 0.4522 0.7948
v 0.1084 0.4346 0.8151
v 0.1023 0.4484 0.7949
v 0.0973 0.4266 0.8136
v 0.0916 0.4420 0.7943
v 0.0819 0.4142 0.8100
v 0.0761 0.4312 0.7924
v 0.0645 0.4015 0.8041
v 0.0587 0.4186 0.7899
v 0.0426 0.3885 0.7952
v 0.0372 0.4035 0.7858
v 0.0202 0.3774 0.7851
v 0.0156 0.3895 0.7807
v 0.0073 0.3709 0.7800
v 0.0029 0.3830 0.7779
v -0.0026 0.3653 0.7778
v -0.0080 0.3773 0.7759
v -0.0126 0.3581 0.7783
v -0.0206 0.3691 0.7751
v -0.0292 0.3620 0.7756
v -0.0187 0.3511 0.7807
v -0.0356 0.3538 0.7768
v -0.0222 0.3429 0.7841
v -0.0398 0.3433 0.7784
v -0.0235 0.3327 0.7880
v -0.0414 0.3296 0.7806
v -0.0232 0.3194 0.7919
v -0.0422 0.3108 0.7850
v -0.0243 0.2987 0.7982
v -0.0445 0.2940 0.7899
v -0.0265 0.2807 0.8031
v -0.0484 0.2789 0.7960
v -0.0295 0.2643 0.8070
v -0.0531 0.2622 0.8025
v -0.0330 0.2470 0.8096
v -0.0577 0.2458 0.8068
v -0.0372 0.2306 0.8093
v -0.0619 0.2281 0.8073
v -0.0423 0.2140 0.8041
v -0.0660 0.2114 0.8031
v -0.0480 0.1984 0.7949
v -0.0709 0.1942 0.7947
v -0.0529 0.1814 0.7847
v -0.0773 0.1767 0.7846
v -0.0592 0.1637 0.7741
v -0.0834 0.1618 0.7752
v -0.0669 0.1482 0.7622
v -0.0898 0.1472 0.7648
v -0.0730 0.1338 0.7523
v -0.0957 0.1351 0.7547
v -0.0791 0.1210 0.7444
v -0.1009 0.1252 0.7476
v -0.0845 0.1094 0.7395
v -0.1057 0.1156 0.7435
v -0.0903 0.0986 0.7368
v -0.1107 0.1073 0.7414
v -0.0966 0.0898 0.7356
v -0.1123 0.1045 0.7412
v -0.0991 0.0872 0.7356
v 0.0481 0.2253 0.7887
v 0.0482 0.2441 0.7847
v 0.0466 0.2444 0.7846
v 0.0461 0.2632 0.7812
v 0.0444 0.2634 0.7807
v 0.0426 0.2632 0.7810
v 0.0435 0.2832 0.7780
v 0.0417 0.2833 0.7769
v 0.0406 0.3040 0.7753
v 0.0388 0.3039 0.7738
v 0.0375 0.3247 0.7726
v 0.0361 0.2876 0.7919
v 0.0288 0.3060 0.7867
v 0.0341 0.2871 0.7910
v 0.0267 0.3053 0.7851
v 0.0199 0.3215 0.7805
v 0.0219 0.3226 0.7824
v 0.0161 0.3367 0.7797
v 0.0340 0.3430 0.7717
v 0.0325 0.3426 0.7694
v 0.0281 0.3569 0.7697
v 0.0294 0.3576 0.7721
v 0.0218 0.3686 0.7715
v 0.0228 0.3695 0.7741
v 0.0134 0.3760 0.7738
v 0.0142 0.3770 0.7764
v 0.0027 0.3804 0.7761
v 0.0118 0.3742 0.7711
v 0.0015 0.3786 0.7734
v 0.0033 0.3814 0.7788
v -0.0090 0.3833 0.7789
v -0.0100 0.3815 0.7762
v -0.0084 0.3843 0.7816
v -0.0193 0.3858 0.7823
v -0.0205 0.3840 0.7797
v -0.0186 0.3868 0.7850
v -0.0273 0.3884 0.7863
v -0.0287 0.3866 0.7840
v -0.0265 0.3895 0.7889
v -0.0331 0.3910 0.7896
v -0.0319 0.3923 0.7921
v -0.0381 0.3934 0.7917
v -0.0348 0.3891 0.7876
v -0.0399 0.3913 0.7901
v -0.0453 0.3935 0.7914
v -0.0433 0.3957 0.7924
v -0.0418 0.3978 0.7944
v -0.0472 0.4003 0.7937
v -0.0489 0.3980 0.7922
v -0.0533 0.4028 0.7927
v -0.0551 0.4003 0.7917
v -0.0600 0.4053 0.7922
v -0.0618 0.4027 0.7916
v -0.0672 0.4081 0.7926
v -0.0690 0.4055 0.7924
v -0.0740 0.4111 0.7932
v -0.0757 0.4085 0.7934
v -0.0803 0.4137 0.7936
v -0.0817 0.4110 0.7939
v -0.0871 0.4154 0.7938
v -0.0880 0.4125 0.7941
v -0.0947 0.4125 0.7941
v -0.0944 0.4154 0.7938
v -0.1019 0.4107 0.7941
v -0.1021 0.4135 0.7940
v -0.1090 0.4073 0.7941
v -0.1098 0.4099 0.7942
v -0.1156 0.4030 0.7942
v -0.1083 0.4053 0.7954
v -0.1145 0.4012 0.7953
v -0.1016 0.4086 0.7955
v -0.0950 0.4104 0.7957
v -0.0889 0.4104 0.7957
v -0.0830 0.4089 0.7954
v -0.0772 0.4065 0.7947
v -0.0708 0.4035 0.7934
v -0.0637 0.4004 0.7922
v -0.0571 0.3980 0.7919
v -0.0509 0.3957 0.7918
v -0.1210 0.3961 0.7950
v -0.1224 0.3979 0.7941
v -0.1167 0.4054 0.7944
v -0.1239 0.4001 0.7945
v -0.1294 0.3912 0.7937
v -0.1276 0.3897 0.7944
v -0.1311 0.3932 0.7942
v -0.1354 0.3839 0.7928
v -0.1334 0.3827 0.7933
v -0.1375 0.3856 0.7936
v -0.1417 0.3778 0.7925
v -0.1419 0.3867 0.8206
v -0.1394 0.3766 0.7916
v -0.1431 0.3698 0.7911
v -0.1435 0.3782 0.8195
v -0.1394 0.3621 0.7887
v -0.1407 0.3692 0.7901
v -0.1417 0.3621 0.7897
v -0.1383 0.3559 0.7887
v -0.1396 0.3652 0.8175
v -0.1334 0.3510 0.7881
v -0.1364 0.3564 0.7878
v -0.1356 0.3612 0.8172
v -0.1377 0.3662 0.8180
v -0.1342 0.3627 0.8177
v -0.1313 0.3585 0.8172
v -0.1305 0.3604 0.8177
v -0.1265 0.3569 0.8175
v -0.1263 0.3591 0.8181
v -0.1212 0.3562 0.8181
v -0.1161 0.3444 0.7887
v -0.1222 0.3456 0.7883
v -0.1270 0.3490 0.7872
v -0.1279 0.3477 0.7880
v -0.1319 0.3520 0.7873
v -0.1344 0.3574 0.7882
v -0.1371 0.3624 0.7891
v -0.1306 0.3535 0.7878
v -0.1264 0.3509 0.7878
v -0.1218 0.3492 0.7881
v -0.1219 0.3472 0.7875
v -0.1163 0.3461 0.7881
v -0.1109 0.3462 0.7887
v -0.1168 0.3483 0.7886
v -0.1118 0.3484 0.7893
v -0.1102 0.3444 0.7894
v -0.1055 0.3470 0.7894
v -0.1046 0.3453 0.7901
v -0.1005 0.3484 0.7899
v -0.0994 0.3468 0.7907
v -0.0954 0.3506 0.7901
v -0.1020 0.3507 0.7905
v -0.0970 0.3528 0.7906
v -0.0941 0.3490 0.7908
v -0.0886 0.3539 0.7896
v -0.0902 0.3561 0.7902
v -0.0874 0.3523 0.7904
v -0.0813 0.3574 0.7885
v -0.0827 0.3597 0.7891
v -0.0802 0.3557 0.7892
v -0.0726 0.3592 0.7878
v -0.0852 0.3702 0.8190
v -0.0927 0.3667 0.8199
v -0.0998 0.3628 0.8202
v -0.1053 0.3599 0.8199
v -0.1105 0.3579 0.8194
v -0.1158 0.3565 0.8187
v -0.1215 0.3584 0.8187
v -0.1167 0.3589 0.8193
v -0.1117 0.3602 0.8200
v -0.1125 0.3620 0.8193
v -0.1077 0.3640 0.8198
v -0.1172 0.3607 0.8186
v -0.1216 0.3602 0.8179
v -0.1259 0.3607 0.8174
v -0.1296 0.3618 0.8170
v -0.1327 0.3638 0.8169
v -0.1357 0.3668 0.8171
v -0.1378 0.3711 0.8177
v -0.1401 0.3710 0.8186
v -0.1424 0.3707 0.8183
v -0.1411 0.3780 0.8198
v -0.1387 0.3774 0.8189
v -0.1397 0.3860 0.8211
v -0.1373 0.3957 0.8214
v -0.1354 0.3945 0.8220
v -0.1303 0.4050 0.8217
v -0.1287 0.4035 0.8225
v -0.1225 0.4133 0.8217
v -0.1212 0.4116 0.8227
v -0.1153 0.4200 0.8216
v -0.1143 0.4181 0.8227
v -0.1076 0.4237 0.8225
v -0.1200 0.4093 0.8225
v -0.1132 0.4157 0.8227
v -0.1069 0.4211 0.8226
v -0.1083 0.4257 0.8212
v -0.1001 0.4283 0.8220
v -0.1004 0.4304 0.8205
v -0.0921 0.4310 0.8213
v -0.0918 0.4332 0.8198
v -0.0842 0.4312 0.8210
v -0.0998 0.4255 0.8223
v -0.0924 0.4281 0.8218
v -0.0851 0.4283 0.8215
v -0.0770 0.4287 0.8210
v -0.0784 0.4259 0.8214
v -0.0725 0.4213 0.8212
v -0.0708 0.4239 0.8209
v -0.0635 0.4194 0.8195
v -0.0653 0.4173 0.8205
v -0.0585 0.4118 0.8187
v -0.0604 0.4096 0.8194
v -0.0563 0.4020 0.8176
v -0.0543 0.4043 0.8174
v -0.0504 0.3969 0.8149
v -0.0524 0.3944 0.8144
v -0.0467 0.3903 0.8105
v -0.0485 0.3880 0.8094
v -0.0425 0.3847 0.8046
v -0.0441 0.3825 0.8029
v -0.0376 0.3798 0.7980
v -0.0390 0.3779 0.7960
v -0.0309 0.3755 0.7916
v -0.0321 0.3737 0.7892
v -0.0220 0.3719 0.7859
v -0.0230 0.3702 0.7833
v -0.0123 0.3695 0.7819
v -0.0132 0.3677 0.7792
v -0.0029 0.3656 0.7795
v -0.0039 0.3638 0.7769
v 0.0048 0.3591 0.7786
v 0.0035 0.3574 0.7760
v 0.0107 0.3494 0.7787
v 0.0091 0.3478 0.7763
v 0.0142 0.3353 0.7776
v 0.0083 0.3469 0.7737
v 0.0132 0.3346 0.7752
v 0.0186 0.3210 0.7783
v 0.0253 0.3050 0.7831
v 0.0325 0.2870 0.7895
v 0.0389 0.2682 0.7966
v 0.0405 0.2682 0.7976
v 0.0424 0.2685 0.7977
v 0.0442 0.2496 0.8032
v 0.0457 0.2494 0.8038
v 0.0509 0.2312 0.8082
v 0.0474 0.2495 0.8033
v 0.0494 0.2312 0.8093
v 0.0530 0.2132 0.8128
v 0.0516 0.2134 0.8144
v 0.0502 0.2139 0.8149
v 0.0479 0.2316 0.8092
v 0.0534 0.1961 0.8163
v 0.0522 0.1965 0.8184
v 0.0504 0.1770 0.8208
v 0.0515 0.1765 0.8182
v 0.0454 0.1596 0.8196
v 0.0464 0.1590 0.8166
v 0.0376 0.1443 0.8167
v 0.0383 0.1436 0.8136
v 0.0267 0.1294 0.8139
v 0.0272 0.1286 0.8109
v 0.0147 0.1147 0.8130
v 0.0150 0.1139 0.8103
v 0.0031 0.1011 0.8132
v 0.0036 0.1004 0.8108
v 0.0017 0.1019 0.8147
v -0.0028 0.0944 0.8132
v -0.0017 0.1181 0.7900
v -0.0147 0.1032 0.7928
v -0.0160 0.1041 0.7942
v -0.0212 0.0971 0.7954
v -0.0197 0.0964 0.7939
v -0.0228 0.0944 0.7959
v -0.0213 0.0941 0.7945
v -0.0043 0.0918 0.8109
v -0.0055 0.0920 0.8128
v -0.0020 0.0940 0.8108
v -0.0055 0.0920 0.8128
v -0.0065 0.0927 0.8143
v -0.0043 0.0951 0.8147
v -0.0228 0.0944 0.7959
v -0.0234 0.0953 0.7976
v -0.0065 0.0927 0.8143
v -0.0234 0.0953 0.7976
v -0.0219 0.0978 0.7974
v -0.0165 0.1049 0.7965
v -0.0026 0.1193 0.7915
v 0.0147 0.1344 0.7885
v 0.0139 0.1356 0.7901
v 0.0296 0.1502 0.7905
v 0.0286 0.1511 0.7923
v 0.0404 0.1660 0.7938
v 0.0394 0.1668 0.7953
v 0.0470 0.1850 0.7948
v 0.0458 0.1857 0.7960
v 0.0496 0.2066 0.7921
v 0.0482 0.2071 0.7928
v 0.0471 0.2075 0.7946
v 0.0450 0.1862 0.7984
v 0.0467 0.2256 0.7900
v 0.0496 0.2248 0.7885
v 0.0450 0.2445 0.7855
v 0.0387 0.1674 0.7982
v 0.0282 0.1518 0.7952
v 0.0137 0.1365 0.7928
v -0.0028 0.1202 0.7939
v 0.0136 0.1156 0.8146
v 0.0257 0.1303 0.8157
v 0.0365 0.1451 0.8186
v 0.0443 0.1603 0.8213
v 0.0491 0.1777 0.8221
v 0.0509 0.1970 0.8193
v 0.0029 0.3564 0.7734
v -0.0044 0.3629 0.7742
v -0.0136 0.3668 0.7766
v -0.0235 0.3692 0.7807
v -0.0328 0.3726 0.7867
v -0.0400 0.3766 0.7936
v -0.0454 0.3810 0.8007
v -0.0499 0.3860 0.8075
v -0.0540 0.3923 0.8129
v -0.0581 0.3995 0.8166
v -0.0623 0.4070 0.8188
v -0.0671 0.4147 0.8204
v -0.0366 0.3952 0.7939
v 0.0198 0.3669 0.7690
v 0.0258 0.3555 0.7674
v 0.0300 0.3414 0.7673
v 0.0333 0.3235 0.7690
v 0.0358 0.3244 0.7706
v 0.0365 0.3032 0.7728
v 0.0396 0.2829 0.7766
v -0.0693 0.4260 0.8196
v -0.0834 0.4333 0.8194
v -0.0757 0.4307 0.8194
v -0.1272 0.4015 0.8221
v -0.1335 0.3928 0.8213
v -0.1374 0.3847 0.8202
v -0.1371 0.3758 0.7919
v -0.1382 0.3689 0.7905
v -0.1068 0.3492 0.7899
v -0.1067 0.3622 0.8205
v -0.1013 0.3650 0.8207
v -0.0942 0.3689 0.8204
v -0.0864 0.3726 0.8195
v -0.0780 0.3753 0.8184
v -0.0786 0.3772 0.8176
v -0.0691 0.3786 0.8163
v -0.0687 0.3764 0.8168
v -0.0588 0.3786 0.8138
v -0.0586 0.3761 0.8138
v -0.0489 0.3773 0.8090
v -0.0393 0.3756 0.8023
v -0.0487 0.3746 0.8083
v -0.0581 0.3733 0.8124
v -0.0681 0.3737 0.8160
v -0.0771 0.3727 0.8177
v -0.0644 0.3627 0.7857
v -0.0734 0.3611 0.7871
v -0.0649 0.3649 0.7853
v -0.0559 0.3668 0.7832
v -0.0562 0.3692 0.7831
v -0.0478 0.3712 0.7808
v -0.0480 0.3740 0.7814
v -0.0401 0.3761 0.7793
v -0.0392 0.3704 0.7985
v -0.0484 0.3719 0.8063
v -0.0393 0.3729 0.8009
v -0.0311 0.3711 0.7933
v -0.0309 0.3737 0.7953
v -0.0204 0.3714 0.7880
v -0.0209 0.3692 0.7855
v -0.0313 0.3691 0.7907
v -0.0212 0.3677 0.7828
v -0.0085 0.3662 0.7777
v -0.0191 0.3827 0.7772
v -0.0318 0.3800 0.7785
v -0.0313 0.3826 0.7804
v -0.0400 0.3788 0.7806
v -0.0399 0.3813 0.7827
v -0.0483 0.3766 0.7831
v -0.0567 0.3719 0.7844
v -0.0657 0.3675 0.7862
v -0.0745 0.3635 0.7878
v -0.0309 0.3846 0.7828
v -0.0183 0.3849 0.7796
v -0.0040 0.3842 0.7759
v -0.0012 0.3860 0.7782
v -0.0027 0.3871 0.7807
v -0.0178 0.3864 0.7822
v -0.0066 0.3672 0.7796
v -0.0077 0.3691 0.7825
v -0.0874 0.3744 0.8188
v -0.0953 0.3707 0.8197
v -0.1025 0.3667 0.8200
v -0.0219 0.0978 0.7974
v -0.0065 0.0927 0.8143
v -0.0234 0.0953 0.7976
v -0.0043 0.0951 0.8147
v -0.0165 0.1049 0.7965
v 0.0017 0.1019 0.8147
v -0.0028 0.1202 0.7939
v 0.0136 0.1156 0.8146
v 0.0137 0.1365 0.7928
v 0.0257 0.1303 0.8157
v 0.0282 0.1518 0.7952
v 0.0365 0.1451 0.8186
v 0.0387 0.1674 0.7982
v 0.0443 0.1603 0.8213
v 0.0491 0.1777 0.8221
v 0.0450 0.1862 0.7984
v 0.0509 0.1970 0.8193
v 0.0471 0.2075 0.7946
v 0.0502 0.2139 0.8149
v 0.0467 0.2256 0.7900
v 0.0479 0.2316 0.8092
v 0.0450 0.2445 0.7855
v 0.0442 0.2496 0.8032
v 0.0426 0.2632 0.7810
v 0.0389 0.2682 0.7966
v 0.0396 0.2829 0.7766
v 0.0325 0.2870 0.7895
v 0.0365 0.3032 0.7728
v 0.0253 0.3050 0.7831
v 0.0333 0.3235 0.7690
v 0.0186 0.3210 0.7783
v 0.0300 0.3414 0.7673
v 0.0132 0.3346 0.7752
v 0.0258 0.3555 0.7674
v 0.0083 0.3469 0.7737
v 0.0198 0.3669 0.7690
v 0.0029 0.3564 0.7734
v 0.0118 0.3742 0.7711
v -0.0044 0.3629 0.7742
v 0.0015 0.3786 0.7734
v -0.0100 0.3815 0.7762
v -0.0136 0.3668 0.7766
v -0.0205 0.3840 0.7797
v -0.0235 0.3692 0.7807
v -0.0328 0.3726 0.7867
v -0.0287 0.3866 0.7840
v -0.0348 0.3891 0.7876
v -0.0400 0.3766 0.7936
v -0.0399 0.3913 0.7901
v -0.0454 0.3810 0.8007
v -0.0453 0.3935 0.7914
v -0.0499 0.3860 0.8075
v -0.0540 0.3923 0.8129
v -0.0509 0.3957 0.7918
v -0.0571 0.3980 0.7919
v -0.0581 0.3995 0.8166
v -0.0637 0.4004 0.7922
v -0.0623 0.4070 0.8188
v -0.0708 0.4035 0.7934
v -0.0671 0.4147 0.8204
v -0.0772 0.4065 0.7947
v -0.0725 0.4213 0.8212
v -0.0830 0.4089 0.7954
v -0.0784 0.4259 0.8214
v -0.0851 0.4283 0.8215
v -0.0889 0.4104 0.7957
v -0.0924 0.4281 0.8218
v -0.0950 0.4104 0.7957
v -0.0998 0.4255 0.8223
v -0.1016 0.4086 0.7955
v -0.1069 0.4211 0.8226
v -0.1083 0.4053 0.7954
v -0.1132 0.4157 0.8227
v -0.1145 0.4012 0.7953
v -0.1200 0.4093 0.8225
v -0.1210 0.3961 0.7950
v -0.1272 0.4015 0.8221
v -0.1276 0.3897 0.7944
v -0.1335 0.3928 0.8213
v -0.1334 0.3827 0.7933
v -0.1374 0.3847 0.8202
v -0.1371 0.3758 0.7919
v -0.1387 0.3774 0.8189
v -0.1382 0.3689 0.7905
v -0.1378 0.3711 0.8177
v -0.1371 0.3624 0.7891
v -0.1357 0.3668 0.8171
v -0.1344 0.3574 0.7882
v -0.1327 0.3638 0.8169
v -0.1306 0.3535 0.7878
v -0.1296 0.3618 0.8170
v -0.1264 0.3509 0.7878
v -0.1218 0.3492 0.7881
v -0.1259 0.3607 0.8174
v -0.1168 0.3483 0.7886
v -0.1216 0.3602 0.8179
v -0.1118 0.3484 0.7893
v -0.1172 0.3607 0.8186
v -0.1068 0.3492 0.7899
v -0.1125 0.3620 0.8193
v -0.1020 0.3507 0.7905
v -0.1077 0.3640 0.8198
v -0.0970 0.3528 0.7906
v -0.1025 0.3667 0.8200
v -0.0902 0.3561 0.7902
v -0.0953 0.3707 0.8197
v -0.0827 0.3597 0.7891
v -0.0874 0.3744 0.8188
v -0.0745 0.3635 0.7878
v -0.0786 0.3772 0.8176
v -0.0657 0.3675 0.7862
v -0.0691 0.3786 0.8163
v -0.0567 0.3719 0.7844
v -0.0588 0.3786 0.8138
v -0.0483 0.3766 0.7831
v -0.0489 0.3773 0.8090
v -0.0393 0.3756 0.8023
v -0.0399 0.3813 0.7827
v -0.0309 0.3737 0.7953
v -0.0309 0.3846 0.7828
v -0.0204 0.3714 0.7880
v -0.0178 0.3864 0.7822
v -0.0077 0.3691 0.7825
v -0.0027 0.3871 0.7807
v 0.0002 0.3948 0.7815
v -0.0002 0.3970 0.7838
v -0.0012 0.3959 0.7802
v -0.0021 0.3979 0.7811
v -0.0032 0.3954 0.7775
v -0.0230 0.3929 0.7875
v -0.0017 0.3947 0.7785
v -0.0010 0.3914 0.7769
v -0.0051 0.3927 0.7804
v -0.0044 0.3914 0.7804
v -0.0022 0.3880 0.7808
v 0.0027 0.3911 0.7825
v 0.0026 0.3929 0.7853
v 0.0068 0.3873 0.7874
v -0.0178 0.3875 0.7921
v -0.0208 0.3920 0.7908
v -0.0221 0.3895 0.7890
v -0.0237 0.3906 0.7871
v -0.0240 0.3897 0.7830
v -0.0241 0.3885 0.7844
v -0.0229 0.3843 0.7824
v -0.0196 0.3886 0.7842
v -0.0197 0.3893 0.7849
v -0.0187 0.3880 0.7852
v -0.0193 0.3852 0.7898
v -0.0162 0.3842 0.7855
v -0.0149 0.3791 0.7908
v -0.0120 0.3783 0.7863
v -0.0104 0.3734 0.7917
v -0.0079 0.3729 0.7870
v -0.0051 0.3695 0.7869
v -0.0074 0.3692 0.7912
v -0.0089 0.3752 0.7943
v -0.0056 0.3703 0.7936
v -0.0043 0.3657 0.7907
v 0.0129 0.3773 0.7886
v 0.0104 0.3819 0.7888
v 0.0068 0.3858 0.7844
v 0.0103 0.3806 0.7856
v 0.0126 0.3768 0.7858
v 0.0138 0.3731 0.7863
v 0.0133 0.3722 0.7823
v 0.0131 0.3700 0.7820
v 0.0116 0.3724 0.7795
v 0.0107 0.3698 0.7775
v 0.0086 0.3749 0.7772
v 0.0072 0.3726 0.7747
v 0.0053 0.3793 0.7763
v 0.0037 0.3774 0.7737
v -0.0110 0.3651 0.7786
v -0.0074 0.3625 0.7810
v -0.0049 0.3625 0.7856
v -0.0063 0.3641 0.7862
v -0.0061 0.3660 0.7894
v -0.0083 0.3644 0.7832
v -0.0040 0.3678 0.7863
v -0.0038 0.3672 0.7853
v -0.0049 0.3679 0.7843
v -0.0076 0.3701 0.7831
v -0.0114 0.3667 0.7813
v -0.0147 0.3698 0.7782
v -0.0149 0.3710 0.7810
v -0.0109 0.3740 0.7825
v 0.0055 0.3754 0.7807
v 0.0022 0.3795 0.7797
v 0.0081 0.3732 0.7821
v 0.0091 0.3726 0.7830
v 0.0135 0.3740 0.7845
v 0.0088 0.3731 0.7834
v 0.0078 0.3745 0.7837
v 0.0054 0.3776 0.7833
v 0.0018 0.3826 0.7820
v -0.0133 0.3812 0.7934
v -0.0183 0.3860 0.7834
v -0.0195 0.3778 0.7814
v -0.0152 0.3805 0.7828
v -0.0149 0.3710 0.7810
v -0.0109 0.3740 0.7825
v -0.0194 0.3768 0.7785
v -0.0229 0.3839 0.7798
v -0.0026 0.3906 0.7747
v 0.0015 0.3857 0.7762
v -0.0001 0.3841 0.7736
v 0.0053 0.3793 0.7763
v 0.0037 0.3774 0.7737
v 0.0022 0.3795 0.7797
v -0.0016 0.3856 0.7794
v -0.0051 0.3926 0.7804
v -0.0041 0.3906 0.7799
v -0.0147 0.3698 0.7782
vt 0.5494 0.1394
vt 0.5676 0.1513
vt 0.5502 0.1581
vt 0.5325 0.1437
vt 0.5502 0.1581
vt 0.5323 0.1634
vt 0.5150 0.1496
vt 0.5323 0.1634
vt 0.5147 0.1679
vt 0.5147 0.1679
vt 0.5308 0.1779
vt 0.5141 0.1809
vt 0.5141 0.1809
vt 0.5277 0.1915
vt 0.5127 0.1933
vt 0.4982 0.1827
vt 0.5127 0.1933
vt 0.4982 0.1942
vt 0.4982 0.1942
vt 0.5112 0.2011
vt 0.4982 0.2015
vt 0.4982 0.2015
vt 0.5097 0.2085
vt 0.4982 0.2087
vt 0.4982 0.2087
vt 0.5084 0.2156
vt 0.4982 0.2157
vt 0.4982 0.2157
vt 0.5072 0.2224
vt 0.4982 0.2225
vt 0.4982 0.2225
vt 0.5061 0.2296
vt 0.4982 0.2296
vt 0.4982 0.2296
vt 0.5052 0.2372
vt 0.4982 0.2373
vt 0.4982 0.2373
vt 0.5045 0.2459
vt 0.4982 0.2459
vt 0.4982 0.2459
vt 0.5037 0.2558
vt 0.4982 0.2557
vt 0.4982 0.2557
vt 0.5031 0.2672
vt 0.4982 0.2670
vt 0.4982 0.2796
vt 0.4933 0.2672
vt 0.4926 0.2558
vt 0.4926 0.2558
vt 0.4884 0.2677
vt 0.4871 0.2560
vt 0.4802 0.2576
vt 0.4919 0.2459
vt 0.4871 0.2560
vt 0.4857 0.2460
vt 0.4784 0.2472
vt 0.4842 0.2373
vt 0.4857 0.2460
vt 0.4911 0.2372
vt 0.4762 0.2382
vt 0.4703 0.2495
vt 0.4677 0.2401
vt 0.4762 0.2382
vt 0.4824 0.2296
vt 0.4762 0.2382
vt 0.4732 0.2303
vt 0.4803 0.2224
vt 0.4732 0.2303
vt 0.4699 0.2229
vt 0.4780 0.2154
vt 0.4699 0.2229
vt 0.4665 0.2157
vt 0.4542 0.2172
vt 0.4665 0.2157
vt 0.4583 0.2247
vt 0.4473 0.2274
vt 0.4423 0.2197
vt 0.4534 0.2348
vt 0.4631 0.2321
vt 0.4432 0.2384
vt 0.4595 0.2426
vt 0.4507 0.2454
vt 0.4595 0.2426
vt 0.4537 0.2548
vt 0.4507 0.2454
vt 0.4433 0.2475
vt 0.4458 0.2565
vt 0.4423 0.2482
vt 0.4446 0.2568
vt 0.4467 0.2668
vt 0.4455 0.2671
vt 0.4502 0.2792
vt 0.4467 0.2668
vt 0.4516 0.2787
vt 0.4578 0.2943
vt 0.4516 0.2787
vt 0.4592 0.2939
vt 0.4592 0.3109
vt 0.4592 0.2939
vt 0.4606 0.3107
vt 0.4622 0.3237
vt 0.4672 0.3066
vt 0.4684 0.3205
vt 0.4661 0.3362
vt 0.4609 0.3241
vt 0.4622 0.3237
vt 0.4711 0.3334
vt 0.4710 0.3498
vt 0.4648 0.3368
vt 0.4661 0.3362
vt 0.4744 0.3468
vt 0.4721 0.3649
vt 0.4697 0.3502
vt 0.4710 0.3498
vt 0.4756 0.3612
vt 0.4735 0.3778
vt 0.4708 0.3652
vt 0.4721 0.3649
vt 0.4773 0.3742
vt 0.4764 0.3887
vt 0.4723 0.3783
vt 0.4735 0.3778
vt 0.4795 0.3857
vt 0.4787 0.3985
vt 0.4752 0.3892
vt 0.4764 0.3887
vt 0.4813 0.3965
vt 0.4774 0.3987
vt 0.4774 0.4105
vt 0.4761 0.4105
vt 0.4767 0.4231
vt 0.4754 0.4234
vt 0.4787 0.4351
vt 0.4773 0.4354
vt 0.4815 0.4464
vt 0.4802 0.4465
vt 0.4807 0.4587
vt 0.4795 0.4586
vt 0.4795 0.4714
vt 0.4782 0.4714
vt 0.4789 0.4868
vt 0.4782 0.4585
vt 0.4788 0.4467
vt 0.4768 0.4714
vt 0.4775 0.4869
vt 0.4789 0.4868
vt 0.4797 0.5037
vt 0.4775 0.4869
vt 0.4811 0.5038
vt 0.4824 0.5039
vt 0.4788 0.5212
vt 0.4811 0.5038
vt 0.4802 0.4867
vt 0.4775 0.5210
vt 0.4788 0.5212
vt 0.4764 0.5339
vt 0.4775 0.5210
vt 0.4777 0.5339
vt 0.4800 0.5213
vt 0.4791 0.5339
vt 0.4832 0.5339
vt 0.4836 0.5201
vt 0.4871 0.5339
vt 0.4832 0.5339
vt 0.4872 0.5190
vt 0.4903 0.5339
vt 0.4871 0.5339
vt 0.4903 0.5184
vt 0.4881 0.5027
vt 0.4851 0.5033
vt 0.4872 0.5190
vt 0.4836 0.5201
vt 0.4874 0.4870
vt 0.4851 0.5033
vt 0.4838 0.4870
vt 0.4873 0.4725
vt 0.4838 0.4870
vt 0.4834 0.4721
vt 0.4877 0.4590
vt 0.4834 0.4721
vt 0.4842 0.4590
vt 0.4844 0.4462
vt 0.4873 0.4725
vt 0.4877 0.4590
vt 0.4906 0.4586
vt 0.4905 0.4725
vt 0.4905 0.4725
vt 0.4905 0.4869
vt 0.4874 0.4870
vt 0.4908 0.5023
vt 0.4935 0.5021
vt 0.4908 0.5023
vt 0.4935 0.5183
vt 0.4903 0.5184
vt 0.4936 0.5339
vt 0.4936 0.5339
vt 0.4935 0.5183
vt 0.4959 0.5189
vt 0.4958 0.5022
vt 0.4961 0.5339
vt 0.4972 0.5197
vt 0.4971 0.5025
vt 0.4972 0.5339
vt 0.4982 0.5204
vt 0.4982 0.5026
vt 0.4992 0.5197
vt 0.4982 0.5204
vt 0.4991 0.5339
vt 0.4982 0.5339
vt 0.5003 0.5339
vt 0.5004 0.5189
vt 0.5027 0.5339
vt 0.5003 0.5339
vt 0.5029 0.5183
vt 0.5006 0.5022
vt 0.4992 0.5025
vt 0.5005 0.4862
vt 0.4992 0.5025
vt 0.4992 0.4858
vt 0.5004 0.4713
vt 0.4992 0.4858
vt 0.4991 0.4705
vt 0.5007 0.4571
vt 0.4993 0.4564
vt 0.4993 0.4564
vt 0.4982 0.4695
vt 0.4982 0.4559
vt 0.4996 0.4429
vt 0.4982 0.4559
vt 0.4982 0.4426
vt 0.4998 0.4291
vt 0.4982 0.4426
vt 0.4982 0.4289
vt 0.5000 0.4155
vt 0.4982 0.4289
vt 0.4982 0.4153
vt 0.4982 0.4022
vt 0.4960 0.4024
vt 0.4960 0.4024
vt 0.4963 0.4155
vt 0.4937 0.4030
vt 0.4937 0.4030
vt 0.4943 0.4162
vt 0.4909 0.4040
vt 0.4915 0.4173
vt 0.4948 0.4297
vt 0.4921 0.4307
vt 0.4953 0.4434
vt 0.4930 0.4443
vt 0.4890 0.4319
vt 0.4930 0.4443
vt 0.4903 0.4451
vt 0.4859 0.4330
vt 0.4903 0.4451
vt 0.4876 0.4458
vt 0.4822 0.4341
vt 0.4876 0.4458
vt 0.4844 0.4462
vt 0.4806 0.4218
vt 0.4859 0.4330
vt 0.4822 0.4341
vt 0.4846 0.4202
vt 0.4890 0.4319
vt 0.4859 0.4330
vt 0.4880 0.4187
vt 0.4845 0.4071
vt 0.4808 0.4089
vt 0.4846 0.4202
vt 0.4806 0.4218
vt 0.4877 0.4055
vt 0.4877 0.4055
vt 0.4874 0.3926
vt 0.4909 0.4040
vt 0.4904 0.3911
vt 0.4956 0.3896
vt 0.4937 0.4030
vt 0.4931 0.3901
vt 0.4927 0.3774
vt 0.4931 0.3901
vt 0.4896 0.3785
vt 0.4886 0.3657
vt 0.4847 0.3679
vt 0.4896 0.3785
vt 0.4862 0.3804
vt 0.4811 0.3707
vt 0.4862 0.3804
vt 0.4829 0.3827
vt 0.4829 0.3827
vt 0.4874 0.3926
vt 0.4845 0.3944
vt 0.4796 0.3575
vt 0.4847 0.3679
vt 0.4811 0.3707
vt 0.4836 0.3546
vt 0.4786 0.3434
vt 0.4827 0.3406
vt 0.4764 0.3300
vt 0.4813 0.3271
vt 0.4746 0.3168
vt 0.4800 0.3136
vt 0.4737 0.3028
vt 0.4794 0.2995
vt 0.4725 0.2882
vt 0.4656 0.2914
vt 0.4737 0.3028
vt 0.4672 0.3066
vt 0.4684 0.2749
vt 0.4656 0.2914
vt 0.4602 0.2775
vt 0.4647 0.2630
vt 0.4602 0.2775
vt 0.4557 0.2655
vt 0.4647 0.2630
vt 0.4754 0.2721
vt 0.4684 0.2749
vt 0.4684 0.2749
vt 0.4784 0.2852
vt 0.4725 0.2882
vt 0.4754 0.2721
vt 0.4843 0.2825
vt 0.4784 0.2852
vt 0.4784 0.2852
vt 0.4852 0.2967
vt 0.4794 0.2995
vt 0.4856 0.3108
vt 0.4863 0.3246
vt 0.4871 0.3384
vt 0.4878 0.3523
vt 0.4917 0.3509
vt 0.4923 0.3643
vt 0.4878 0.3523
vt 0.4952 0.3636
vt 0.4949 0.3501
vt 0.4913 0.3369
vt 0.4917 0.3509
vt 0.4871 0.3384
vt 0.4911 0.3230
vt 0.4913 0.3369
vt 0.4863 0.3246
vt 0.4948 0.3362
vt 0.4947 0.3222
vt 0.4907 0.3090
vt 0.4911 0.3230
vt 0.4856 0.3108
vt 0.4903 0.2947
vt 0.4907 0.3090
vt 0.4852 0.2967
vt 0.4945 0.3081
vt 0.4942 0.2938
vt 0.4896 0.2807
vt 0.4903 0.2947
vt 0.4843 0.2825
vt 0.4823 0.2694
vt 0.4884 0.2677
vt 0.4939 0.2799
vt 0.4896 0.2807
vt 0.4982 0.2796
vt 0.4982 0.2935
vt 0.4939 0.2799
vt 0.5025 0.2799
vt 0.5021 0.2938
vt 0.5068 0.2807
vt 0.5080 0.2677
vt 0.5025 0.2799
vt 0.5031 0.2672
vt 0.5141 0.2694
vt 0.5068 0.2807
vt 0.5080 0.2677
vt 0.5162 0.2576
vt 0.5121 0.2825
vt 0.5060 0.2947
vt 0.5111 0.2967
vt 0.5057 0.3090
vt 0.5060 0.2947
vt 0.5060 0.2947
vt 0.5019 0.3081
vt 0.5021 0.2938
vt 0.4982 0.3078
vt 0.5019 0.3081
vt 0.4982 0.3220
vt 0.4982 0.3078
vt 0.5017 0.3222
vt 0.5017 0.3222
vt 0.5057 0.3090
vt 0.5053 0.3230
vt 0.5100 0.3246
vt 0.5051 0.3369
vt 0.5053 0.3230
vt 0.5107 0.3108
vt 0.5016 0.3362
vt 0.4982 0.3359
vt 0.5016 0.3362
vt 0.4982 0.3497
vt 0.4982 0.3359
vt 0.5014 0.3501
vt 0.5014 0.3501
vt 0.5051 0.3369
vt 0.5047 0.3509
vt 0.5086 0.3523
vt 0.5041 0.3643
vt 0.5047 0.3509
vt 0.5093 0.3384
vt 0.5012 0.3636
vt 0.4982 0.3633
vt 0.4982 0.3633
vt 0.5009 0.3768
vt 0.4982 0.3765
vt 0.4982 0.3765
vt 0.5008 0.3896
vt 0.4982 0.3894
vt 0.4982 0.3894
vt 0.5004 0.4024
vt 0.4982 0.4022
vt 0.5027 0.4030
vt 0.5000 0.4155
vt 0.5004 0.4024
vt 0.5020 0.4162
vt 0.5049 0.4173
vt 0.5016 0.4297
vt 0.5020 0.4162
vt 0.5055 0.4040
vt 0.5027 0.4030
vt 0.5008 0.3896
vt 0.5033 0.3901
vt 0.5033 0.3901
vt 0.5067 0.3785
vt 0.5060 0.3911
vt 0.5102 0.3804
vt 0.5036 0.3774
vt 0.5077 0.3657
vt 0.5036 0.3774
vt 0.5041 0.3643
vt 0.5128 0.3546
vt 0.5077 0.3657
vt 0.5086 0.3523
vt 0.5136 0.3406
vt 0.5086 0.3523
vt 0.5093 0.3384
vt 0.5151 0.3271
vt 0.5093 0.3384
vt 0.5100 0.3246
vt 0.5163 0.3136
vt 0.5100 0.3246
vt 0.5107 0.3108
vt 0.5169 0.2995
vt 0.5107 0.3108
vt 0.5111 0.2967
vt 0.5180 0.2852
vt 0.5111 0.2967
vt 0.5121 0.2825
vt 0.5210 0.2721
vt 0.5240 0.2602
vt 0.5093 0.2560
vt 0.5093 0.2560
vt 0.5045 0.2459
vt 0.5107 0.2460
vt 0.5122 0.2373
vt 0.5180 0.2472
vt 0.5107 0.2460
vt 0.5201 0.2382
vt 0.5261 0.2495
vt 0.5201 0.2382
vt 0.5286 0.2401
vt 0.5340 0.2522
vt 0.5286 0.2401
vt 0.5369 0.2426
vt 0.5457 0.2454
vt 0.5427 0.2548
vt 0.5369 0.2426
vt 0.5369 0.2426
vt 0.5333 0.2321
vt 0.5429 0.2348
vt 0.5429 0.2348
vt 0.5380 0.2247
vt 0.5491 0.2274
vt 0.5491 0.2274
vt 0.5422 0.2172
vt 0.5541 0.2197
vt 0.5541 0.2197
vt 0.5664 0.2233
vt 0.5606 0.2312
vt 0.5606 0.2312
vt 0.5531 0.2384
vt 0.5491 0.2274
vt 0.5457 0.2454
vt 0.5531 0.2384
vt 0.5531 0.2475
vt 0.5506 0.2565
vt 0.5531 0.2475
vt 0.5540 0.2482
vt 0.5518 0.2568
vt 0.5496 0.2668
vt 0.5509 0.2671
vt 0.5461 0.2792
vt 0.5522 0.2675
vt 0.5474 0.2799
vt 0.5531 0.2570
vt 0.5531 0.2570
vt 0.5540 0.2482
vt 0.5549 0.2489
vt 0.5628 0.2433
vt 0.5718 0.2367
vt 0.5628 0.2433
vt 0.5622 0.2423
vt 0.5615 0.2414
vt 0.5711 0.2358
vt 0.5622 0.2423
vt 0.5702 0.2350
vt 0.5777 0.2276
vt 0.5767 0.2270
vt 0.5823 0.2197
vt 0.5812 0.2190
vt 0.5876 0.2138
vt 0.5867 0.2129
vt 0.5962 0.2083
vt 0.5867 0.2024
vt 0.5974 0.1959
vt 0.5867 0.2024
vt 0.5835 0.1885
vt 0.5730 0.1960
vt 0.5688 0.1825
vt 0.5835 0.1885
vt 0.5835 0.1885
vt 0.5836 0.1740
vt 0.5953 0.1816
vt 0.6077 0.1883
vt 0.5974 0.1959
vt 0.5953 0.1816
vt 0.6073 0.1743
vt 0.5953 0.1816
vt 0.5972 0.1662
vt 0.6098 0.1603
vt 0.6194 0.1689
vt 0.6016 0.1503
vt 0.5887 0.1564
vt 0.5957 0.1382
vt 0.6078 0.1337
vt 0.6136 0.1454
vt 0.6199 0.1298
vt 0.6253 0.1408
vt 0.6253 0.1408
vt 0.6377 0.1358
vt 0.6326 0.1504
vt 0.6411 0.1589
vt 0.6326 0.1504
vt 0.6443 0.1451
vt 0.6584 0.1398
vt 0.6523 0.1532
vt 0.6443 0.1451
vt 0.6377 0.1358
vt 0.6516 0.1303
vt 0.6443 0.1451
vt 0.6467 0.1196
vt 0.6662 0.1244
vt 0.6807 0.1189
vt 0.6726 0.1340
vt 0.6662 0.1244
vt 0.6762 0.1091
vt 0.6952 0.1137
vt 0.6862 0.1277
vt 0.6807 0.1189
vt 0.6912 0.1048
vt 0.6998 0.1217
vt 0.6926 0.1359
vt 0.6998 0.1217
vt 0.7049 0.1294
vt 0.7102 0.1366
vt 0.6994 0.1434
vt 0.7049 0.1294
vt 0.7049 0.1294
vt 0.7139 0.1167
vt 0.7186 0.1249
vt 0.7186 0.1249
vt 0.7277 0.1119
vt 0.7322 0.1203
vt 0.7411 0.1065
vt 0.7375 0.0984
vt 0.7277 0.1119
vt 0.7236 0.1032
vt 0.7236 0.1032
vt 0.7139 0.1167
vt 0.7095 0.1083
vt 0.7056 0.0992
vt 0.7198 0.0937
vt 0.7165 0.0839
vt 0.7342 0.0895
vt 0.7198 0.0937
vt 0.7021 0.0896
vt 0.6876 0.0955
vt 0.7056 0.0992
vt 0.6912 0.1048
vt 0.6876 0.0955
vt 0.6762 0.1091
vt 0.6725 0.0987
vt 0.6576 0.1022
vt 0.6725 0.0987
vt 0.6693 0.0884
vt 0.6844 0.0868
vt 0.7021 0.0896
vt 0.6844 0.0868
vt 0.6989 0.0801
vt 0.7165 0.0839
vt 0.6989 0.0801
vt 0.7137 0.0737
vt 0.7284 0.0708
vt 0.7281 0.0694
vt 0.7137 0.0737
vt 0.7132 0.0724
vt 0.7132 0.0724
vt 0.6989 0.0801
vt 0.6984 0.0788
vt 0.6984 0.0788
vt 0.6844 0.0868
vt 0.6840 0.0853
vt 0.6840 0.0853
vt 0.6693 0.0884
vt 0.6691 0.0869
vt 0.6691 0.0869
vt 0.6549 0.0905
vt 0.6545 0.0891
vt 0.6415 0.0965
vt 0.6410 0.0951
vt 0.6283 0.1031
vt 0.6433 0.1079
vt 0.6295 0.1138
vt 0.6327 0.1254
vt 0.6164 0.1175
vt 0.6295 0.1138
vt 0.6147 0.1057
vt 0.6199 0.1298
vt 0.6038 0.1205
vt 0.6164 0.1175
vt 0.6013 0.1072
vt 0.5891 0.1105
vt 0.6038 0.1205
vt 0.5917 0.1244
vt 0.5957 0.1382
vt 0.5794 0.1299
vt 0.5917 0.1244
vt 0.5781 0.1161
vt 0.5828 0.1441
vt 0.5651 0.1359
vt 0.5828 0.1441
vt 0.5676 0.1513
vt 0.5738 0.1642
vt 0.5524 0.1769
vt 0.5431 0.1906
vt 0.5308 0.1779
vt 0.5524 0.1769
vt 0.5584 0.1920
vt 0.5524 0.1769
vt 0.5688 0.1825
vt 0.5513 0.2011
vt 0.5431 0.1906
vt 0.5584 0.1920
vt 0.5645 0.2039
vt 0.5584 0.1920
vt 0.5730 0.1960
vt 0.5730 0.1960
vt 0.5867 0.2024
vt 0.5775 0.2085
vt 0.5645 0.2039
vt 0.5775 0.2085
vt 0.5714 0.2155
vt 0.5587 0.2118
vt 0.5513 0.2011
vt 0.5587 0.2118
vt 0.5462 0.2094
vt 0.5376 0.1999
vt 0.5333 0.2082
vt 0.5242 0.2002
vt 0.5376 0.1999
vt 0.5211 0.2081
vt 0.5184 0.2154
vt 0.5097 0.2085
vt 0.5211 0.2081
vt 0.5298 0.2157
vt 0.5265 0.2229
vt 0.5184 0.2154
vt 0.5298 0.2157
vt 0.5160 0.2224
vt 0.5232 0.2303
vt 0.5140 0.2296
vt 0.5515 0.1225
vt 0.5651 0.1359
vt 0.5494 0.1394
vt 0.5344 0.1252
vt 0.5494 0.1394
vt 0.5325 0.1437
vt 0.5163 0.1310
vt 0.5325 0.1437
vt 0.5150 0.1496
vt 0.4982 0.1544
vt 0.4982 0.1362
vt 0.4982 0.1709
vt 0.4817 0.1679
vt 0.4823 0.1809
vt 0.4641 0.1634
vt 0.4814 0.1496
vt 0.4817 0.1679
vt 0.4655 0.1779
vt 0.4462 0.1581
vt 0.4639 0.1437
vt 0.4641 0.1634
vt 0.4439 0.1769
vt 0.4287 0.1513
vt 0.4470 0.1394
vt 0.4462 0.1581
vt 0.4225 0.1642
vt 0.4312 0.1359
vt 0.4448 0.1225
vt 0.4312 0.1359
vt 0.4304 0.1215
vt 0.4169 0.1299
vt 0.4135 0.1441
vt 0.4169 0.1299
vt 0.4135 0.1441
vt 0.4007 0.1382
vt 0.4047 0.1244
vt 0.4183 0.1161
vt 0.4072 0.1105
vt 0.4072 0.1105
vt 0.3925 0.1205
vt 0.3951 0.1072
vt 0.3951 0.1072
vt 0.3799 0.1175
vt 0.3817 0.1057
vt 0.3817 0.1057
vt 0.3669 0.1138
vt 0.3681 0.1031
vt 0.3531 0.1079
vt 0.3799 0.1175
vt 0.3637 0.1254
vt 0.3669 0.1138
vt 0.3497 0.1196
vt 0.3587 0.1358
vt 0.3764 0.1298
vt 0.3710 0.1408
vt 0.3764 0.1298
vt 0.3925 0.1205
vt 0.3886 0.1337
vt 0.3828 0.1454
vt 0.3947 0.1503
vt 0.3750 0.1554
vt 0.3710 0.1408
vt 0.3828 0.1454
vt 0.3865 0.1603
vt 0.3769 0.1689
vt 0.3865 0.1603
vt 0.3891 0.1743
vt 0.3992 0.1662
vt 0.3992 0.1662
vt 0.3947 0.1503
vt 0.4077 0.1564
vt 0.4127 0.1740
vt 0.4010 0.1816
vt 0.4129 0.1885
vt 0.4010 0.1816
vt 0.4127 0.1740
vt 0.4276 0.1825
vt 0.4234 0.1960
vt 0.4379 0.1920
vt 0.4097 0.2024
vt 0.4318 0.2039
vt 0.4188 0.2085
vt 0.4188 0.2085
vt 0.4318 0.2039
vt 0.4250 0.2155
vt 0.4377 0.2118
vt 0.4450 0.2011
vt 0.4501 0.2094
vt 0.4587 0.1999
vt 0.4533 0.1906
vt 0.4450 0.2011
vt 0.4379 0.1920
vt 0.4533 0.1906
vt 0.4655 0.1779
vt 0.4687 0.1915
vt 0.4687 0.1915
vt 0.4823 0.1809
vt 0.4837 0.1933
vt 0.4982 0.1942
vt 0.4851 0.2011
vt 0.4837 0.1933
vt 0.4721 0.2002
vt 0.4721 0.2002
vt 0.4630 0.2082
vt 0.4587 0.1999
vt 0.4753 0.2081
vt 0.4753 0.2081
vt 0.4851 0.2011
vt 0.4866 0.2085
vt 0.4982 0.2087
vt 0.4880 0.2156
vt 0.4866 0.2085
vt 0.4803 0.2224
vt 0.4880 0.2156
vt 0.4892 0.2224
vt 0.4824 0.2296
vt 0.4892 0.2224
vt 0.4902 0.2296
vt 0.4299 0.2233
vt 0.4152 0.2190
vt 0.4197 0.2270
vt 0.4141 0.2197
vt 0.4088 0.2138
vt 0.4152 0.2190
vt 0.4097 0.2129
vt 0.4002 0.2083
vt 0.3994 0.2093
vt 0.3892 0.2026
vt 0.4002 0.2083
vt 0.3990 0.1959
vt 0.3887 0.1883
vt 0.4010 0.1816
vt 0.3990 0.1959
vt 0.3891 0.1743
vt 0.3887 0.1883
vt 0.3785 0.1815
vt 0.3769 0.1689
vt 0.3785 0.1815
vt 0.3672 0.1769
vt 0.3564 0.1723
vt 0.3658 0.1642
vt 0.3672 0.1769
vt 0.3594 0.1842
vt 0.3705 0.1878
vt 0.3696 0.1890
vt 0.3792 0.1945
vt 0.3587 0.1855
vt 0.3486 0.1797
vt 0.3478 0.1809
vt 0.3383 0.1732
vt 0.3486 0.1797
vt 0.3461 0.1665
vt 0.3352 0.1603
vt 0.3440 0.1532
vt 0.3461 0.1665
vt 0.3553 0.1589
vt 0.3521 0.1451
vt 0.3638 0.1504
vt 0.3380 0.1398
vt 0.3447 0.1303
vt 0.3447 0.1303
vt 0.3301 0.1244
vt 0.3497 0.1196
vt 0.3497 0.1196
vt 0.3351 0.1137
vt 0.3531 0.1079
vt 0.3549 0.0965
vt 0.3388 0.1022
vt 0.3415 0.0905
vt 0.3271 0.0884
vt 0.3273 0.0869
vt 0.3239 0.0987
vt 0.3120 0.0868
vt 0.3271 0.0884
vt 0.3124 0.0853
vt 0.3088 0.0955
vt 0.3202 0.1091
vt 0.3051 0.1048
vt 0.3156 0.1189
vt 0.3011 0.1137
vt 0.3011 0.1137
vt 0.3102 0.1277
vt 0.2966 0.1217
vt 0.3038 0.1359
vt 0.2915 0.1294
vt 0.2966 0.1217
vt 0.2868 0.1083
vt 0.2825 0.1167
vt 0.2728 0.1032
vt 0.2868 0.1083
vt 0.2907 0.0992
vt 0.2907 0.0992
vt 0.2766 0.0937
vt 0.2943 0.0896
vt 0.2798 0.0839
vt 0.2974 0.0801
vt 0.2827 0.0737
vt 0.2680 0.0708
vt 0.2683 0.0694
vt 0.2652 0.0802
vt 0.2525 0.0688
vt 0.2680 0.0708
vt 0.2529 0.0673
vt 0.2361 0.0716
vt 0.2525 0.0688
vt 0.2503 0.0770
vt 0.2477 0.0856
vt 0.2338 0.0806
vt 0.2503 0.0770
vt 0.2622 0.0895
vt 0.2503 0.0770
vt 0.2652 0.0802
vt 0.2622 0.0895
vt 0.2728 0.1032
vt 0.2588 0.0984
vt 0.2588 0.0984
vt 0.2687 0.1119
vt 0.2553 0.1065
vt 0.2553 0.1065
vt 0.2641 0.1203
vt 0.2514 0.1145
vt 0.2597 0.1282
vt 0.2476 0.1219
vt 0.2514 0.1145
vt 0.2357 0.1152
vt 0.2332 0.1206
vt 0.2476 0.1219
vt 0.2443 0.1283
vt 0.2443 0.1283
vt 0.2556 0.1354
vt 0.2436 0.1296
vt 0.2550 0.1368
vt 0.2687 0.1409
vt 0.2556 0.1354
vt 0.2692 0.1395
vt 0.2809 0.1440
vt 0.2692 0.1395
vt 0.2816 0.1427
vt 0.2908 0.1502
vt 0.2899 0.1514
vt 0.2997 0.1594
vt 0.2908 0.1502
vt 0.3006 0.1582
vt 0.3121 0.1641
vt 0.3006 0.1582
vt 0.3128 0.1628
vt 0.3262 0.1672
vt 0.3128 0.1628
vt 0.3270 0.1659
vt 0.3373 0.1743
vt 0.3270 0.1659
vt 0.3383 0.1732
vt 0.3212 0.1562
vt 0.3352 0.1603
vt 0.3212 0.1562
vt 0.3300 0.1484
vt 0.3300 0.1484
vt 0.3237 0.1340
vt 0.3380 0.1398
vt 0.3162 0.1428
vt 0.3102 0.1277
vt 0.3237 0.1340
vt 0.3081 0.1507
vt 0.3038 0.1359
vt 0.3162 0.1428
vt 0.2970 0.1434
vt 0.2862 0.1366
vt 0.2825 0.1167
vt 0.2915 0.1294
vt 0.2778 0.1249
vt 0.2732 0.1326
vt 0.2641 0.1203
vt 0.2778 0.1249
vt 0.3365 0.1755
vt 0.3262 0.1672
vt 0.3373 0.1743
vt 0.3257 0.1686
vt 0.3119 0.1655
vt 0.3262 0.1672
vt 0.3119 0.1655
vt 0.2991 0.1606
vt 0.3121 0.1641
vt 0.2899 0.1514
vt 0.2991 0.1606
vt 0.2890 0.1525
vt 0.2809 0.1440
vt 0.2890 0.1525
vt 0.2803 0.1453
vt 0.2683 0.1422
vt 0.2683 0.1422
vt 0.2545 0.1381
vt 0.2687 0.1409
vt 0.2436 0.1296
vt 0.2545 0.1381
vt 0.2429 0.1308
vt 0.2327 0.1220
vt 0.2203 0.1178
vt 0.2327 0.1220
vt 0.2200 0.1192
vt 0.2073 0.1158
vt 0.2200 0.1192
vt 0.2069 0.1171
vt 0.1948 0.1108
vt 0.1824 0.1028
vt 0.1948 0.1108
vt 0.1820 0.1041
vt 0.1669 0.1022
vt 0.1820 0.1041
vt 0.1666 0.1034
vt 0.1535 0.1012
vt 0.1666 0.1034
vt 0.1532 0.1025
vt 0.1416 0.0976
vt 0.1532 0.1025
vt 0.1412 0.0989
vt 0.1300 0.0933
vt 0.1412 0.0989
vt 0.1297 0.0947
vt 0.1173 0.0940
vt 0.1198 0.0880
vt 0.1198 0.0880
vt 0.1077 0.0879
vt 0.1101 0.0802
vt 0.1101 0.0802
vt 0.0985 0.0786
vt 0.1001 0.0700
vt 0.1122 0.0715
vt 0.1223 0.0809
vt 0.1244 0.0728
vt 0.1349 0.0820
vt 0.1244 0.0728
vt 0.1371 0.0746
vt 0.1386 0.0671
vt 0.1371 0.0746
vt 0.1514 0.0693
vt 0.1496 0.0773
vt 0.1623 0.0800
vt 0.1471 0.0852
vt 0.1496 0.0773
vt 0.1643 0.0716
vt 0.1596 0.0882
vt 0.1596 0.0882
vt 0.1753 0.0823
vt 0.1728 0.0901
vt 0.1728 0.0901
vt 0.1887 0.0849
vt 0.1866 0.0920
vt 0.1866 0.0920
vt 0.2018 0.0890
vt 0.1994 0.0966
vt 0.1843 0.0982
vt 0.1994 0.0966
vt 0.1972 0.1035
vt 0.1972 0.1035
vt 0.2122 0.1014
vt 0.2096 0.1087
vt 0.2227 0.1116
vt 0.2149 0.0933
vt 0.2255 0.1046
vt 0.2122 0.1014
vt 0.2284 0.0970
vt 0.2388 0.1085
vt 0.2420 0.1012
vt 0.2312 0.0892
vt 0.2176 0.0851
vt 0.2176 0.0851
vt 0.2200 0.0762
vt 0.2338 0.0806
vt 0.2200 0.0762
vt 0.2224 0.0670
vt 0.2361 0.0716
vt 0.2381 0.0624
vt 0.2246 0.0573
vt 0.2105 0.0556
vt 0.2108 0.0542
vt 0.2082 0.0644
vt 0.1951 0.0536
vt 0.2105 0.0556
vt 0.1956 0.0522
vt 0.1799 0.0560
vt 0.1951 0.0536
vt 0.1936 0.0617
vt 0.1788 0.0654
vt 0.1936 0.0617
vt 0.1921 0.0699
vt 0.2061 0.0730
vt 0.1921 0.0699
vt 0.2082 0.0644
vt 0.1904 0.0778
vt 0.2040 0.0813
vt 0.1904 0.0778
vt 0.1753 0.0823
vt 0.1773 0.0744
vt 0.1788 0.0654
vt 0.1657 0.0621
vt 0.1799 0.0560
vt 0.1667 0.0523
vt 0.1527 0.0603
vt 0.1534 0.0509
vt 0.1676 0.0413
vt 0.1807 0.0459
vt 0.1678 0.0399
vt 0.1807 0.0459
vt 0.1676 0.0413
vt 0.1539 0.0409
vt 0.1402 0.0499
vt 0.1397 0.0587
vt 0.1272 0.0556
vt 0.1402 0.0499
vt 0.1397 0.0587
vt 0.1260 0.0646
vt 0.1397 0.0587
vt 0.1386 0.0671
vt 0.1260 0.0646
vt 0.1122 0.0715
vt 0.1138 0.0628
vt 0.1015 0.0613
vt 0.1138 0.0628
vt 0.1149 0.0532
vt 0.1272 0.0556
vt 0.1277 0.0463
vt 0.1156 0.0434
vt 0.1276 0.0366
vt 0.1277 0.0463
vt 0.1400 0.0410
vt 0.1402 0.0499
vt 0.1400 0.0410
vt 0.1276 0.0366
vt 0.1403 0.0395
vt 0.1280 0.0351
vt 0.1160 0.0331
vt 0.1163 0.0317
vt 0.1047 0.0322
vt 0.1047 0.0307
vt 0.0938 0.0319
vt 0.1166 0.0304
vt 0.1285 0.0339
vt 0.1047 0.0294
vt 0.1047 0.0294
vt 0.0938 0.0319
vt 0.0937 0.0306
vt 0.0825 0.0312
vt 0.0828 0.0299
vt 0.0690 0.0245
vt 0.0828 0.0299
vt 0.0686 0.0258
vt 0.0534 0.0226
vt 0.0686 0.0258
vt 0.0532 0.0243
vt 0.0515 0.0359
vt 0.0369 0.0258
vt 0.0532 0.0243
vt 0.0659 0.0377
vt 0.0505 0.0464
vt 0.0369 0.0374
vt 0.0515 0.0359
vt 0.0641 0.0476
vt 0.0369 0.0471
vt 0.0499 0.0563
vt 0.0630 0.0572
vt 0.0496 0.0653
vt 0.0369 0.0560
vt 0.0499 0.0563
vt 0.0625 0.0659
vt 0.0752 0.0667
vt 0.0626 0.0747
vt 0.0496 0.0653
vt 0.0625 0.0659
vt 0.0751 0.0747
vt 0.0497 0.0744
vt 0.0369 0.0641
vt 0.0369 0.0725
vt 0.0369 0.0804
vt 0.0501 0.0828
vt 0.0631 0.0825
vt 0.0369 0.0881
vt 0.0501 0.0828
vt 0.0507 0.0904
vt 0.0639 0.0910
vt 0.0507 0.0904
vt 0.0638 0.0895
vt 0.0762 0.0895
vt 0.0638 0.0895
vt 0.0762 0.0880
vt 0.0859 0.0916
vt 0.0762 0.0880
vt 0.0862 0.0901
vt 0.0954 0.0934
vt 0.0864 0.0838
vt 0.0969 0.0864
vt 0.1053 0.0961
vt 0.0954 0.0934
vt 0.1054 0.0947
vt 0.1172 0.0954
vt 0.1054 0.0947
vt 0.1173 0.0940
vt 0.1174 0.0968
vt 0.1053 0.0961
vt 0.1172 0.0954
vt 0.1296 0.0961
vt 0.1172 0.0954
vt 0.1297 0.0947
vt 0.1408 0.1003
vt 0.1530 0.1038
vt 0.1530 0.1038
vt 0.1666 0.1034
vt 0.1667 0.1048
vt 0.1667 0.1048
vt 0.1820 0.1041
vt 0.1817 0.1053
vt 0.1941 0.1120
vt 0.1817 0.1053
vt 0.1948 0.1108
vt 0.1953 0.1096
vt 0.1824 0.1028
vt 0.1669 0.1022
vt 0.1699 0.0967
vt 0.1566 0.0951
vt 0.1728 0.0901
vt 0.1699 0.0967
vt 0.1444 0.0919
vt 0.1596 0.0882
vt 0.1566 0.0951
vt 0.1324 0.0884
vt 0.1471 0.0852
vt 0.1444 0.0919
vt 0.2066 0.1184
vt 0.1941 0.1120
vt 0.2069 0.1171
vt 0.2066 0.1184
vt 0.2200 0.1192
vt 0.2198 0.1205
vt 0.2327 0.1220
vt 0.2322 0.1232
vt 0.2198 0.1205
vt 0.0950 0.0948
vt 0.0947 0.0962
vt 0.0859 0.0916
vt 0.0950 0.0948
vt 0.1053 0.0976
vt 0.0854 0.0930
vt 0.0762 0.0895
vt 0.0859 0.0916
vt 0.0761 0.0910
vt 0.0639 0.0910
vt 0.0762 0.0895
vt 0.0507 0.0919
vt 0.0369 0.0881
vt 0.0507 0.0919
vt 0.0369 0.0897
vt 0.0507 0.0933
vt 0.0640 0.0924
vt 0.0369 0.0912
vt 0.0631 0.0825
vt 0.0754 0.0820
vt 0.0762 0.0880
vt 0.0754 0.0820
vt 0.0870 0.0763
vt 0.0864 0.0838
vt 0.0751 0.0747
vt 0.0878 0.0683
vt 0.0870 0.0763
vt 0.0759 0.0588
vt 0.0878 0.0683
vt 0.0752 0.0667
vt 0.0889 0.0602
vt 0.0772 0.0502
vt 0.0901 0.0515
vt 0.0772 0.0502
vt 0.0793 0.0414
vt 0.0917 0.0425
vt 0.0821 0.0329
vt 0.0821 0.0329
vt 0.0659 0.0377
vt 0.0682 0.0273
vt 0.0938 0.0335
vt 0.1038 0.0422
vt 0.0938 0.0335
vt 0.1047 0.0322
vt 0.1028 0.0519
vt 0.1038 0.0422
vt 0.1156 0.0434
vt 0.0686 0.0258
vt 0.0369 0.0240
vt 0.0369 0.0224
vt 0.0535 0.0212
vt 0.0369 0.0240
vt 0.0690 0.0245
vt 0.0630 0.0572
vt 0.1015 0.0613
vt 0.1001 0.0700
vt 0.1540 0.0394
vt 0.1681 0.0387
vt 0.1540 0.0394
vt 0.1540 0.0381
vt 0.1540 0.0381
vt 0.1403 0.0395
vt 0.1406 0.0382
vt 0.1681 0.0387
vt 0.1817 0.0434
vt 0.1678 0.0399
vt 0.1811 0.0445
vt 0.1817 0.0434
vt 0.1960 0.0511
vt 0.1811 0.0445
vt 0.1960 0.0511
vt 0.2109 0.0529
vt 0.1956 0.0522
vt 0.2109 0.0529
vt 0.2253 0.0547
vt 0.2108 0.0542
vt 0.2249 0.0560
vt 0.2381 0.0624
vt 0.2249 0.0560
vt 0.2386 0.0611
vt 0.2392 0.0599
vt 0.2529 0.0673
vt 0.2386 0.0611
vt 0.2533 0.0661
vt 0.2685 0.0681
vt 0.2529 0.0673
vt 0.2685 0.0681
vt 0.2835 0.0711
vt 0.2683 0.0694
vt 0.2831 0.0724
vt 0.2974 0.0801
vt 0.2831 0.0724
vt 0.2980 0.0788
vt 0.2986 0.0776
vt 0.3127 0.0840
vt 0.2980 0.0788
vt 0.3127 0.0840
vt 0.3274 0.0856
vt 0.3124 0.0853
vt 0.3274 0.0856
vt 0.3422 0.0878
vt 0.3273 0.0869
vt 0.3418 0.0891
vt 0.3549 0.0965
vt 0.3418 0.0891
vt 0.3554 0.0951
vt 0.3681 0.1031
vt 0.3554 0.0951
vt 0.3684 0.1016
vt 0.3817 0.1057
vt 0.3684 0.1016
vt 0.3819 0.1042
vt 0.3951 0.1072
vt 0.3819 0.1042
vt 0.3954 0.1057
vt 0.4072 0.1105
vt 0.3954 0.1057
vt 0.4077 0.1090
vt 0.4189 0.1145
vt 0.4304 0.1215
vt 0.4189 0.1145
vt 0.4307 0.1197
vt 0.4448 0.1225
vt 0.4307 0.1197
vt 0.4449 0.1208
vt 0.4619 0.1252
vt 0.4800 0.1310
vt 0.4639 0.1437
vt 0.4619 0.1252
vt 0.4622 0.1234
vt 0.4800 0.1310
vt 0.4622 0.1234
vt 0.4804 0.1292
vt 0.4982 0.1362
vt 0.4804 0.1292
vt 0.4982 0.1341
vt 0.5160 0.1292
vt 0.5153 0.1276
vt 0.5342 0.1234
vt 0.5163 0.1310
vt 0.5160 0.1292
vt 0.5337 0.1218
vt 0.5514 0.1208
vt 0.5344 0.1252
vt 0.5342 0.1234
vt 0.5512 0.1192
vt 0.5657 0.1197
vt 0.5515 0.1225
vt 0.5514 0.1208
vt 0.5652 0.1183
vt 0.5659 0.1215
vt 0.5659 0.1215
vt 0.5775 0.1145
vt 0.5781 0.1161
vt 0.5891 0.1105
vt 0.5775 0.1145
vt 0.5887 0.1090
vt 0.6010 0.1057
vt 0.5881 0.1077
vt 0.6008 0.1043
vt 0.6145 0.1042
vt 0.6013 0.1072
vt 0.6010 0.1057
vt 0.6143 0.1028
vt 0.6279 0.1016
vt 0.6147 0.1057
vt 0.6145 0.1042
vt 0.6274 0.1004
vt 0.6274 0.1004
vt 0.6403 0.0939
vt 0.6410 0.0951
vt 0.6403 0.0939
vt 0.6542 0.0878
vt 0.6545 0.0891
vt 0.6542 0.0878
vt 0.6690 0.0856
vt 0.6691 0.0869
vt 0.6690 0.0856
vt 0.6837 0.0840
vt 0.6840 0.0853
vt 0.6837 0.0840
vt 0.6978 0.0776
vt 0.6984 0.0788
vt 0.6978 0.0776
vt 0.7128 0.0711
vt 0.7132 0.0724
vt 0.7128 0.0711
vt 0.7279 0.0681
vt 0.7281 0.0694
vt 0.7435 0.0673
vt 0.7284 0.0708
vt 0.7281 0.0694
vt 0.7312 0.0802
vt 0.7284 0.0708
vt 0.7439 0.0688
vt 0.7439 0.0688
vt 0.7602 0.0716
vt 0.7461 0.0770
vt 0.7461 0.0770
vt 0.7625 0.0806
vt 0.7486 0.0856
vt 0.7486 0.0856
vt 0.7652 0.0892
vt 0.7515 0.0938
vt 0.7544 0.1012
vt 0.7679 0.0970
vt 0.7575 0.1085
vt 0.7544 0.1012
vt 0.7544 0.1012
vt 0.7450 0.1145
vt 0.7411 0.1065
vt 0.7322 0.1203
vt 0.7450 0.1145
vt 0.7367 0.1282
vt 0.7488 0.1219
vt 0.7606 0.1152
vt 0.7488 0.1219
vt 0.7631 0.1206
vt 0.7520 0.1283
vt 0.7527 0.1296
vt 0.7407 0.1354
vt 0.7520 0.1283
vt 0.7637 0.1220
vt 0.7760 0.1178
vt 0.7606 0.1152
vt 0.7736 0.1116
vt 0.7631 0.1206
vt 0.7709 0.1046
vt 0.7842 0.1014
vt 0.7736 0.1116
vt 0.7867 0.1087
vt 0.7992 0.1035
vt 0.7814 0.0933
vt 0.7969 0.0966
vt 0.8120 0.0982
vt 0.7992 0.1035
vt 0.8140 0.1028
vt 0.8011 0.1096
vt 0.8016 0.1108
vt 0.7890 0.1158
vt 0.7890 0.1158
vt 0.7764 0.1192
vt 0.7760 0.1178
vt 0.7894 0.1171
vt 0.8022 0.1120
vt 0.7898 0.1184
vt 0.7894 0.1171
vt 0.7764 0.1192
vt 0.7898 0.1184
vt 0.7766 0.1205
vt 0.7637 0.1220
vt 0.7766 0.1205
vt 0.7642 0.1232
vt 0.7534 0.1308
vt 0.7418 0.1381
vt 0.7527 0.1296
vt 0.7534 0.1308
vt 0.7413 0.1368
vt 0.7277 0.1409
vt 0.7272 0.1395
vt 0.7272 0.1395
vt 0.7154 0.1440
vt 0.7147 0.1427
vt 0.7147 0.1427
vt 0.7065 0.1514
vt 0.7056 0.1502
vt 0.7056 0.1502
vt 0.6966 0.1594
vt 0.6958 0.1582
vt 0.6958 0.1582
vt 0.6842 0.1641
vt 0.6835 0.1628
vt 0.6835 0.1628
vt 0.6702 0.1672
vt 0.6694 0.1659
vt 0.6694 0.1659
vt 0.6591 0.1743
vt 0.6581 0.1732
vt 0.6581 0.1732
vt 0.6486 0.1809
vt 0.6478 0.1797
vt 0.6478 0.1797
vt 0.6377 0.1855
vt 0.6370 0.1842
vt 0.6370 0.1842
vt 0.6267 0.1890
vt 0.6259 0.1878
vt 0.6171 0.1945
vt 0.6181 0.1956
vt 0.6072 0.2026
vt 0.6080 0.2036
vt 0.5969 0.2093
vt 0.6087 0.2048
vt 0.6190 0.1966
vt 0.6190 0.1966
vt 0.6267 0.1890
vt 0.6273 0.1902
vt 0.6381 0.1868
vt 0.6492 0.1821
vt 0.6381 0.1868
vt 0.6377 0.1855
vt 0.6599 0.1755
vt 0.6492 0.1821
vt 0.6486 0.1809
vt 0.6599 0.1755
vt 0.6702 0.1672
vt 0.6706 0.1686
vt 0.6845 0.1655
vt 0.6842 0.1641
vt 0.6973 0.1606
vt 0.6845 0.1655
vt 0.6973 0.1606
vt 0.7065 0.1514
vt 0.7074 0.1525
vt 0.7074 0.1525
vt 0.7154 0.1440
vt 0.7160 0.1453
vt 0.7280 0.1422
vt 0.6087 0.2048
vt 0.5974 0.2105
vt 0.5969 0.2093
vt 0.5974 0.2105
vt 0.5882 0.2149
vt 0.5876 0.2138
vt 0.5833 0.2205
vt 0.5787 0.2284
vt 0.5823 0.2197
vt 0.5833 0.2205
vt 0.6178 0.1815
vt 0.6178 0.1815
vt 0.6194 0.1689
vt 0.6292 0.1769
vt 0.6399 0.1723
vt 0.6292 0.1769
vt 0.6305 0.1642
vt 0.6305 0.1642
vt 0.6214 0.1554
vt 0.6326 0.1504
vt 0.6502 0.1665
vt 0.6399 0.1723
vt 0.6411 0.1589
vt 0.6612 0.1603
vt 0.6502 0.1665
vt 0.6523 0.1532
vt 0.6664 0.1484
vt 0.6751 0.1562
vt 0.6612 0.1603
vt 0.6664 0.1484
vt 0.6664 0.1484
vt 0.6726 0.1340
vt 0.6802 0.1428
vt 0.6883 0.1507
vt 0.6802 0.1428
vt 0.6926 0.1359
vt 0.6613 0.1137
vt 0.6194 0.1689
vt 0.6136 0.1454
vt 0.6327 0.1254
vt 0.6576 0.1022
vt 0.6693 0.0884
vt 0.7461 0.0770
vt 0.7583 0.0624
vt 0.7740 0.0670
vt 0.7602 0.0716
vt 0.7763 0.0762
vt 0.7625 0.0806
vt 0.7625 0.0806
vt 0.7788 0.0851
vt 0.7652 0.0892
vt 0.7788 0.0851
vt 0.7946 0.0890
vt 0.7814 0.0933
vt 0.7946 0.0890
vt 0.8098 0.0920
vt 0.7969 0.0966
vt 0.8210 0.0823
vt 0.8098 0.0920
vt 0.8077 0.0849
vt 0.8059 0.0778
vt 0.7924 0.0813
vt 0.8077 0.0849
vt 0.7946 0.0890
vt 0.7903 0.0730
vt 0.8059 0.0778
vt 0.7924 0.0813
vt 0.8191 0.0744
vt 0.8341 0.0800
vt 0.8210 0.0823
vt 0.8368 0.0882
vt 0.8236 0.0901
vt 0.8398 0.0951
vt 0.8492 0.0852
vt 0.8368 0.0882
vt 0.8341 0.0800
vt 0.8468 0.0773
vt 0.8321 0.0716
vt 0.8450 0.0693
vt 0.8593 0.0746
vt 0.8306 0.0621
vt 0.8175 0.0654
vt 0.8321 0.0716
vt 0.8191 0.0744
vt 0.8043 0.0699
vt 0.8028 0.0617
vt 0.8175 0.0654
vt 0.8043 0.0699
vt 0.7882 0.0644
vt 0.8043 0.0699
vt 0.7903 0.0730
vt 0.7882 0.0644
vt 0.7858 0.0556
vt 0.8012 0.0536
vt 0.8012 0.0536
vt 0.8164 0.0560
vt 0.8028 0.0617
vt 0.8164 0.0560
vt 0.8296 0.0523
vt 0.8306 0.0621
vt 0.8437 0.0603
vt 0.8430 0.0509
vt 0.8288 0.0413
vt 0.8157 0.0459
vt 0.8285 0.0399
vt 0.8157 0.0459
vt 0.8152 0.0445
vt 0.8152 0.0445
vt 0.8012 0.0536
vt 0.8008 0.0522
vt 0.8008 0.0522
vt 0.7858 0.0556
vt 0.7856 0.0542
vt 0.7856 0.0542
vt 0.7718 0.0573
vt 0.7714 0.0560
vt 0.7714 0.0560
vt 0.7583 0.0624
vt 0.7578 0.0611
vt 0.7435 0.0673
vt 0.7572 0.0599
vt 0.7578 0.0611
vt 0.7431 0.0661
vt 0.7572 0.0599
vt 0.7711 0.0547
vt 0.7714 0.0560
vt 0.7711 0.0547
vt 0.7855 0.0529
vt 0.7856 0.0542
vt 0.7855 0.0529
vt 0.8003 0.0511
vt 0.8008 0.0522
vt 0.8003 0.0511
vt 0.8146 0.0434
vt 0.8152 0.0445
vt 0.8146 0.0434
vt 0.8283 0.0387
vt 0.8285 0.0399
vt 0.8424 0.0394
vt 0.8288 0.0413
vt 0.8285 0.0399
vt 0.8425 0.0409
vt 0.8562 0.0499
vt 0.8566 0.0587
vt 0.8562 0.0499
vt 0.8692 0.0556
vt 0.8566 0.0587
vt 0.8566 0.0587
vt 0.8703 0.0646
vt 0.8578 0.0671
vt 0.8719 0.0728
vt 0.8593 0.0746
vt 0.8578 0.0671
vt 0.8741 0.0809
vt 0.8615 0.0820
vt 0.8593 0.0746
vt 0.8639 0.0884
vt 0.8765 0.0880
vt 0.8741 0.0809
vt 0.8842 0.0715
vt 0.8863 0.0802
vt 0.8863 0.0802
vt 0.8963 0.0700
vt 0.8979 0.0786
vt 0.8886 0.0879
vt 0.8995 0.0864
vt 0.9094 0.0763
vt 0.9099 0.0838
vt 0.8995 0.0864
vt 0.9101 0.0901
vt 0.9010 0.0934
vt 0.8911 0.0961
vt 0.9010 0.0934
vt 0.9013 0.0948
vt 0.9105 0.0916
vt 0.8910 0.0947
vt 0.8791 0.0954
vt 0.8911 0.0976
vt 0.8790 0.0968
vt 0.9016 0.0962
vt 0.9016 0.0962
vt 0.9105 0.0916
vt 0.9109 0.0930
vt 0.9109 0.0930
vt 0.9202 0.0895
vt 0.9203 0.0910
vt 0.9203 0.0910
vt 0.9324 0.0910
vt 0.9323 0.0924
vt 0.9323 0.0924
vt 0.9456 0.0919
vt 0.9457 0.0933
vt 0.9457 0.0933
vt 0.9594 0.0897
vt 0.9594 0.0912
vt 0.9456 0.0919
vt 0.9594 0.0881
vt 0.9594 0.0897
vt 0.9456 0.0904
vt 0.9456 0.0904
vt 0.9324 0.0910
vt 0.9326 0.0895
vt 0.9326 0.0895
vt 0.9202 0.0895
vt 0.9202 0.0880
vt 0.9210 0.0820
vt 0.9333 0.0825
vt 0.9202 0.0880
vt 0.9338 0.0747
vt 0.9467 0.0744
vt 0.9333 0.0825
vt 0.9463 0.0828
vt 0.9594 0.0804
vt 0.9594 0.0725
vt 0.9594 0.0641
vt 0.9467 0.0653
vt 0.9467 0.0653
vt 0.9338 0.0747
vt 0.9339 0.0659
vt 0.9339 0.0659
vt 0.9213 0.0747
vt 0.9211 0.0667
vt 0.9211 0.0667
vt 0.9094 0.0763
vt 0.9085 0.0683
vt 0.9204 0.0588
vt 0.9085 0.0683
vt 0.9075 0.0602
vt 0.9192 0.0502
vt 0.9075 0.0602
vt 0.9062 0.0515
vt 0.9171 0.0414
vt 0.9192 0.0502
vt 0.9305 0.0377
vt 0.9322 0.0476
vt 0.9449 0.0359
vt 0.9459 0.0464
vt 0.9594 0.0374
vt 0.9594 0.0471
vt 0.9465 0.0563
vt 0.9594 0.0560
vt 0.9465 0.0563
vt 0.9339 0.0659
vt 0.9333 0.0572
vt 0.9594 0.0258
vt 0.9431 0.0243
vt 0.9594 0.0240
vt 0.9430 0.0226
vt 0.9278 0.0258
vt 0.9273 0.0245
vt 0.9282 0.0273
vt 0.9305 0.0377
vt 0.9143 0.0329
vt 0.9282 0.0273
vt 0.9139 0.0312
vt 0.9046 0.0425
vt 0.9143 0.0329
vt 0.9171 0.0414
vt 0.9026 0.0335
vt 0.8926 0.0422
vt 0.8917 0.0322
vt 0.9026 0.0335
vt 0.9025 0.0319
vt 0.9025 0.0319
vt 0.8917 0.0322
vt 0.8916 0.0307
vt 0.8801 0.0317
vt 0.8916 0.0307
vt 0.8798 0.0304
vt 0.8916 0.0294
vt 0.9025 0.0319
vt 0.8916 0.0294
vt 0.9026 0.0306
vt 0.9139 0.0312
vt 0.9026 0.0306
vt 0.9136 0.0299
vt 0.8678 0.0339
vt 0.8798 0.0304
vt 0.8801 0.0317
vt 0.8804 0.0331
vt 0.8804 0.0331
vt 0.8926 0.0422
vt 0.8807 0.0434
vt 0.8807 0.0434
vt 0.8936 0.0519
vt 0.8814 0.0532
vt 0.8687 0.0463
vt 0.8814 0.0532
vt 0.8692 0.0556
vt 0.8692 0.0556
vt 0.8826 0.0628
vt 0.8703 0.0646
vt 0.8948 0.0613
vt 0.8842 0.0715
vt 0.8826 0.0628
vt 0.8687 0.0366
vt 0.8807 0.0434
vt 0.8687 0.0463
vt 0.8564 0.0410
vt 0.8687 0.0463
vt 0.8562 0.0499
vt 0.8561 0.0395
vt 0.8687 0.0366
vt 0.8564 0.0410
vt 0.8683 0.0351
vt 0.8804 0.0331
vt 0.8687 0.0366
vt 0.8558 0.0382
vt 0.8678 0.0339
vt 0.8683 0.0351
vt 0.8423 0.0381
vt 0.8558 0.0382
vt 0.8561 0.0395
vt 0.9062 0.0515
vt 0.9428 0.0212
vt 0.9594 0.0240
vt 0.9428 0.0212
vt 0.9594 0.0224
vt 0.8963 0.0700
vt 0.9333 0.0572
vt 0.9210 0.0820
vt 0.9099 0.0838
vt 0.9101 0.0901
vt 0.9105 0.0916
vt 0.8791 0.0940
vt 0.8666 0.0947
vt 0.8668 0.0961
vt 0.8791 0.0954
vt 0.8790 0.0968
vt 0.8556 0.1003
vt 0.8666 0.0947
vt 0.8668 0.0961
vt 0.8663 0.0933
vt 0.8552 0.0989
vt 0.8547 0.0976
vt 0.8432 0.1025
vt 0.8434 0.1038
vt 0.8552 0.0989
vt 0.8556 0.1003
vt 0.8434 0.1038
vt 0.8297 0.1048
vt 0.8297 0.1034
vt 0.8143 0.1041
vt 0.8295 0.1022
vt 0.8297 0.1034
vt 0.8297 0.1034
vt 0.8428 0.1012
vt 0.8432 0.1025
vt 0.8265 0.0967
vt 0.8398 0.0951
vt 0.8295 0.1022
vt 0.8520 0.0919
vt 0.8297 0.1048
vt 0.8147 0.1053
vt 0.8143 0.1041
vt 0.8398 0.0951
vt 0.8639 0.0884
vt 0.8140 0.1028
vt 0.8492 0.0852
vt 0.7740 0.0670
vt 0.7763 0.0762
vt 0.7679 0.0970
vt 0.7606 0.1152
vt 0.8147 0.1053
vt 0.7280 0.1422
vt 0.7232 0.1326
vt 0.7367 0.1282
vt 0.7272 0.1395
vt 0.7102 0.1366
vt 0.6883 0.1507
vt 0.6077 0.1883
vt 0.5962 0.2083
vt 0.5718 0.2367
vt 0.5714 0.2155
vt 0.5333 0.2082
vt 0.5380 0.2247
vt 0.5333 0.2321
vt 0.5427 0.2548
vt 0.5317 0.2630
vt 0.5340 0.2522
vt 0.5210 0.2721
vt 0.5317 0.2630
vt 0.5280 0.2749
vt 0.5180 0.2852
vt 0.5280 0.2749
vt 0.5239 0.2882
vt 0.5169 0.2995
vt 0.5239 0.2882
vt 0.5226 0.3028
vt 0.5163 0.3136
vt 0.5226 0.3028
vt 0.5218 0.3168
vt 0.5151 0.3271
vt 0.5218 0.3168
vt 0.5200 0.3300
vt 0.5136 0.3406
vt 0.5200 0.3300
vt 0.5177 0.3434
vt 0.5128 0.3546
vt 0.5177 0.3434
vt 0.5167 0.3575
vt 0.5116 0.3679
vt 0.5153 0.3707
vt 0.5102 0.3804
vt 0.5153 0.3707
vt 0.5134 0.3827
vt 0.5090 0.3926
vt 0.5119 0.3944
vt 0.5168 0.3857
vt 0.5191 0.3742
vt 0.5207 0.3612
vt 0.5220 0.3468
vt 0.5253 0.3334
vt 0.5279 0.3205
vt 0.5291 0.3066
vt 0.5307 0.2914
vt 0.5361 0.2775
vt 0.5307 0.2914
vt 0.5280 0.2749
vt 0.5372 0.2939
vt 0.5358 0.3107
vt 0.5372 0.2939
vt 0.5386 0.2943
vt 0.5372 0.3109
vt 0.5341 0.3237
vt 0.5355 0.3241
vt 0.5302 0.3362
vt 0.5315 0.3368
vt 0.5253 0.3498
vt 0.5266 0.3502
vt 0.5243 0.3649
vt 0.5255 0.3652
vt 0.5228 0.3778
vt 0.5241 0.3783
vt 0.5200 0.3887
vt 0.5212 0.3892
vt 0.5177 0.3985
vt 0.5190 0.3987
vt 0.5189 0.4105
vt 0.5150 0.3965
vt 0.5155 0.4089
vt 0.5150 0.3965
vt 0.5119 0.4071
vt 0.5119 0.3944
vt 0.5087 0.4055
vt 0.5119 0.4071
vt 0.5083 0.4187
vt 0.5087 0.4055
vt 0.5117 0.4202
vt 0.5073 0.4319
vt 0.5083 0.4187
vt 0.5042 0.4307
vt 0.5049 0.4173
vt 0.5042 0.4307
vt 0.5011 0.4434
vt 0.5016 0.4297
vt 0.5033 0.4443
vt 0.5033 0.4443
vt 0.5073 0.4319
vt 0.5060 0.4451
vt 0.5105 0.4330
vt 0.5087 0.4458
vt 0.5142 0.4341
vt 0.5157 0.4218
vt 0.5105 0.4330
vt 0.5117 0.4202
vt 0.5157 0.4218
vt 0.5189 0.4105
vt 0.5196 0.4231
vt 0.5210 0.4234
vt 0.5177 0.4351
vt 0.5196 0.4231
vt 0.5203 0.4105
vt 0.5190 0.4354
vt 0.5149 0.4464
vt 0.5162 0.4465
vt 0.5156 0.4587
vt 0.5162 0.4465
vt 0.5169 0.4586
vt 0.5169 0.4714
vt 0.5149 0.4464
vt 0.5156 0.4587
vt 0.5120 0.4462
vt 0.5120 0.4462
vt 0.5087 0.4590
vt 0.5087 0.4458
vt 0.5058 0.4586
vt 0.5029 0.4579
vt 0.5029 0.4579
vt 0.5027 0.4721
vt 0.5004 0.4713
vt 0.5005 0.4862
vt 0.5027 0.4721
vt 0.5029 0.4867
vt 0.5006 0.5022
vt 0.5029 0.4867
vt 0.5028 0.5021
vt 0.5059 0.4869
vt 0.5059 0.4725
vt 0.5059 0.4725
vt 0.5087 0.4590
vt 0.5091 0.4725
vt 0.5059 0.4869
vt 0.5091 0.4725
vt 0.5089 0.4870
vt 0.5055 0.5023
vt 0.5082 0.5027
vt 0.5061 0.5184
vt 0.5092 0.5190
vt 0.5060 0.5339
vt 0.5093 0.5339
vt 0.5128 0.5201
vt 0.5113 0.5033
vt 0.5126 0.4870
vt 0.5129 0.4721
vt 0.5126 0.4870
vt 0.5091 0.4725
vt 0.5162 0.4867
vt 0.5139 0.5039
vt 0.5176 0.5212
vt 0.5139 0.5039
vt 0.5153 0.5038
vt 0.5153 0.5038
vt 0.5162 0.4867
vt 0.5175 0.4868
vt 0.5175 0.4868
vt 0.5169 0.4714
vt 0.5182 0.4714
vt 0.5182 0.4585
vt 0.5182 0.4714
vt 0.5169 0.4586
vt 0.5175 0.4467
vt 0.5196 0.4714
vt 0.5189 0.4869
vt 0.5167 0.5037
vt 0.5175 0.4868
vt 0.5189 0.4869
vt 0.5189 0.5210
vt 0.5153 0.5038
vt 0.5167 0.5037
vt 0.5200 0.5339
vt 0.5176 0.5212
vt 0.5189 0.5210
vt 0.5186 0.5339
vt 0.5163 0.5213
vt 0.5176 0.5212
vt 0.5172 0.5339
vt 0.5132 0.5339
vt 0.5175 0.4467
vt 0.5190 0.4354
vt 0.5204 0.4358
vt 0.5204 0.4358
vt 0.5210 0.4234
vt 0.5225 0.4235
vt 0.5217 0.4105
vt 0.5203 0.3988
vt 0.5217 0.4105
vt 0.5203 0.4105
vt 0.5203 0.3988
vt 0.5212 0.3892
vt 0.5225 0.3895
vt 0.5254 0.3785
vt 0.5269 0.3653
vt 0.5254 0.3785
vt 0.5241 0.3783
vt 0.5269 0.3653
vt 0.5266 0.3502
vt 0.5280 0.3504
vt 0.5280 0.3504
vt 0.5315 0.3368
vt 0.5329 0.3373
vt 0.5329 0.3373
vt 0.5355 0.3241
vt 0.5369 0.3244
vt 0.5369 0.3244
vt 0.5372 0.3109
vt 0.5387 0.3109
vt 0.5387 0.3109
vt 0.5386 0.2943
vt 0.5400 0.2947
vt 0.5386 0.2943
vt 0.5448 0.2787
vt 0.5461 0.2792
vt 0.5496 0.2668
vt 0.5448 0.2787
vt 0.5407 0.2655
vt 0.5121 0.4590
vt 0.5087 0.4590
vt 0.5128 0.5201
vt 0.5029 0.5183
vt 0.5058 0.4586
vt 0.4982 0.4854
vt 0.4982 0.4695
vt 0.4982 0.4854
vt 0.4973 0.4705
vt 0.4970 0.4564
vt 0.4973 0.4705
vt 0.4957 0.4571
vt 0.4957 0.4571
vt 0.4960 0.4713
vt 0.4935 0.4579
vt 0.4936 0.4721
vt 0.4959 0.4862
vt 0.4935 0.4867
vt 0.4972 0.4858
vt 0.4968 0.4429
vt 0.4982 0.4559
vt 0.4970 0.4564
vt 0.4965 0.4291
vt 0.4968 0.4429
vt 0.4948 0.4297
vt 0.4973 0.4705
vt 0.4982 0.5026
vt 0.4971 0.5025
vt 0.4958 0.5022
vt 0.4935 0.5021
vt 0.4824 0.5039
vt 0.4795 0.4714
vt 0.4845 0.3944
vt 0.4795 0.3857
vt 0.4773 0.3742
vt 0.4954 0.3768
vt 0.4982 0.3633
vt 0.5037 0.2558
vt 0.4724 0.2602
vt 0.4823 0.2694
vt 0.4754 0.2721
vt 0.4703 0.2495
vt 0.4724 0.2602
vt 0.4624 0.2522
vt 0.4537 0.2548
vt 0.4784 0.2472
vt 0.4902 0.2296
vt 0.4780 0.2154
vt 0.4684 0.3205
vt 0.4711 0.3334
vt 0.4744 0.3468
vt 0.4756 0.3612
vt 0.4635 0.3373
vt 0.4609 0.3241
vt 0.4648 0.3368
vt 0.4684 0.3504
vt 0.4695 0.3653
vt 0.4697 0.3502
vt 0.4708 0.3652
vt 0.4695 0.3653
vt 0.4723 0.3783
vt 0.4709 0.3785
vt 0.4709 0.3785
vt 0.4752 0.3892
vt 0.4739 0.3895
vt 0.4760 0.3988
vt 0.4760 0.3988
vt 0.4761 0.4105
vt 0.4747 0.4105
vt 0.4747 0.4105
vt 0.4754 0.4234
vt 0.4739 0.4235
vt 0.4760 0.4358
vt 0.4594 0.3244
vt 0.4592 0.3109
vt 0.4609 0.3241
vt 0.4576 0.3109
vt 0.4578 0.2943
vt 0.4592 0.3109
vt 0.4564 0.2947
vt 0.4502 0.2792
vt 0.4578 0.2943
vt 0.4490 0.2799
vt 0.4455 0.2671
vt 0.4502 0.2792
vt 0.4442 0.2675
vt 0.4433 0.2570
vt 0.4342 0.2423
vt 0.4349 0.2414
vt 0.4253 0.2358
vt 0.4262 0.2350
vt 0.4186 0.2276
vt 0.4262 0.2350
vt 0.4299 0.2233
vt 0.4358 0.2312
vt 0.4177 0.2284
vt 0.4141 0.2197
vt 0.4186 0.2276
vt 0.4246 0.2367
vt 0.4246 0.2367
vt 0.4342 0.2423
vt 0.4336 0.2433
vt 0.4415 0.2489
vt 0.4336 0.2433
vt 0.4423 0.2482
vt 0.4131 0.2205
vt 0.3989 0.2105
vt 0.4088 0.2138
vt 0.4081 0.2149
vt 0.3876 0.2048
vt 0.3994 0.2093
vt 0.3989 0.2105
vt 0.3883 0.2036
vt 0.3782 0.1956
vt 0.3774 0.1966
vt 0.3696 0.1890
vt 0.3782 0.1956
vt 0.3690 0.1902
vt 0.3582 0.1868
vt 0.3696 0.1890
vt 0.3471 0.1821
vt 0.3587 0.1855
vt 0.3582 0.1868
vt 0.3876 0.2048
vt 0.4788 0.4467
vt 0.5768 0.1132
vt 0.4982 0.1325
vt 0.4811 0.1276
vt 0.4804 0.1292
vt 0.4627 0.1218
vt 0.4811 0.1276
vt 0.4622 0.1234
vt 0.4452 0.1192
vt 0.4627 0.1218
vt 0.4449 0.1208
vt 0.4311 0.1183
vt 0.4452 0.1192
vt 0.4307 0.1197
vt 0.4195 0.1132
vt 0.4311 0.1183
vt 0.4189 0.1145
vt 0.4082 0.1077
vt 0.4195 0.1132
vt 0.4077 0.1090
vt 0.3956 0.1043
vt 0.4082 0.1077
vt 0.3954 0.1057
vt 0.3821 0.1028
vt 0.3956 0.1043
vt 0.3819 0.1042
vt 0.3689 0.1004
vt 0.3821 0.1028
vt 0.3560 0.0939
vt 0.3689 0.1004
vt 0.3554 0.0951
vt 0.4183 0.1161
vt 0.4814 0.1496
vt 0.4225 0.1642
vt 0.4135 0.1441
vt 0.3422 0.0878
vt 0.2835 0.0711
vt 0.2449 0.0938
vt 0.2312 0.0892
vt 0.2477 0.0856
vt 0.2253 0.0547
vt 0.1285 0.0339
vt 0.2018 0.0890
vt 0.1887 0.0849
vt 0.1643 0.0716
vt 0.1349 0.0820
vt 0.1223 0.0809
vt 0.0969 0.0864
vt 0.5520 0.8178
vt 0.5368 0.8250
vt 0.5439 0.8063
vt 0.5199 0.8152
vt 0.5363 0.7947
vt 0.5124 0.8023
vt 0.5267 0.7842
vt 0.5363 0.7947
vt 0.5363 0.7947
vt 0.5426 0.7779
vt 0.5525 0.7874
vt 0.5525 0.7874
vt 0.5595 0.7990
vt 0.5584 0.7994
vt 0.5584 0.7994
vt 0.5644 0.8114
vt 0.5636 0.8119
vt 0.5779 0.8191
vt 0.5786 0.8183
vt 0.5915 0.8264
vt 0.5924 0.8255
vt 0.5915 0.8264
vt 0.6038 0.8362
vt 0.6028 0.8371
vt 0.6028 0.8371
vt 0.6134 0.8455
vt 0.6126 0.8466
vt 0.6282 0.8523
vt 0.6288 0.8511
vt 0.6410 0.8570
vt 0.6416 0.8559
vt 0.6512 0.8637
vt 0.6519 0.8627
vt 0.6609 0.8716
vt 0.6614 0.8707
vt 0.6614 0.8707
vt 0.6740 0.8748
vt 0.6736 0.8758
vt 0.6853 0.8803
vt 0.6859 0.8792
vt 0.6954 0.8869
vt 0.6961 0.8858
vt 0.7064 0.8936
vt 0.7069 0.8925
vt 0.7198 0.8964
vt 0.7202 0.8953
vt 0.7321 0.9003
vt 0.7326 0.8992
vt 0.7438 0.9065
vt 0.7445 0.9053
vt 0.7558 0.9132
vt 0.7564 0.9119
vt 0.7558 0.9132
vt 0.7693 0.9135
vt 0.7690 0.9149
vt 0.7655 0.9211
vt 0.7524 0.9186
vt 0.7403 0.9128
vt 0.7558 0.9132
vt 0.7363 0.9200
vt 0.7240 0.9147
vt 0.7403 0.9128
vt 0.7283 0.9072
vt 0.7112 0.9103
vt 0.7158 0.9029
vt 0.6980 0.9061
vt 0.7027 0.8992
vt 0.6858 0.9005
vt 0.6911 0.8932
vt 0.6800 0.8871
vt 0.6740 0.8946
vt 0.6679 0.8823
vt 0.6800 0.8871
vt 0.6613 0.8896
vt 0.6552 0.8777
vt 0.6679 0.8823
vt 0.6483 0.8847
vt 0.6445 0.8705
vt 0.6552 0.8777
vt 0.6366 0.8781
vt 0.6332 0.8639
vt 0.6445 0.8705
vt 0.6243 0.8716
vt 0.6199 0.8584
vt 0.6332 0.8639
vt 0.6104 0.8656
vt 0.6049 0.8523
vt 0.6199 0.8584
vt 0.5955 0.8593
vt 0.5934 0.8434
vt 0.6049 0.8523
vt 0.5826 0.8507
vt 0.5810 0.8337
vt 0.5934 0.8434
vt 0.5689 0.8418
vt 0.5568 0.8505
vt 0.5689 0.8418
vt 0.5717 0.8587
vt 0.5717 0.8587
vt 0.5826 0.8507
vt 0.5861 0.8666
vt 0.5955 0.8593
vt 0.6008 0.8733
vt 0.5861 0.8666
vt 0.5771 0.8744
vt 0.5614 0.8676
vt 0.5454 0.8603
vt 0.5686 0.8830
vt 0.5614 0.8676
vt 0.5771 0.8744
vt 0.5916 0.8816
vt 0.5829 0.8909
vt 0.6008 0.8733
vt 0.6060 0.8881
vt 0.5916 0.8816
vt 0.5975 0.8976
vt 0.6149 0.8797
vt 0.6283 0.8859
vt 0.6149 0.8797
vt 0.6243 0.8716
vt 0.6202 0.8938
vt 0.6343 0.8993
vt 0.6275 0.9071
vt 0.6413 0.8920
vt 0.6483 0.8847
vt 0.6544 0.8975
vt 0.6413 0.8920
vt 0.6476 0.9054
vt 0.6613 0.8896
vt 0.6674 0.9029
vt 0.6544 0.8975
vt 0.6801 0.9083
vt 0.6674 0.9029
vt 0.6858 0.9005
vt 0.6609 0.9112
vt 0.6476 0.9054
vt 0.6674 0.9029
vt 0.6542 0.9203
vt 0.6746 0.9163
vt 0.6609 0.9112
vt 0.6801 0.9083
vt 0.6801 0.9083
vt 0.6980 0.9061
vt 0.6931 0.9136
vt 0.6931 0.9136
vt 0.7112 0.9103
vt 0.7063 0.9185
vt 0.7240 0.9147
vt 0.7194 0.9233
vt 0.7063 0.9185
vt 0.6883 0.9211
vt 0.7016 0.9268
vt 0.7194 0.9233
vt 0.7150 0.9320
vt 0.7016 0.9268
vt 0.6970 0.9361
vt 0.6834 0.9293
vt 0.6834 0.9293
vt 0.6787 0.9380
vt 0.6630 0.9339
vt 0.6476 0.9296
vt 0.6687 0.9249
vt 0.6630 0.9339
vt 0.6573 0.9433
vt 0.6476 0.9296
vt 0.6408 0.9139
vt 0.6542 0.9203
vt 0.6340 0.9228
vt 0.6275 0.9071
vt 0.6408 0.9139
vt 0.6208 0.9155
vt 0.6124 0.9025
vt 0.6055 0.9122
vt 0.5975 0.8976
vt 0.6055 0.9122
vt 0.5900 0.9080
vt 0.5829 0.8909
vt 0.5900 0.9080
vt 0.5750 0.9012
vt 0.5750 0.9012
vt 0.5607 0.8928
vt 0.5686 0.8830
vt 0.5520 0.8778
vt 0.5438 0.8895
vt 0.5353 0.8717
vt 0.5520 0.8778
vt 0.5266 0.8848
vt 0.5188 0.8637
vt 0.5353 0.8717
vt 0.5289 0.8522
vt 0.5454 0.8603
vt 0.5407 0.8422
vt 0.5533 0.8336
vt 0.5689 0.8418
vt 0.5533 0.8336
vt 0.5667 0.8257
vt 0.5289 0.8522
vt 0.5234 0.8329
vt 0.5407 0.8422
vt 0.5199 0.8152
vt 0.5234 0.8329
vt 0.4929 0.8237
vt 0.5124 0.8023
vt 0.4929 0.8237
vt 0.4881 0.8062
vt 0.5042 0.7906
vt 0.4817 0.7939
vt 0.4625 0.8064
vt 0.4657 0.8193
vt 0.4380 0.8036
vt 0.4581 0.7945
vt 0.4625 0.8064
vt 0.4396 0.8143
vt 0.4396 0.8287
vt 0.4396 0.8143
vt 0.4171 0.8243
vt 0.4171 0.8102
vt 0.4380 0.8036
vt 0.4171 0.8102
vt 0.4164 0.8002
vt 0.4356 0.7929
vt 0.4164 0.8002
vt 0.4153 0.7905
vt 0.4153 0.7905
vt 0.3950 0.7986
vt 0.3950 0.7891
vt 0.4141 0.7811
vt 0.3950 0.7891
vt 0.3950 0.7801
vt 0.4129 0.7715
vt 0.3950 0.7801
vt 0.3950 0.7710
vt 0.4116 0.7618
vt 0.3950 0.7710
vt 0.3950 0.7617
vt 0.4104 0.7518
vt 0.3950 0.7617
vt 0.3950 0.7521
vt 0.4091 0.7414
vt 0.3950 0.7521
vt 0.3950 0.7421
vt 0.4078 0.7305
vt 0.3950 0.7421
vt 0.3950 0.7313
vt 0.4066 0.7190
vt 0.3950 0.7313
vt 0.3950 0.7202
vt 0.4053 0.7070
vt 0.3950 0.7202
vt 0.3950 0.7085
vt 0.4040 0.6941
vt 0.3950 0.7085
vt 0.3950 0.6956
vt 0.4026 0.6806
vt 0.3950 0.6956
vt 0.3950 0.6815
vt 0.4014 0.6671
vt 0.3950 0.6815
vt 0.3950 0.6672
vt 0.4005 0.6543
vt 0.3950 0.6672
vt 0.3950 0.6544
vt 0.3998 0.6423
vt 0.3950 0.6544
vt 0.3950 0.6425
vt 0.3993 0.6312
vt 0.3950 0.6425
vt 0.3950 0.6318
vt 0.3950 0.6211
vt 0.3908 0.6312
vt 0.3988 0.6204
vt 0.4049 0.6303
vt 0.3993 0.6312
vt 0.4060 0.6416
vt 0.3998 0.6423
vt 0.4124 0.6289
vt 0.4060 0.6416
vt 0.4049 0.6303
vt 0.4040 0.6193
vt 0.4124 0.6289
vt 0.4040 0.6193
vt 0.4112 0.6178
vt 0.4208 0.6270
vt 0.4138 0.6404
vt 0.4223 0.6385
vt 0.4074 0.6537
vt 0.4014 0.6671
vt 0.4074 0.6537
vt 0.4091 0.6662
vt 0.4026 0.6806
vt 0.4091 0.6662
vt 0.4111 0.6792
vt 0.4040 0.6941
vt 0.4111 0.6792
vt 0.4133 0.6921
vt 0.4053 0.7070
vt 0.4133 0.6921
vt 0.4157 0.7048
vt 0.4066 0.7190
vt 0.4157 0.7048
vt 0.4182 0.7172
vt 0.4078 0.7305
vt 0.4182 0.7172
vt 0.4207 0.7291
vt 0.4319 0.7151
vt 0.4280 0.7025
vt 0.4240 0.6899
vt 0.4213 0.6772
vt 0.4187 0.6646
vt 0.4161 0.6523
vt 0.4256 0.6500
vt 0.4187 0.6646
vt 0.4161 0.6523
vt 0.4292 0.6620
vt 0.4346 0.6471
vt 0.4304 0.6360
vt 0.4256 0.6500
vt 0.4223 0.6385
vt 0.4304 0.6360
vt 0.4208 0.6270
vt 0.4289 0.6248
vt 0.4196 0.6159
vt 0.4277 0.6139
vt 0.4277 0.6139
vt 0.4369 0.6114
vt 0.4378 0.6218
vt 0.4390 0.6324
vt 0.4289 0.6248
vt 0.4378 0.6218
vt 0.4452 0.6188
vt 0.4458 0.6288
vt 0.4346 0.6471
vt 0.4390 0.6324
vt 0.4444 0.6430
vt 0.4393 0.6587
vt 0.4393 0.6587
vt 0.4324 0.6746
vt 0.4292 0.6620
vt 0.4431 0.6715
vt 0.4355 0.6875
vt 0.4467 0.6849
vt 0.4588 0.6817
vt 0.4551 0.6971
vt 0.4467 0.6849
vt 0.4417 0.6998
vt 0.4417 0.6998
vt 0.4551 0.6971
vt 0.4471 0.7124
vt 0.4619 0.7094
vt 0.4697 0.6941
vt 0.4778 0.7058
vt 0.4673 0.7218
vt 0.4517 0.7248
vt 0.4471 0.7124
vt 0.4356 0.7273
vt 0.4319 0.7151
vt 0.4517 0.7248
vt 0.4391 0.7390
vt 0.4356 0.7273
vt 0.4356 0.7273
vt 0.4232 0.7403
vt 0.4207 0.7291
vt 0.4104 0.7518
vt 0.4232 0.7403
vt 0.4257 0.7511
vt 0.4116 0.7618
vt 0.4257 0.7511
vt 0.4282 0.7617
vt 0.4129 0.7715
vt 0.4282 0.7617
vt 0.4306 0.7721
vt 0.4141 0.7811
vt 0.4306 0.7721
vt 0.4331 0.7824
vt 0.4331 0.7824
vt 0.4504 0.7722
vt 0.4538 0.7832
vt 0.4713 0.7708
vt 0.4306 0.7721
vt 0.4470 0.7613
vt 0.4504 0.7722
vt 0.4671 0.7595
vt 0.4282 0.7617
vt 0.4431 0.7503
vt 0.4470 0.7613
vt 0.4617 0.7482
vt 0.4562 0.7368
vt 0.4725 0.7337
vt 0.4617 0.7482
vt 0.4795 0.7448
vt 0.4896 0.7292
vt 0.4673 0.7218
vt 0.4838 0.7178
vt 0.4725 0.7337
vt 0.4910 0.7025
vt 0.4838 0.7178
vt 0.4778 0.7058
vt 0.4818 0.6918
vt 0.4682 0.6791
vt 0.4697 0.6941
vt 0.4588 0.6817
vt 0.4547 0.6674
vt 0.4431 0.6715
vt 0.4502 0.6543
vt 0.4547 0.6674
vt 0.4640 0.6635
vt 0.4695 0.6785
vt 0.4640 0.6635
vt 0.4653 0.6631
vt 0.4653 0.6631
vt 0.4592 0.6500
vt 0.4605 0.6494
vt 0.4535 0.6383
vt 0.4523 0.6390
vt 0.4471 0.6283
vt 0.4547 0.6376
vt 0.4617 0.6488
vt 0.4484 0.6278
vt 0.4478 0.6186
vt 0.4471 0.6283
vt 0.4452 0.6188
vt 0.4465 0.6186
vt 0.4465 0.6186
vt 0.4451 0.6090
vt 0.4464 0.6088
vt 0.4464 0.6088
vt 0.4432 0.5991
vt 0.4445 0.5987
vt 0.4445 0.5987
vt 0.4384 0.5897
vt 0.4396 0.5892
vt 0.4396 0.5892
vt 0.4323 0.5787
vt 0.4337 0.5784
vt 0.4334 0.5668
vt 0.4349 0.5781
vt 0.4408 0.5885
vt 0.4348 0.5668
vt 0.4348 0.5668
vt 0.4332 0.5554
vt 0.4345 0.5553
vt 0.4345 0.5553
vt 0.4306 0.5445
vt 0.4318 0.5442
vt 0.4318 0.5442
vt 0.4271 0.5334
vt 0.4283 0.5333
vt 0.4283 0.5333
vt 0.4280 0.5221
vt 0.4292 0.5223
vt 0.4292 0.5223
vt 0.4290 0.5114
vt 0.4302 0.5115
vt 0.4302 0.5115
vt 0.4286 0.5010
vt 0.4299 0.5008
vt 0.4262 0.4911
vt 0.4290 0.5114
vt 0.4274 0.5012
vt 0.4286 0.5010
vt 0.4250 0.4914
vt 0.4277 0.5114
vt 0.4267 0.5221
vt 0.4205 0.5131
vt 0.4202 0.5029
vt 0.4277 0.5114
vt 0.4202 0.5029
vt 0.4123 0.4941
vt 0.4186 0.4928
vt 0.4107 0.4819
vt 0.4162 0.4813
vt 0.4107 0.4819
vt 0.4068 0.4692
vt 0.4118 0.4689
vt 0.4068 0.4561
vt 0.4119 0.4558
vt 0.4058 0.4429
vt 0.4104 0.4424
vt 0.4047 0.4294
vt 0.4006 0.4296
vt 0.4047 0.4294
vt 0.4049 0.4155
vt 0.4089 0.4291
vt 0.4093 0.4155
vt 0.4004 0.4157
vt 0.4006 0.4296
vt 0.3971 0.4161
vt 0.4004 0.4157
vt 0.4003 0.4015
vt 0.3970 0.4023
vt 0.4003 0.4015
vt 0.3972 0.3880
vt 0.4003 0.3873
vt 0.4003 0.3873
vt 0.3974 0.3734
vt 0.4002 0.3730
vt 0.4003 0.3587
vt 0.4042 0.3586
vt 0.3974 0.3587
vt 0.4000 0.3446
vt 0.3972 0.3443
vt 0.3998 0.3303
vt 0.3972 0.3300
vt 0.3960 0.3439
vt 0.3960 0.3296
vt 0.3974 0.3158
vt 0.3950 0.3433
vt 0.3950 0.3289
vt 0.3961 0.3159
vt 0.3950 0.3160
vt 0.3960 0.3021
vt 0.3974 0.3158
vt 0.3961 0.3159
vt 0.3950 0.3030
vt 0.3950 0.2889
vt 0.3941 0.3021
vt 0.3939 0.3159
vt 0.3928 0.3014
vt 0.3941 0.2889
vt 0.3941 0.3021
vt 0.3926 0.3158
vt 0.3905 0.3009
vt 0.3930 0.2889
vt 0.3928 0.3014
vt 0.3903 0.3156
vt 0.3906 0.2889
vt 0.3874 0.2889
vt 0.3875 0.3010
vt 0.3841 0.2889
vt 0.3874 0.2889
vt 0.3845 0.3014
vt 0.3876 0.3155
vt 0.3848 0.3156
vt 0.3810 0.3021
vt 0.3848 0.3156
vt 0.3816 0.3156
vt 0.3797 0.3293
vt 0.3776 0.3032
vt 0.3816 0.3156
vt 0.3787 0.3158
vt 0.3773 0.3157
vt 0.3763 0.3033
vt 0.3787 0.3158
vt 0.3745 0.3282
vt 0.3787 0.3158
vt 0.3758 0.3286
vt 0.3710 0.3427
vt 0.3732 0.3279
vt 0.3773 0.3157
vt 0.3745 0.3282
vt 0.3760 0.3156
vt 0.3750 0.3035
vt 0.3773 0.3157
vt 0.3750 0.3035
vt 0.3748 0.2889
vt 0.3763 0.3033
vt 0.3761 0.2889
vt 0.3776 0.3032
vt 0.3748 0.2889
vt 0.3735 0.2889
vt 0.3810 0.3021
vt 0.3761 0.2889
vt 0.3802 0.2889
vt 0.3696 0.3425
vt 0.3732 0.3279
vt 0.3710 0.3427
vt 0.3724 0.3428
vt 0.3707 0.3579
vt 0.3710 0.3427
vt 0.3722 0.3578
vt 0.3725 0.3747
vt 0.3707 0.3579
vt 0.3693 0.3580
vt 0.3696 0.3425
vt 0.3707 0.3579
vt 0.3710 0.3746
vt 0.3693 0.3580
vt 0.3725 0.3747
vt 0.3693 0.3906
vt 0.3725 0.3747
vt 0.3707 0.3908
vt 0.3690 0.4034
vt 0.3677 0.4034
vt 0.3680 0.3903
vt 0.3739 0.3748
vt 0.3760 0.3893
vt 0.3749 0.4027
vt 0.3697 0.4153
vt 0.3684 0.4154
vt 0.3709 0.4280
vt 0.3695 0.4279
vt 0.3669 0.4406
vt 0.3695 0.4279
vt 0.3682 0.4409
vt 0.3637 0.4552
vt 0.3655 0.4403
vt 0.3682 0.4279
vt 0.3670 0.4155
vt 0.3663 0.4033
vt 0.3684 0.4154
vt 0.3624 0.4551
vt 0.3655 0.4403
vt 0.3637 0.4552
vt 0.3651 0.4553
vt 0.3644 0.4682
vt 0.3637 0.4552
vt 0.3657 0.4681
vt 0.3670 0.4807
vt 0.3644 0.4682
vt 0.3631 0.4684
vt 0.3624 0.4551
vt 0.3644 0.4682
vt 0.3631 0.4684
vt 0.3670 0.4807
vt 0.3657 0.4807
vt 0.3626 0.4907
vt 0.3638 0.4911
vt 0.3650 0.4914
vt 0.3614 0.5010
vt 0.3638 0.4911
vt 0.3602 0.5008
vt 0.3627 0.5012
vt 0.3611 0.5114
vt 0.3614 0.5010
vt 0.3598 0.5115
vt 0.3624 0.5114
vt 0.3634 0.5221
vt 0.3621 0.5221
vt 0.3643 0.5336
vt 0.3630 0.5334
vt 0.3595 0.5445
vt 0.3630 0.5334
vt 0.3607 0.5448
vt 0.3581 0.5556
vt 0.3568 0.5554
vt 0.3579 0.5668
vt 0.3566 0.5668
vt 0.3555 0.5553
vt 0.3553 0.5668
vt 0.3577 0.5787
vt 0.3564 0.5784
vt 0.3504 0.5892
vt 0.3551 0.5781
vt 0.3492 0.5885
vt 0.3456 0.5987
vt 0.3504 0.5892
vt 0.3468 0.5991
vt 0.3516 0.5897
vt 0.3443 0.5983
vt 0.3436 0.6088
vt 0.3423 0.6087
vt 0.3449 0.6090
vt 0.3435 0.6186
vt 0.3436 0.6088
vt 0.3449 0.6188
vt 0.3429 0.6283
vt 0.3435 0.6186
vt 0.3423 0.6087
vt 0.3435 0.6186
vt 0.3422 0.6186
vt 0.3422 0.6186
vt 0.3429 0.6283
vt 0.3417 0.6278
vt 0.3354 0.6376
vt 0.3365 0.6383
vt 0.3296 0.6494
vt 0.3365 0.6383
vt 0.3308 0.6500
vt 0.3248 0.6631
vt 0.3283 0.6488
vt 0.3377 0.6390
vt 0.3261 0.6635
vt 0.3206 0.6785
vt 0.3283 0.6488
vt 0.3248 0.6631
vt 0.3235 0.6627
vt 0.3235 0.6627
vt 0.3206 0.6785
vt 0.3195 0.6777
vt 0.3195 0.6777
vt 0.3072 0.6911
vt 0.3063 0.6901
vt 0.3063 0.6901
vt 0.2979 0.7019
vt 0.2969 0.7011
vt 0.2918 0.7135
vt 0.2907 0.7129
vt 0.2851 0.7234
vt 0.2907 0.7129
vt 0.2860 0.7242
vt 0.2766 0.7332
vt 0.2860 0.7242
vt 0.2777 0.7339
vt 0.2673 0.7439
vt 0.2777 0.7339
vt 0.2684 0.7445
vt 0.2619 0.7559
vt 0.2684 0.7445
vt 0.2632 0.7564
vt 0.2577 0.7682
vt 0.2632 0.7564
vt 0.2588 0.7688
vt 0.2474 0.7779
vt 0.2735 0.7742
vt 0.2633 0.7842
vt 0.2375 0.7874
vt 0.2464 0.7771
vt 0.2474 0.7779
vt 0.2537 0.7947
vt 0.2305 0.7990
vt 0.2375 0.7874
vt 0.2316 0.7994
vt 0.2256 0.8114
vt 0.2316 0.7994
vt 0.2265 0.8119
vt 0.2122 0.8191
vt 0.2114 0.8183
vt 0.1985 0.8264
vt 0.2234 0.8257
vt 0.2090 0.8337
vt 0.1862 0.8362
vt 0.1985 0.8264
vt 0.1872 0.8371
vt 0.1766 0.8455
vt 0.1872 0.8371
vt 0.1775 0.8466
vt 0.1618 0.8523
vt 0.1612 0.8511
vt 0.1490 0.8570
vt 0.1484 0.8559
vt 0.1389 0.8637
vt 0.1382 0.8627
vt 0.1291 0.8716
vt 0.1286 0.8707
vt 0.1165 0.8758
vt 0.1160 0.8748
vt 0.1048 0.8803
vt 0.1042 0.8792
vt 0.0946 0.8869
vt 0.0940 0.8858
vt 0.0836 0.8936
vt 0.0831 0.8925
vt 0.0702 0.8964
vt 0.0698 0.8953
vt 0.0580 0.9003
vt 0.0574 0.8992
vt 0.0463 0.9065
vt 0.0456 0.9053
vt 0.0343 0.9132
vt 0.0337 0.9119
vt 0.0207 0.9135
vt 0.0343 0.9132
vt 0.0210 0.9149
vt 0.0246 0.9211
vt 0.0376 0.9186
vt 0.0282 0.9283
vt 0.0246 0.9211
vt 0.0450 0.9327
vt 0.0282 0.9283
vt 0.0413 0.9252
vt 0.0578 0.9282
vt 0.0317 0.9364
vt 0.0317 0.9364
vt 0.0481 0.9404
vt 0.0348 0.9448
vt 0.0348 0.9448
vt 0.0510 0.9490
vt 0.0375 0.9541
vt 0.0375 0.9541
vt 0.0531 0.9582
vt 0.0394 0.9639
vt 0.0394 0.9639
vt 0.0540 0.9671
vt 0.0402 0.9743
vt 0.0544 0.9685
vt 0.0531 0.9582
vt 0.0705 0.9661
vt 0.0540 0.9671
vt 0.0681 0.9557
vt 0.0872 0.9631
vt 0.0705 0.9661
vt 0.0707 0.9675
vt 0.0877 0.9644
vt 0.0834 0.9521
vt 0.1011 0.9564
vt 0.0872 0.9631
vt 0.1017 0.9576
vt 0.0973 0.9459
vt 0.1154 0.9465
vt 0.1011 0.9564
vt 0.1159 0.9479
vt 0.1113 0.9380
vt 0.1328 0.9433
vt 0.1154 0.9465
vt 0.1424 0.9296
vt 0.1328 0.9433
vt 0.1271 0.9339
vt 0.1213 0.9249
vt 0.1066 0.9293
vt 0.1271 0.9339
vt 0.1113 0.9380
vt 0.1113 0.9380
vt 0.0973 0.9459
vt 0.0931 0.9361
vt 0.0794 0.9419
vt 0.0751 0.9320
vt 0.0834 0.9521
vt 0.0652 0.9458
vt 0.0794 0.9419
vt 0.0616 0.9365
vt 0.0884 0.9268
vt 0.0838 0.9185
vt 0.1017 0.9211
vt 0.0884 0.9268
vt 0.0707 0.9233
vt 0.0660 0.9147
vt 0.0838 0.9185
vt 0.0707 0.9233
vt 0.0537 0.9200
vt 0.0707 0.9233
vt 0.0578 0.9282
vt 0.0660 0.9147
vt 0.0537 0.9200
vt 0.0498 0.9128
vt 0.0617 0.9072
vt 0.0788 0.9103
vt 0.0970 0.9136
vt 0.0920 0.9061
vt 0.1099 0.9083
vt 0.0970 0.9136
vt 0.0970 0.9136
vt 0.1155 0.9163
vt 0.1017 0.9211
vt 0.1099 0.9083
vt 0.1291 0.9112
vt 0.1155 0.9163
vt 0.1155 0.9163
vt 0.1358 0.9203
vt 0.1213 0.9249
vt 0.1424 0.9296
vt 0.1358 0.9203
vt 0.1492 0.9139
vt 0.1626 0.9071
vt 0.1560 0.9228
vt 0.1492 0.9139
vt 0.1424 0.9054
vt 0.1557 0.8993
vt 0.1692 0.9155
vt 0.1776 0.9025
vt 0.1846 0.9122
vt 0.1926 0.8976
vt 0.1698 0.8938
vt 0.1841 0.8881
vt 0.1617 0.8859
vt 0.1751 0.8797
vt 0.1698 0.8938
vt 0.1796 0.8656
vt 0.1751 0.8797
vt 0.1658 0.8716
vt 0.1534 0.8781
vt 0.1658 0.8716
vt 0.1617 0.8859
vt 0.1488 0.8920
vt 0.1417 0.8847
vt 0.1417 0.8847
vt 0.1356 0.8975
vt 0.1287 0.8896
vt 0.1287 0.8896
vt 0.1227 0.9029
vt 0.1161 0.8946
vt 0.1042 0.9005
vt 0.1221 0.8823
vt 0.1161 0.8946
vt 0.1100 0.8871
vt 0.1100 0.8871
vt 0.1042 0.9005
vt 0.0990 0.8932
vt 0.0874 0.8992
vt 0.0743 0.9029
vt 0.0874 0.8992
vt 0.0920 0.9061
vt 0.1348 0.8777
vt 0.1287 0.8896
vt 0.1221 0.8823
vt 0.1456 0.8705
vt 0.1417 0.8847
vt 0.1348 0.8777
vt 0.1568 0.8639
vt 0.1534 0.8781
vt 0.1456 0.8705
vt 0.1701 0.8584
vt 0.1658 0.8716
vt 0.1568 0.8639
vt 0.1852 0.8523
vt 0.1796 0.8656
vt 0.1701 0.8584
vt 0.1946 0.8593
vt 0.1893 0.8733
vt 0.1796 0.8656
vt 0.2040 0.8666
vt 0.2184 0.8587
vt 0.2040 0.8666
vt 0.2075 0.8507
vt 0.2090 0.8337
vt 0.2075 0.8507
vt 0.1966 0.8434
vt 0.2212 0.8418
vt 0.2333 0.8505
vt 0.2184 0.8587
vt 0.2212 0.8418
vt 0.2368 0.8336
vt 0.2494 0.8422
vt 0.2446 0.8603
vt 0.2494 0.8422
vt 0.2611 0.8522
vt 0.2547 0.8717
vt 0.2611 0.8522
vt 0.2712 0.8637
vt 0.2634 0.8848
vt 0.2712 0.8637
vt 0.2806 0.8766
vt 0.2702 0.8981
vt 0.2806 0.8766
vt 0.2885 0.8886
vt 0.2885 0.8886
vt 0.2974 0.8670
vt 0.3046 0.8774
vt 0.3153 0.8635
vt 0.3094 0.8497
vt 0.2974 0.8670
vt 0.2884 0.8542
vt 0.3035 0.8368
vt 0.2884 0.8542
vt 0.2789 0.8429
vt 0.2972 0.8237
vt 0.2789 0.8429
vt 0.2666 0.8329
vt 0.2701 0.8152
vt 0.2666 0.8329
vt 0.2533 0.8250
vt 0.2381 0.8178
vt 0.2461 0.8063
vt 0.2533 0.8250
vt 0.2701 0.8152
vt 0.2537 0.7947
vt 0.2776 0.8023
vt 0.2776 0.8023
vt 0.2633 0.7842
vt 0.2858 0.7906
vt 0.3020 0.8062
vt 0.3083 0.7939
vt 0.3275 0.8064
vt 0.3243 0.8193
vt 0.3319 0.7945
vt 0.3520 0.8036
vt 0.3275 0.8064
vt 0.3504 0.8143
vt 0.3243 0.8193
vt 0.3504 0.8143
vt 0.3504 0.8287
vt 0.3256 0.8332
vt 0.3094 0.8497
vt 0.3256 0.8332
vt 0.3297 0.8473
vt 0.3153 0.8635
vt 0.3297 0.8473
vt 0.3344 0.8621
vt 0.3519 0.8435
vt 0.3541 0.8591
vt 0.3744 0.8543
vt 0.3745 0.8701
vt 0.3950 0.8640
vt 0.3555 0.8747
vt 0.3374 0.8764
vt 0.3748 0.8720
vt 0.3950 0.8662
vt 0.4157 0.8543
vt 0.3950 0.8640
vt 0.3950 0.8486
vt 0.4165 0.8387
vt 0.3950 0.8486
vt 0.3950 0.8344
vt 0.4171 0.8243
vt 0.3950 0.8344
vt 0.3950 0.8212
vt 0.4171 0.8102
vt 0.3950 0.8212
vt 0.3950 0.8084
vt 0.3737 0.8002
vt 0.3950 0.7986
vt 0.3950 0.8084
vt 0.3730 0.8102
vt 0.3729 0.8243
vt 0.3504 0.8143
vt 0.3730 0.8102
vt 0.3504 0.8287
vt 0.3729 0.8243
vt 0.3735 0.8387
vt 0.3544 0.7929
vt 0.3748 0.7905
vt 0.3737 0.8002
vt 0.3759 0.7811
vt 0.3950 0.7891
vt 0.3748 0.7905
vt 0.3570 0.7824
vt 0.3594 0.7721
vt 0.3772 0.7715
vt 0.3759 0.7811
vt 0.3619 0.7617
vt 0.3784 0.7618
vt 0.3772 0.7715
vt 0.3643 0.7511
vt 0.3797 0.7518
vt 0.3784 0.7618
vt 0.3668 0.7403
vt 0.3810 0.7414
vt 0.3797 0.7518
vt 0.3693 0.7291
vt 0.3822 0.7305
vt 0.3810 0.7414
vt 0.3719 0.7172
vt 0.3835 0.7190
vt 0.3822 0.7305
vt 0.3744 0.7048
vt 0.3848 0.7070
vt 0.3835 0.7190
vt 0.3768 0.6921
vt 0.3861 0.6941
vt 0.3848 0.7070
vt 0.3874 0.6806
vt 0.3861 0.6941
vt 0.3790 0.6792
vt 0.3810 0.6662
vt 0.3887 0.6671
vt 0.3827 0.6537
vt 0.3896 0.6543
vt 0.3740 0.6523
vt 0.3840 0.6416
vt 0.3903 0.6423
vt 0.3950 0.6544
vt 0.3896 0.6543
vt 0.3840 0.6416
vt 0.3851 0.6303
vt 0.3903 0.6423
vt 0.3851 0.6303
vt 0.3912 0.6204
vt 0.3908 0.6312
vt 0.3860 0.6193
vt 0.3776 0.6289
vt 0.3762 0.6404
vt 0.3788 0.6178
vt 0.3916 0.6092
vt 0.3912 0.6204
vt 0.3950 0.6097
vt 0.3950 0.6211
vt 0.3950 0.5980
vt 0.3985 0.6092
vt 0.3950 0.6097
vt 0.3980 0.5975
vt 0.4031 0.6082
vt 0.3985 0.6092
vt 0.4022 0.5964
vt 0.3976 0.5853
vt 0.3950 0.5863
vt 0.3980 0.5975
vt 0.3950 0.5980
vt 0.3920 0.5975
vt 0.3950 0.5745
vt 0.3976 0.5853
vt 0.3950 0.5863
vt 0.3925 0.5853
vt 0.3971 0.5736
vt 0.4013 0.5837
vt 0.3971 0.5736
vt 0.4005 0.5721
vt 0.4065 0.5817
vt 0.4083 0.5944
vt 0.4057 0.5703
vt 0.4127 0.5798
vt 0.4154 0.5924
vt 0.4099 0.6065
vt 0.4022 0.5964
vt 0.4083 0.5944
vt 0.4180 0.6046
vt 0.4154 0.5924
vt 0.4258 0.6027
vt 0.4180 0.6046
vt 0.4226 0.5909
vt 0.4226 0.5909
vt 0.4127 0.5798
vt 0.4189 0.5788
vt 0.4120 0.5686
vt 0.4183 0.5676
vt 0.4183 0.5676
vt 0.4255 0.5670
vt 0.4261 0.5784
vt 0.4226 0.5909
vt 0.4261 0.5784
vt 0.4309 0.5900
vt 0.4258 0.6027
vt 0.4309 0.5900
vt 0.4348 0.6007
vt 0.4176 0.5571
vt 0.4114 0.5581
vt 0.4051 0.5595
vt 0.4120 0.5686
vt 0.4057 0.5703
vt 0.3999 0.5611
vt 0.3999 0.5611
vt 0.3964 0.5506
vt 0.3991 0.5499
vt 0.3991 0.5499
vt 0.3959 0.5384
vt 0.3981 0.5382
vt 0.3974 0.5266
vt 0.3956 0.5264
vt 0.4020 0.5266
vt 0.3970 0.5159
vt 0.3950 0.5385
vt 0.3950 0.5262
vt 0.3955 0.5154
vt 0.3950 0.5149
vt 0.3970 0.5054
vt 0.3970 0.5159
vt 0.3955 0.5154
vt 0.3955 0.5048
vt 0.3972 0.4946
vt 0.3957 0.4939
vt 0.4014 0.4952
vt 0.3976 0.4822
vt 0.3950 0.5042
vt 0.3950 0.4932
vt 0.3960 0.4817
vt 0.3950 0.4813
vt 0.3977 0.4694
vt 0.3976 0.4822
vt 0.3960 0.4817
vt 0.3961 0.4693
vt 0.3960 0.4565
vt 0.3977 0.4564
vt 0.3960 0.4430
vt 0.3976 0.4432
vt 0.4016 0.4563
vt 0.3977 0.4564
vt 0.4016 0.4694
vt 0.4011 0.4432
vt 0.3973 0.4297
vt 0.3973 0.4297
vt 0.3957 0.4166
vt 0.3971 0.4161
vt 0.3971 0.4161
vt 0.3957 0.4031
vt 0.3970 0.4023
vt 0.3970 0.4023
vt 0.3959 0.3891
vt 0.3972 0.3880
vt 0.3972 0.3880
vt 0.3960 0.3739
vt 0.3974 0.3734
vt 0.3961 0.3586
vt 0.3960 0.3439
vt 0.3961 0.3586
vt 0.3950 0.3583
vt 0.3950 0.3583
vt 0.3960 0.3739
vt 0.3950 0.3745
vt 0.3950 0.3745
vt 0.3959 0.3891
vt 0.3950 0.3904
vt 0.3950 0.3904
vt 0.3957 0.4031
vt 0.3950 0.4040
vt 0.3950 0.4169
vt 0.3950 0.4040
vt 0.3957 0.4166
vt 0.3958 0.4297
vt 0.3950 0.4169
vt 0.3958 0.4297
vt 0.3950 0.4297
vt 0.3950 0.4427
vt 0.3950 0.4297
vt 0.3960 0.4430
vt 0.3942 0.4297
vt 0.3941 0.4430
vt 0.3942 0.4297
vt 0.3941 0.4430
vt 0.3925 0.4432
vt 0.3889 0.4432
vt 0.3927 0.4297
vt 0.3925 0.4432
vt 0.3885 0.4563
vt 0.3895 0.4296
vt 0.3930 0.4161
vt 0.3927 0.4297
vt 0.3943 0.4166
vt 0.3942 0.4297
vt 0.3930 0.4161
vt 0.3943 0.4031
vt 0.3943 0.4166
vt 0.3931 0.4023
vt 0.3942 0.3891
vt 0.3943 0.4031
vt 0.3929 0.3880
vt 0.3940 0.3739
vt 0.3942 0.3891
vt 0.3926 0.3734
vt 0.3940 0.3586
vt 0.3940 0.3739
vt 0.3941 0.3439
vt 0.3940 0.3586
vt 0.3929 0.3443
vt 0.3929 0.3443
vt 0.3926 0.3587
vt 0.3901 0.3446
vt 0.3897 0.3587
vt 0.3897 0.3587
vt 0.3926 0.3734
vt 0.3898 0.3730
vt 0.3898 0.3873
vt 0.3859 0.3586
vt 0.3898 0.3730
vt 0.3862 0.3730
vt 0.3820 0.3585
vt 0.3862 0.3730
vt 0.3826 0.3734
vt 0.3826 0.3734
vt 0.3854 0.3874
vt 0.3812 0.3881
vt 0.3812 0.3881
vt 0.3851 0.4015
vt 0.3805 0.4020
vt 0.3808 0.4155
vt 0.3749 0.4027
vt 0.3805 0.4020
vt 0.3852 0.4155
vt 0.3812 0.4291
vt 0.3808 0.4155
vt 0.3762 0.4287
vt 0.3754 0.4155
vt 0.3812 0.4291
vt 0.3741 0.4417
vt 0.3762 0.4287
vt 0.3797 0.4424
vt 0.3797 0.4424
vt 0.3853 0.4294
vt 0.3843 0.4429
vt 0.3782 0.4558
vt 0.3832 0.4561
vt 0.3783 0.4689
vt 0.3833 0.4692
vt 0.3794 0.4819
vt 0.3833 0.4692
vt 0.3840 0.4824
vt 0.3840 0.4824
vt 0.3884 0.4694
vt 0.3887 0.4826
vt 0.3923 0.4694
vt 0.3940 0.4565
vt 0.3940 0.4693
vt 0.3923 0.4694
vt 0.3924 0.4564
vt 0.3950 0.4427
vt 0.3950 0.4568
vt 0.3940 0.4565
vt 0.3950 0.4693
vt 0.3950 0.4568
vt 0.3961 0.4693
vt 0.3924 0.4822
vt 0.3941 0.4817
vt 0.3928 0.4946
vt 0.3924 0.4822
vt 0.3944 0.4939
vt 0.3945 0.5048
vt 0.3930 0.5054
vt 0.3946 0.5154
vt 0.3930 0.5159
vt 0.3944 0.5264
vt 0.3946 0.5154
vt 0.3950 0.5262
vt 0.3941 0.5384
vt 0.3927 0.5266
vt 0.3944 0.5264
vt 0.3920 0.5382
vt 0.3909 0.5499
vt 0.3941 0.5384
vt 0.3936 0.5506
vt 0.3902 0.5611
vt 0.3936 0.5506
vt 0.3932 0.5622
vt 0.3932 0.5622
vt 0.3950 0.5510
vt 0.3950 0.5629
vt 0.3968 0.5622
vt 0.3929 0.5736
vt 0.3950 0.5629
vt 0.3950 0.5745
vt 0.3887 0.5837
vt 0.3929 0.5736
vt 0.3925 0.5853
vt 0.3878 0.5964
vt 0.3925 0.5853
vt 0.3920 0.5975
vt 0.3869 0.6082
vt 0.3920 0.5975
vt 0.3916 0.6092
vt 0.3878 0.5964
vt 0.3869 0.6082
vt 0.3801 0.6065
vt 0.3818 0.5944
vt 0.3818 0.5944
vt 0.3835 0.5817
vt 0.3887 0.5837
vt 0.3896 0.5721
vt 0.3835 0.5817
vt 0.3843 0.5703
vt 0.3896 0.5721
vt 0.3773 0.5798
vt 0.3746 0.5924
vt 0.3721 0.6046
vt 0.3704 0.6159
vt 0.3642 0.6027
vt 0.3746 0.5924
vt 0.3721 0.6046
vt 0.3623 0.6139
vt 0.3674 0.5909
vt 0.3711 0.5788
vt 0.3711 0.5788
vt 0.3781 0.5686
vt 0.3773 0.5798
vt 0.3718 0.5676
vt 0.3718 0.5676
vt 0.3640 0.5784
vt 0.3646 0.5670
vt 0.3724 0.5571
vt 0.3652 0.5562
vt 0.3724 0.5571
vt 0.3741 0.5467
vt 0.3786 0.5581
vt 0.3800 0.5476
vt 0.3818 0.5368
vt 0.3800 0.5476
vt 0.3874 0.5376
vt 0.3860 0.5488
vt 0.3850 0.5595
vt 0.3860 0.5488
vt 0.3909 0.5499
vt 0.3880 0.5266
vt 0.3920 0.5382
vt 0.3874 0.5376
vt 0.3880 0.5266
vt 0.3818 0.5368
vt 0.3822 0.5259
vt 0.3764 0.5359
vt 0.3766 0.5249
vt 0.3702 0.5347
vt 0.3700 0.5236
vt 0.3766 0.5249
vt 0.3765 0.5146
vt 0.3823 0.5156
vt 0.3824 0.5055
vt 0.3884 0.5162
vt 0.3885 0.5059
vt 0.3930 0.5159
vt 0.3884 0.5162
vt 0.3885 0.5059
vt 0.3886 0.4952
vt 0.3930 0.5054
vt 0.3831 0.4950
vt 0.3767 0.5044
vt 0.3778 0.4941
vt 0.3831 0.4950
vt 0.3698 0.5029
vt 0.3695 0.5131
vt 0.3715 0.4928
vt 0.3715 0.4928
vt 0.3738 0.4813
vt 0.3794 0.4819
vt 0.3738 0.4813
vt 0.3722 0.4684
vt 0.3783 0.4689
vt 0.3722 0.4684
vt 0.3719 0.4555
vt 0.3782 0.4558
vt 0.3683 0.4807
vt 0.3657 0.4681
vt 0.3722 0.4684
vt 0.3702 0.5347
vt 0.3741 0.5467
vt 0.3674 0.5457
vt 0.3651 0.4553
vt 0.3680 0.3903
vt 0.3837 0.3299
vt 0.3776 0.3436
vt 0.3797 0.3293
vt 0.3823 0.3442
vt 0.3870 0.3302
vt 0.3862 0.3446
vt 0.3862 0.3446
vt 0.3903 0.3303
vt 0.3901 0.3446
vt 0.3929 0.3443
vt 0.3903 0.3303
vt 0.3928 0.3300
vt 0.3941 0.3296
vt 0.3941 0.3439
vt 0.3928 0.3300
vt 0.3772 0.3583
vt 0.3772 0.3583
vt 0.3826 0.3734
vt 0.3782 0.3740
vt 0.3859 0.3586
vt 0.3820 0.3585
vt 0.3929 0.3880
vt 0.3897 0.4015
vt 0.3898 0.3873
vt 0.3852 0.4155
vt 0.3897 0.4015
vt 0.3897 0.4157
vt 0.3854 0.3874
vt 0.3760 0.3893
vt 0.3722 0.3578
vt 0.3724 0.3428
vt 0.3903 0.3156
vt 0.3926 0.3158
vt 0.3959 0.2889
vt 0.3972 0.3014
vt 0.3971 0.2889
vt 0.3995 0.3009
vt 0.3972 0.3014
vt 0.3997 0.3156
vt 0.3997 0.3156
vt 0.4026 0.3010
vt 0.4025 0.3155
vt 0.4025 0.3155
vt 0.4056 0.3014
vt 0.4052 0.3156
vt 0.4052 0.3156
vt 0.4091 0.3021
vt 0.4085 0.3156
vt 0.4103 0.3293
vt 0.4064 0.3299
vt 0.4031 0.3302
vt 0.4077 0.3442
vt 0.4031 0.3302
vt 0.4064 0.3299
vt 0.4125 0.3436
vt 0.4128 0.3583
vt 0.4176 0.3428
vt 0.4125 0.3436
vt 0.4103 0.3293
vt 0.4103 0.3293
vt 0.4113 0.3158
vt 0.4142 0.3286
vt 0.4190 0.3427
vt 0.4142 0.3286
vt 0.4156 0.3282
vt 0.4156 0.3282
vt 0.4113 0.3158
vt 0.4127 0.3157
vt 0.4137 0.3033
vt 0.4150 0.3035
vt 0.4124 0.3032
vt 0.4152 0.2889
vt 0.4124 0.3032
vt 0.4139 0.2889
vt 0.4139 0.2889
vt 0.4091 0.3021
vt 0.4099 0.2889
vt 0.4099 0.2889
vt 0.4056 0.3014
vt 0.4060 0.2889
vt 0.4060 0.2889
vt 0.4026 0.3010
vt 0.4027 0.2889
vt 0.4027 0.2889
vt 0.3995 0.3009
vt 0.3994 0.2889
vt 0.4150 0.3035
vt 0.4152 0.2889
vt 0.4165 0.2889
vt 0.4140 0.3156
vt 0.4169 0.3279
vt 0.4190 0.3427
vt 0.4169 0.3279
vt 0.4204 0.3425
vt 0.4193 0.3579
vt 0.4176 0.3747
vt 0.4179 0.3578
vt 0.4193 0.3579
vt 0.4207 0.3580
vt 0.4176 0.3747
vt 0.4207 0.3580
vt 0.4190 0.3746
vt 0.4220 0.3903
vt 0.4176 0.3747
vt 0.4194 0.3908
vt 0.4162 0.3748
vt 0.4119 0.3740
vt 0.4179 0.3578
vt 0.4162 0.3748
vt 0.4140 0.3893
vt 0.4075 0.3734
vt 0.4128 0.3583
vt 0.4119 0.3740
vt 0.4089 0.3881
vt 0.4039 0.3730
vt 0.4080 0.3585
vt 0.4075 0.3734
vt 0.4046 0.3874
vt 0.4089 0.3881
vt 0.4050 0.4015
vt 0.4046 0.3874
vt 0.4095 0.4020
vt 0.4095 0.4020
vt 0.4140 0.3893
vt 0.4151 0.4027
vt 0.4151 0.4027
vt 0.4147 0.4155
vt 0.4093 0.4155
vt 0.4139 0.4287
vt 0.4160 0.4417
vt 0.4182 0.4555
vt 0.4104 0.4424
vt 0.4160 0.4417
vt 0.4219 0.4409
vt 0.4219 0.4409
vt 0.4263 0.4552
vt 0.4250 0.4553
vt 0.4250 0.4553
vt 0.4256 0.4682
vt 0.4243 0.4681
vt 0.4231 0.4807
vt 0.4277 0.4551
vt 0.4270 0.4684
vt 0.4256 0.4682
vt 0.4270 0.4684
vt 0.4244 0.4807
vt 0.4231 0.4807
vt 0.4218 0.4807
vt 0.4162 0.4813
vt 0.4178 0.4684
vt 0.4218 0.4807
vt 0.4231 0.4807
vt 0.4275 0.4907
vt 0.4262 0.4911
vt 0.4263 0.4552
vt 0.4245 0.4403
vt 0.4277 0.4551
vt 0.4205 0.4279
vt 0.4245 0.4403
vt 0.4232 0.4406
vt 0.4219 0.4279
vt 0.4230 0.4155
vt 0.4217 0.4154
vt 0.4237 0.4033
vt 0.4230 0.4155
vt 0.4224 0.4034
vt 0.4220 0.3903
vt 0.4237 0.4033
vt 0.4207 0.3906
vt 0.4207 0.3906
vt 0.4211 0.4034
vt 0.4194 0.3908
vt 0.4224 0.4034
vt 0.4203 0.4153
vt 0.4211 0.4034
vt 0.4217 0.4154
vt 0.4191 0.4280
vt 0.4203 0.4153
vt 0.4219 0.4409
vt 0.4250 0.4914
vt 0.4257 0.5336
vt 0.4280 0.5221
vt 0.4271 0.5334
vt 0.4293 0.5448
vt 0.4198 0.5347
vt 0.4201 0.5236
vt 0.4257 0.5336
vt 0.4227 0.5457
vt 0.4306 0.5445
vt 0.4319 0.5556
vt 0.4293 0.5448
vt 0.4249 0.5562
vt 0.4332 0.5554
vt 0.4321 0.5668
vt 0.4319 0.5556
vt 0.4159 0.5467
vt 0.4198 0.5347
vt 0.4227 0.5457
vt 0.4136 0.5359
vt 0.4135 0.5249
vt 0.4198 0.5347
vt 0.4079 0.5259
vt 0.4078 0.5156
vt 0.4136 0.5146
vt 0.4076 0.5055
vt 0.4134 0.5044
vt 0.4069 0.4950
vt 0.4016 0.5059
vt 0.4017 0.5162
vt 0.4069 0.4950
vt 0.4013 0.4826
vt 0.4061 0.4824
vt 0.4083 0.5368
vt 0.4083 0.5368
vt 0.4159 0.5467
vt 0.4101 0.5476
vt 0.4026 0.5376
vt 0.4040 0.5488
vt 0.3981 0.5382
vt 0.4026 0.5376
vt 0.4020 0.5266
vt 0.4016 0.4694
vt 0.4068 0.4692
vt 0.3939 0.3159
vt 0.3998 0.3303
vt 0.4039 0.3446
vt 0.3998 0.3303
vt 0.4031 0.3302
vt 0.4080 0.3585
vt 0.4194 0.3908
vt 0.4178 0.4684
vt 0.4201 0.5236
vt 0.4255 0.5670
vt 0.4114 0.5581
vt 0.4051 0.5595
vt 0.3988 0.6204
vt 0.4196 0.6159
vt 0.4213 0.6772
vt 0.4240 0.6899
vt 0.4280 0.7025
vt 0.4319 0.7151
vt 0.4910 0.7025
vt 0.4818 0.6918
vt 0.4829 0.6911
vt 0.4921 0.7019
vt 0.4910 0.7025
vt 0.4982 0.7135
vt 0.4971 0.7140
vt 0.4971 0.7140
vt 0.5041 0.7242
vt 0.5029 0.7248
vt 0.5124 0.7339
vt 0.5135 0.7332
vt 0.5228 0.7439
vt 0.5049 0.7234
vt 0.4993 0.7129
vt 0.5041 0.7242
vt 0.4982 0.7135
vt 0.4931 0.7011
vt 0.4982 0.7135
vt 0.4921 0.7019
vt 0.4837 0.6901
vt 0.4705 0.6777
vt 0.4837 0.6901
vt 0.4829 0.6911
vt 0.4695 0.6785
vt 0.4666 0.6627
vt 0.4705 0.6777
vt 0.5143 0.7322
vt 0.5228 0.7439
vt 0.5143 0.7322
vt 0.5238 0.7431
vt 0.5281 0.7559
vt 0.5216 0.7445
vt 0.5269 0.7564
vt 0.5269 0.7564
vt 0.5324 0.7682
vt 0.5312 0.7688
vt 0.5166 0.7742
vt 0.5116 0.7621
vt 0.5061 0.7504
vt 0.5124 0.7339
vt 0.5216 0.7445
vt 0.4980 0.7394
vt 0.4980 0.7394
vt 0.4863 0.7560
vt 0.4795 0.7448
vt 0.5061 0.7504
vt 0.4912 0.7676
vt 0.4863 0.7560
vt 0.5116 0.7621
vt 0.4958 0.7795
vt 0.4912 0.7676
vt 0.4912 0.7676
vt 0.4752 0.7823
vt 0.4713 0.7708
vt 0.5324 0.7682
vt 0.5437 0.7771
vt 0.5426 0.7779
vt 0.5437 0.7771
vt 0.5537 0.7868
vt 0.5525 0.7874
vt 0.5444 0.7761
vt 0.5333 0.7675
vt 0.5293 0.7555
vt 0.5324 0.7682
vt 0.5281 0.7559
vt 0.5546 0.7861
vt 0.5595 0.7990
vt 0.5546 0.7861
vt 0.5605 0.7987
vt 0.5644 0.8114
vt 0.5605 0.7987
vt 0.5649 0.8108
vt 0.5786 0.8183
vt 0.5649 0.8108
vt 0.5789 0.8173
vt 0.5924 0.8255
vt 0.5789 0.8173
vt 0.5930 0.8245
vt 0.6038 0.8362
vt 0.5930 0.8245
vt 0.6047 0.8353
vt 0.6134 0.8455
vt 0.6047 0.8353
vt 0.6140 0.8443
vt 0.6288 0.8511
vt 0.6140 0.8443
vt 0.6291 0.8497
vt 0.6416 0.8559
vt 0.6291 0.8497
vt 0.6421 0.8546
vt 0.6519 0.8627
vt 0.6421 0.8546
vt 0.6525 0.8616
vt 0.6525 0.8616
vt 0.6619 0.8696
vt 0.6614 0.8707
vt 0.6740 0.8748
vt 0.6619 0.8696
vt 0.6743 0.8735
vt 0.6859 0.8792
vt 0.6743 0.8735
vt 0.6864 0.8780
vt 0.6864 0.8780
vt 0.6968 0.8847
vt 0.6961 0.8858
vt 0.6968 0.8847
vt 0.7074 0.8913
vt 0.7069 0.8925
vt 0.7205 0.8939
vt 0.7332 0.8979
vt 0.7332 0.8979
vt 0.7452 0.9041
vt 0.7445 0.9053
vt 0.7452 0.9041
vt 0.7568 0.9105
vt 0.7564 0.9119
vt 0.7564 0.9119
vt 0.7694 0.9121
vt 0.7693 0.9135
vt 0.5439 0.8063
vt 0.5267 0.7842
vt 0.5042 0.7906
vt 0.4865 0.8368
vt 0.4657 0.8193
vt 0.4929 0.8237
vt 0.5112 0.8429
vt 0.5017 0.8542
vt 0.4865 0.8368
vt 0.5112 0.8429
vt 0.4645 0.8332
vt 0.4806 0.8497
vt 0.4604 0.8473
vt 0.4748 0.8635
vt 0.4927 0.8670
vt 0.4806 0.8497
vt 0.5017 0.8542
vt 0.5095 0.8766
vt 0.5017 0.8542
vt 0.5188 0.8637
vt 0.5198 0.8981
vt 0.5095 0.8766
vt 0.5266 0.8848
vt 0.5372 0.9016
vt 0.5541 0.9028
vt 0.5438 0.8895
vt 0.5607 0.8928
vt 0.5684 0.9117
vt 0.5840 0.9189
vt 0.6000 0.9219
vt 0.6154 0.9232
vt 0.6340 0.9228
vt 0.6278 0.9315
vt 0.6154 0.9232
vt 0.6000 0.9219
vt 0.6154 0.9232
vt 0.6148 0.9247
vt 0.5997 0.9234
vt 0.5835 0.9203
vt 0.5996 0.9246
vt 0.5831 0.9215
vt 0.6145 0.9259
vt 0.6270 0.9327
vt 0.6264 0.9338
vt 0.6405 0.9404
vt 0.6410 0.9392
vt 0.6270 0.9327
vt 0.6278 0.9315
vt 0.6569 0.9446
vt 0.6405 0.9404
vt 0.6410 0.9392
vt 0.6401 0.9416
vt 0.6567 0.9459
vt 0.6567 0.9459
vt 0.6741 0.9479
vt 0.6736 0.9490
vt 0.6883 0.9576
vt 0.6573 0.9433
vt 0.6747 0.9465
vt 0.6741 0.9479
vt 0.6889 0.9564
vt 0.6927 0.9459
vt 0.7107 0.9419
vt 0.6927 0.9459
vt 0.6970 0.9361
vt 0.7067 0.9521
vt 0.7249 0.9458
vt 0.7219 0.9557
vt 0.7067 0.9521
vt 0.7067 0.9521
vt 0.7028 0.9631
vt 0.6889 0.9564
vt 0.7028 0.9631
vt 0.7219 0.9557
vt 0.7196 0.9661
vt 0.7370 0.9582
vt 0.7390 0.9490
vt 0.7419 0.9404
vt 0.7249 0.9458
vt 0.7285 0.9365
vt 0.7322 0.9282
vt 0.7285 0.9365
vt 0.7150 0.9320
vt 0.7451 0.9327
vt 0.7583 0.9364
vt 0.7552 0.9448
vt 0.7419 0.9404
vt 0.7390 0.9490
vt 0.7552 0.9448
vt 0.7525 0.9541
vt 0.7370 0.9582
vt 0.7525 0.9541
vt 0.7506 0.9639
vt 0.7360 0.9671
vt 0.7499 0.9743
vt 0.7196 0.9661
vt 0.7360 0.9671
vt 0.7356 0.9685
vt 0.7194 0.9675
vt 0.7028 0.9631
vt 0.7194 0.9675
vt 0.7024 0.9644
vt 0.7192 0.9688
vt 0.7352 0.9697
vt 0.7020 0.9656
vt 0.6876 0.9587
vt 0.7356 0.9685
vt 0.7485 0.9767
vt 0.7352 0.9697
vt 0.7493 0.9756
vt 0.7451 0.9327
vt 0.7619 0.9283
vt 0.7583 0.9364
vt 0.7487 0.9252
vt 0.7499 0.9743
vt 0.7363 0.9200
vt 0.7524 0.9186
vt 0.7655 0.9211
vt 0.5667 0.8257
vt 0.6124 0.9025
vt 0.5677 0.9130
vt 0.5840 0.9189
vt 0.5835 0.9203
vt 0.5671 0.9142
vt 0.5835 0.9203
vt 0.5831 0.9215
vt 0.5532 0.9056
vt 0.5677 0.9130
vt 0.5671 0.9142
vt 0.5536 0.9043
vt 0.5684 0.9117
vt 0.5677 0.9130
vt 0.5536 0.9043
vt 0.5369 0.9031
vt 0.5372 0.9016
vt 0.5193 0.8995
vt 0.5369 0.9044
vt 0.5369 0.9044
vt 0.5189 0.9008
vt 0.5193 0.8995
vt 0.5007 0.8900
vt 0.5198 0.8981
vt 0.5193 0.8995
vt 0.5000 0.8912
vt 0.4842 0.8802
vt 0.5007 0.8900
vt 0.5000 0.8912
vt 0.5015 0.8886
vt 0.4927 0.8670
vt 0.5015 0.8886
vt 0.4854 0.8774
vt 0.4748 0.8635
vt 0.4854 0.8774
vt 0.4702 0.8756
vt 0.4557 0.8621
vt 0.4381 0.8435
vt 0.4604 0.8473
vt 0.4557 0.8621
vt 0.4360 0.8591
vt 0.4360 0.8591
vt 0.4155 0.8701
vt 0.4157 0.8543
vt 0.4346 0.8747
vt 0.4527 0.8764
vt 0.4152 0.8720
vt 0.4346 0.8747
vt 0.4344 0.8764
vt 0.4344 0.8764
vt 0.4527 0.8764
vt 0.4526 0.8781
vt 0.4526 0.8781
vt 0.4702 0.8756
vt 0.4700 0.8773
vt 0.4700 0.8773
vt 0.4854 0.8774
vt 0.4847 0.8789
vt 0.4701 0.8787
vt 0.4847 0.8789
vt 0.4842 0.8802
vt 0.4526 0.8796
vt 0.4700 0.8773
vt 0.4701 0.8787
vt 0.4341 0.8780
vt 0.4526 0.8781
vt 0.4526 0.8796
vt 0.4341 0.8780
vt 0.4147 0.8736
vt 0.4152 0.8720
vt 0.3950 0.8677
vt 0.3748 0.8720
vt 0.3950 0.8677
vt 0.3754 0.8736
vt 0.3559 0.8780
vt 0.3557 0.8764
vt 0.3374 0.8764
vt 0.3557 0.8764
vt 0.3375 0.8781
vt 0.3199 0.8756
vt 0.3200 0.8773
vt 0.3046 0.8774
vt 0.3200 0.8773
vt 0.3053 0.8789
vt 0.2885 0.8886
vt 0.3053 0.8789
vt 0.2894 0.8900
vt 0.2702 0.8981
vt 0.2894 0.8900
vt 0.2707 0.8995
vt 0.2528 0.9016
vt 0.2634 0.8848
vt 0.2528 0.9016
vt 0.2462 0.8895
vt 0.2547 0.8717
vt 0.2462 0.8895
vt 0.2380 0.8778
vt 0.2380 0.8778
vt 0.2294 0.8928
vt 0.2215 0.8830
vt 0.2071 0.8909
vt 0.2215 0.8830
vt 0.2150 0.9012
vt 0.2001 0.9080
vt 0.2294 0.8928
vt 0.2216 0.9117
vt 0.2150 0.9012
vt 0.2061 0.9189
vt 0.2359 0.9028
vt 0.2528 0.9016
vt 0.2365 0.9043
vt 0.2359 0.9028
vt 0.2531 0.9031
vt 0.2532 0.9044
vt 0.2216 0.9117
vt 0.2365 0.9043
vt 0.2223 0.9130
vt 0.2061 0.9189
vt 0.2223 0.9130
vt 0.2065 0.9203
vt 0.1901 0.9219
vt 0.1746 0.9232
vt 0.1846 0.9122
vt 0.1901 0.9219
vt 0.1903 0.9234
vt 0.1752 0.9247
vt 0.1752 0.9247
vt 0.1622 0.9315
vt 0.1746 0.9232
vt 0.1490 0.9392
vt 0.1560 0.9228
vt 0.1622 0.9315
vt 0.1630 0.9327
vt 0.1490 0.9392
vt 0.1630 0.9327
vt 0.1496 0.9404
vt 0.1332 0.9446
vt 0.1334 0.9459
vt 0.1159 0.9479
vt 0.1332 0.9446
vt 0.1500 0.9416
vt 0.1637 0.9338
vt 0.1756 0.9259
vt 0.1904 0.9246
vt 0.2069 0.9215
vt 0.2230 0.9142
vt 0.2368 0.9056
vt 0.1164 0.9490
vt 0.1017 0.9576
vt 0.1159 0.9479
vt 0.1024 0.9587
vt 0.0877 0.9644
vt 0.1017 0.9576
vt 0.0880 0.9656
vt 0.0708 0.9688
vt 0.0877 0.9644
vt 0.0708 0.9688
vt 0.0548 0.9697
vt 0.0707 0.9675
vt 0.0548 0.9697
vt 0.0416 0.9767
vt 0.0544 0.9685
vt 0.0408 0.9756
vt 0.2712 0.9008
vt 0.2532 0.9044
vt 0.2707 0.8995
vt 0.2901 0.8912
vt 0.3058 0.8802
vt 0.3199 0.8787
vt 0.3200 0.8773
vt 0.3374 0.8796
vt 0.3199 0.8787
vt 0.3559 0.8780
vt 0.2286 0.8676
vt 0.2286 0.8676
vt 0.2129 0.8744
vt 0.2184 0.8587
vt 0.1984 0.8816
vt 0.2040 0.8666
vt 0.2129 0.8744
vt 0.1424 0.9296
vt 0.1227 0.9029
vt 0.0617 0.9072
vt 0.0580 0.9003
vt 0.1966 0.8434
vt 0.1976 0.8255
vt 0.1970 0.8245
vt 0.2111 0.8173
vt 0.1976 0.8255
vt 0.2111 0.8173
vt 0.2251 0.8108
vt 0.2114 0.8183
vt 0.2251 0.8108
vt 0.2296 0.7987
vt 0.2256 0.8114
vt 0.2296 0.7987
vt 0.2354 0.7861
vt 0.2305 0.7990
vt 0.2364 0.7868
vt 0.2354 0.7861
vt 0.2457 0.7761
vt 0.2364 0.7868
vt 0.2457 0.7761
vt 0.2567 0.7675
vt 0.2464 0.7771
vt 0.2567 0.7675
vt 0.2608 0.7555
vt 0.2577 0.7682
vt 0.2608 0.7555
vt 0.2663 0.7431
vt 0.2619 0.7559
vt 0.2663 0.7431
vt 0.2758 0.7322
vt 0.2673 0.7439
vt 0.1853 0.8353
vt 0.1970 0.8245
vt 0.1862 0.8362
vt 0.1760 0.8443
vt 0.1853 0.8353
vt 0.1766 0.8455
vt 0.1609 0.8497
vt 0.1760 0.8443
vt 0.1612 0.8511
vt 0.1480 0.8546
vt 0.1609 0.8497
vt 0.1484 0.8559
vt 0.1375 0.8616
vt 0.1480 0.8546
vt 0.1382 0.8627
vt 0.1281 0.8696
vt 0.1375 0.8616
vt 0.1286 0.8707
vt 0.1157 0.8735
vt 0.1281 0.8696
vt 0.1160 0.8748
vt 0.1037 0.8780
vt 0.1157 0.8735
vt 0.1042 0.8792
vt 0.0933 0.8847
vt 0.1037 0.8780
vt 0.0940 0.8858
vt 0.0827 0.8913
vt 0.0933 0.8847
vt 0.0831 0.8925
vt 0.0695 0.8939
vt 0.0569 0.8979
vt 0.0448 0.9041
vt 0.0569 0.8979
vt 0.0456 0.9053
vt 0.0333 0.9105
vt 0.0448 0.9041
vt 0.0337 0.9119
vt 0.0207 0.9121
vt 0.0337 0.9119
vt 0.0207 0.9135
vt 0.2784 0.7621
vt 0.2839 0.7504
vt 0.2988 0.7676
vt 0.2784 0.7621
vt 0.2942 0.7795
vt 0.3038 0.7560
vt 0.3038 0.7560
vt 0.2920 0.7394
vt 0.3105 0.7448
vt 0.3105 0.7448
vt 0.3004 0.7292
vt 0.3175 0.7337
vt 0.3175 0.7337
vt 0.3339 0.7368
vt 0.3283 0.7482
vt 0.3105 0.7448
vt 0.3283 0.7482
vt 0.3230 0.7595
vt 0.3038 0.7560
vt 0.3230 0.7595
vt 0.3188 0.7708
vt 0.2988 0.7676
vt 0.3188 0.7708
vt 0.3148 0.7823
vt 0.3363 0.7832
vt 0.3397 0.7722
vt 0.3431 0.7613
vt 0.3470 0.7503
vt 0.3509 0.7390
vt 0.3384 0.7248
vt 0.3545 0.7273
vt 0.3509 0.7390
vt 0.3581 0.7151
vt 0.3693 0.7291
vt 0.3545 0.7273
vt 0.3429 0.7124
vt 0.3620 0.7025
vt 0.3719 0.7172
vt 0.3581 0.7151
vt 0.3484 0.6998
vt 0.3660 0.6899
vt 0.3744 0.7048
vt 0.3620 0.7025
vt 0.3546 0.6875
vt 0.3576 0.6746
vt 0.3546 0.6875
vt 0.3469 0.6715
vt 0.3507 0.6587
vt 0.3608 0.6620
vt 0.3507 0.6587
vt 0.3554 0.6471
vt 0.3645 0.6500
vt 0.3457 0.6430
vt 0.3597 0.6360
vt 0.3693 0.6270
vt 0.3597 0.6360
vt 0.3611 0.6248
vt 0.3522 0.6218
vt 0.3623 0.6139
vt 0.3611 0.6248
vt 0.3511 0.6324
vt 0.3522 0.6218
vt 0.3511 0.6324
vt 0.3443 0.6288
vt 0.3531 0.6114
vt 0.3642 0.6027
vt 0.3531 0.6114
vt 0.3552 0.6007
vt 0.3591 0.5900
vt 0.3678 0.6385
vt 0.3740 0.6523
vt 0.3713 0.6646
vt 0.3645 0.6500
vt 0.3713 0.6646
vt 0.3790 0.6792
vt 0.3688 0.6772
vt 0.3399 0.6543
vt 0.3399 0.6543
vt 0.3469 0.6715
vt 0.3354 0.6674
vt 0.3433 0.6849
vt 0.3313 0.6817
vt 0.3350 0.6971
vt 0.3204 0.6941
vt 0.3282 0.7094
vt 0.3123 0.7058
vt 0.3228 0.7218
vt 0.3063 0.7178
vt 0.2991 0.7025
vt 0.3083 0.6918
vt 0.3219 0.6791
vt 0.2918 0.7135
vt 0.2991 0.7025
vt 0.2930 0.7140
vt 0.2860 0.7242
vt 0.2930 0.7140
vt 0.2871 0.7248
vt 0.3072 0.6911
vt 0.3206 0.6785
vt 0.3443 0.6288
vt 0.3582 0.5442
vt 0.3630 0.5334
vt 0.3582 0.5442
vt 0.3617 0.5333
vt 0.3621 0.5221
vt 0.3617 0.5333
vt 0.3608 0.5223
vt 0.3700 0.5236
vt 0.3765 0.5146
vt 0.3928 0.4946
vt 0.3927 0.5266
vt 0.3902 0.5611
vt 0.3843 0.5703
vt 0.3781 0.5686
vt 0.3941 0.4817
vt 0.5095 0.8766
vt 0.5289 0.8522
vt 0.4165 0.8387
vt 0.4171 0.8243
vt 0.3735 0.8387
vt 0.4331 0.7824
vt 0.4538 0.7832
vt 0.4431 0.7503
vt 0.4562 0.7368
vt 0.4673 0.7218
vt 0.4713 0.7708
vt 0.4617 0.6488
vt 0.4458 0.6288
vt 0.4478 0.6087
vt 0.4478 0.6087
vt 0.4445 0.5987
vt 0.4457 0.5983
vt 0.4408 0.5885
vt 0.3908 0.6312
vt 0.3678 0.6385
vt 0.3660 0.6899
vt 0.3384 0.7248
vt 0.3668 0.7403
vt 0.3339 0.7368
vt 0.3643 0.7511
vt 0.2777 0.7339
vt 0.2758 0.7322
vt 0.2858 0.7906
vt 0.3319 0.7945
vt 0.3544 0.7929
vt 0.3570 0.7824
vt 0.3594 0.7721
vt 0.3619 0.7617
vt 0.2972 0.8237
vt 0.4752 0.7823
vt 0.6787 0.9380
vt 0.6746 0.9163
vt 0.6740 0.8946
vt 0.6343 0.8993
vt 0.6366 0.8781
vt 0.4996 0.4429
vt 0.4998 0.4291
vt 0.5060 0.3911
vt 0.5009 0.3768
vt 0.4956 0.3896
vt 0.5012 0.3636
vt 0.5116 0.3679
vt 0.5220 0.3468
vt 0.5207 0.3612
vt 0.5191 0.3742
vt 0.5168 0.3857
vt 0.5277 0.1915
vt 0.4982 0.1827
vt 0.5122 0.2373
vt 0.5407 0.2655
vt 0.5474 0.2799
vt 0.8719 0.0728
vt 0.8437 0.0603
vt 0.5738 0.1642
vt 0.5828 0.1441
vt 0.8283 0.0387
vt 0.3577 0.5787
vt 0.3516 0.5897
vt 0.3643 0.5336
vt 0.0681 0.9557
vt 0.0510 0.9490
vt 0.0481 0.9404
vt 0.0376 0.9186
vt 0.3351 0.1137
vt 0.3301 0.1244
vt 0.3471 0.1821
vt 0.3769 0.1689
vt 0.1841 0.8881
vt 0.1557 0.8993
vt 0.1356 0.8975
vt 0.2420 0.1012
vt 0.9505 0.9415
vt 0.9492 0.9408
vt 0.9504 0.9407
vt 0.9516 0.9412
vt 0.9501 0.9354
vt 0.9522 0.9349
vt 0.9514 0.9418
vt 0.9541 0.9420
vt 0.9533 0.9428
vt 0.9578 0.9448
vt 0.9522 0.9452
vt 0.9566 0.9475
vt 0.9591 0.9434
vt 0.9591 0.9434
vt 0.9556 0.9342
vt 0.9605 0.9327
vt 0.9595 0.9312
vt 0.9549 0.9329
vt 0.9549 0.9329
vt 0.9522 0.9349
vt 0.9521 0.9339
vt 0.9503 0.9343
vt 0.9516 0.9319
vt 0.9512 0.9321
vt 0.9501 0.9354
vt 0.9488 0.9336
vt 0.9503 0.9343
vt 0.9485 0.9350
vt 0.9457 0.9322
vt 0.9488 0.9336
vt 0.9502 0.9314
vt 0.9512 0.9321
vt 0.9502 0.9314
vt 0.9457 0.9322
vt 0.9469 0.9296
vt 0.9410 0.9278
vt 0.9410 0.9278
vt 0.9364 0.9315
vt 0.9355 0.9285
vt 0.9341 0.9321
vt 0.9343 0.9327
vt 0.9329 0.9321
vt 0.9333 0.9296
vt 0.9333 0.9296
vt 0.9329 0.9321
vt 0.9328 0.9297
vt 0.9313 0.9314
vt 0.9313 0.9314
vt 0.9271 0.9318
vt 0.9273 0.9300
vt 0.9209 0.9308
vt 0.9309 0.9328
vt 0.9326 0.9328
vt 0.9315 0.9287
vt 0.9273 0.9300
vt 0.9268 0.9272
vt 0.9315 0.9287
vt 0.9210 0.9287
vt 0.9204 0.9258
vt 0.9296 0.9387
vt 0.9315 0.9387
vt 0.9340 0.9392
vt 0.9326 0.9328
vt 0.9343 0.9327
vt 0.9368 0.9326
vt 0.9407 0.9313
vt 0.9409 0.9328
vt 0.9456 0.9338
vt 0.9415 0.9408
vt 0.9463 0.9413
vt 0.9494 0.9420
vt 0.9461 0.9428
vt 0.9463 0.9413
vt 0.9409 0.9425
vt 0.9452 0.9456
vt 0.9393 0.9447
vt 0.9409 0.9425
vt 0.9364 0.9412
vt 0.9371 0.9399
vt 0.9340 0.9392
vt 0.9364 0.9412
vt 0.9338 0.9403
vt 0.9318 0.9399
vt 0.9327 0.9424
vt 0.9299 0.9402
vt 0.9315 0.9387
vt 0.9318 0.9399
vt 0.9321 0.9422
vt 0.9299 0.9402
vt 0.9255 0.9405
vt 0.9296 0.9387
vt 0.9255 0.9422
vt 0.9191 0.9430
vt 0.9255 0.9405
vt 0.9192 0.9449
vt 0.9268 0.9448
vt 0.9312 0.9426
vt 0.9255 0.9422
vt 0.9299 0.9402
vt 0.9206 0.9475
vt 0.9327 0.9424
vt 0.9364 0.9412
vt 0.9348 0.9433
vt 0.9494 0.9448
vt 0.9494 0.9420
vt 0.9505 0.9438
vt 0.9494 0.9448
vt 0.9505 0.9415
vt 0.9507 0.9439
vt 0.9505 0.9438
vt 0.9371 0.9399
vt 0.9492 0.9408
vt 0.9485 0.9350
vt 0.9534 0.9311
vt 0.9576 0.9295
vt 0.9541 0.9420
vt 0.6650 0.7320
vt 0.6754 0.7316
vt 0.6751 0.7337
vt 0.6647 0.7339
vt 0.6555 0.7322
vt 0.6553 0.7340
vt 0.6473 0.7327
vt 0.6472 0.7343
vt 0.6404 0.7331
vt 0.6404 0.7345
vt 0.6344 0.7330
vt 0.6415 0.7232
vt 0.6344 0.7342
vt 0.6296 0.7323
vt 0.6366 0.7235
vt 0.6296 0.7334
vt 0.6282 0.7320
vt 0.6296 0.7323
vt 0.6351 0.7235
vt 0.6355 0.7226
vt 0.6372 0.7224
vt 0.6415 0.7232
vt 0.6372 0.7224
vt 0.6420 0.7220
vt 0.6476 0.7231
vt 0.6478 0.7217
vt 0.6543 0.7232
vt 0.6543 0.7232
vt 0.6626 0.7219
vt 0.6626 0.7234
vt 0.6719 0.7232
vt 0.6806 0.7234
vt 0.6719 0.7232
vt 0.6718 0.7215
vt 0.6806 0.7210
vt 0.6806 0.7210
vt 0.6910 0.7214
vt 0.6908 0.7237
vt 0.7005 0.7240
vt 0.7007 0.7221
vt 0.7093 0.7236
vt 0.7098 0.7221
vt 0.7067 0.7313
vt 0.7189 0.7229
vt 0.7098 0.7221
vt 0.7008 0.7202
vt 0.7101 0.7204
vt 0.7196 0.7215
vt 0.7101 0.7204
vt 0.7201 0.7201
vt 0.7298 0.7207
vt 0.7201 0.7201
vt 0.7303 0.7195
vt 0.7411 0.7200
vt 0.7303 0.7195
vt 0.7415 0.7189
vt 0.7516 0.7196
vt 0.7415 0.7189
vt 0.7519 0.7184
vt 0.7626 0.7198
vt 0.7519 0.7184
vt 0.7628 0.7185
vt 0.7741 0.7203
vt 0.7516 0.7196
vt 0.7626 0.7198
vt 0.7622 0.7212
vt 0.7510 0.7209
vt 0.7585 0.7322
vt 0.7740 0.7217
vt 0.7712 0.7322
vt 0.7585 0.7332
vt 0.7473 0.7320
vt 0.7585 0.7322
vt 0.7714 0.7337
vt 0.7473 0.7328
vt 0.7369 0.7318
vt 0.7403 0.7213
vt 0.7266 0.7328
vt 0.7369 0.7318
vt 0.7371 0.7328
vt 0.7379 0.7345
vt 0.7272 0.7345
vt 0.7371 0.7328
vt 0.7272 0.7345
vt 0.7172 0.7345
vt 0.7266 0.7328
vt 0.7167 0.7328
vt 0.7263 0.7315
vt 0.7266 0.7328
vt 0.7166 0.7313
vt 0.7166 0.7313
vt 0.7066 0.7332
vt 0.7067 0.7313
vt 0.6967 0.7318
vt 0.6964 0.7341
vt 0.6862 0.7319
vt 0.6967 0.7318
vt 0.6858 0.7342
vt 0.6858 0.7361
vt 0.6750 0.7356
vt 0.6858 0.7342
vt 0.6750 0.7356
vt 0.6647 0.7356
vt 0.6751 0.7337
vt 0.6647 0.7356
vt 0.6555 0.7355
vt 0.6647 0.7339
vt 0.6555 0.7355
vt 0.6475 0.7357
vt 0.6553 0.7340
vt 0.6475 0.7357
vt 0.6409 0.7357
vt 0.6472 0.7343
vt 0.6409 0.7357
vt 0.6350 0.7353
vt 0.6404 0.7345
vt 0.6350 0.7353
vt 0.6302 0.7344
vt 0.6344 0.7342
vt 0.6302 0.7344
vt 0.6288 0.7339
vt 0.6296 0.7334
vt 0.6283 0.7330
vt 0.6282 0.7320
vt 0.6344 0.7228
vt 0.6351 0.7235
vt 0.6344 0.7228
vt 0.6273 0.7316
vt 0.6266 0.7309
vt 0.6334 0.7222
vt 0.6965 0.7360
vt 0.6858 0.7361
vt 0.6964 0.7341
vt 0.7069 0.7350
vt 0.6965 0.7360
vt 0.7066 0.7332
vt 0.6806 0.7234
vt 0.6908 0.7237
vt 0.6803 0.7197
vt 0.6908 0.7198
vt 0.6806 0.7210
vt 0.6713 0.7199
vt 0.6803 0.7197
vt 0.6718 0.7215
vt 0.6621 0.7202
vt 0.6713 0.7199
vt 0.6626 0.7219
vt 0.6544 0.7217
vt 0.6540 0.7202
vt 0.6621 0.7202
vt 0.6544 0.7217
vt 0.6476 0.7202
vt 0.6540 0.7202
vt 0.6478 0.7217
vt 0.6421 0.7206
vt 0.6476 0.7202
vt 0.6420 0.7220
vt 0.6374 0.7211
vt 0.6421 0.7206
vt 0.6372 0.7224
vt 0.6359 0.7215
vt 0.7008 0.7202
vt 0.7196 0.7215
vt 0.7298 0.7207
vt 0.7290 0.7221
vt 0.7263 0.7315
vt 0.7403 0.7213
vt 0.7369 0.7318
vt 0.7481 0.7346
vt 0.7590 0.7349
vt 0.7590 0.7349
vt 0.7714 0.7337
vt 0.7715 0.7351
vt 0.7715 0.7351
vt 0.7794 0.7332
vt 0.7795 0.7347
vt 0.7795 0.7347
vt 0.7863 0.7332
vt 0.7862 0.7347
vt 0.7862 0.7347
vt 0.7926 0.7336
vt 0.7923 0.7352
vt 0.7923 0.7352
vt 0.7988 0.7344
vt 0.7983 0.7360
vt 0.8057 0.7373
vt 0.8063 0.7358
vt 0.8128 0.7370
vt 0.8063 0.7358
vt 0.8069 0.7343
vt 0.8136 0.7356
vt 0.8208 0.7385
vt 0.8217 0.7372
vt 0.8344 0.7416
vt 0.8352 0.7403
vt 0.8478 0.7444
vt 0.8486 0.7431
vt 0.8592 0.7458
vt 0.8599 0.7445
vt 0.8692 0.7463
vt 0.8699 0.7451
vt 0.8760 0.7464
vt 0.8767 0.7451
vt 0.8815 0.7450
vt 0.8781 0.7345
vt 0.8721 0.7336
vt 0.8628 0.7325
vt 0.8519 0.7315
vt 0.8380 0.7308
vt 0.8240 0.7298
vt 0.8163 0.7288
vt 0.7992 0.7328
vt 0.8122 0.7383
vt 0.8128 0.7370
vt 0.8201 0.7398
vt 0.8122 0.7383
vt 0.8208 0.7385
vt 0.8337 0.7429
vt 0.8201 0.7398
vt 0.8344 0.7416
vt 0.8472 0.7456
vt 0.8337 0.7429
vt 0.8478 0.7444
vt 0.8585 0.7471
vt 0.8472 0.7456
vt 0.8592 0.7458
vt 0.8686 0.7476
vt 0.8585 0.7471
vt 0.8692 0.7463
vt 0.8754 0.7477
vt 0.8686 0.7476
vt 0.8760 0.7464
vt 0.8803 0.7476
vt 0.8754 0.7477
vt 0.8809 0.7463
vt 0.8853 0.7448
vt 0.8809 0.7463
vt 0.8815 0.7450
vt 0.8824 0.7353
vt 0.8858 0.7359
vt 0.8881 0.7448
vt 0.8848 0.7461
vt 0.8853 0.7448
vt 0.8883 0.7362
vt 0.8878 0.7461
vt 0.8904 0.7449
vt 0.8903 0.7364
vt 0.8927 0.7450
vt 0.8902 0.7462
vt 0.8904 0.7449
vt 0.8924 0.7365
vt 0.8926 0.7464
vt 0.8926 0.7464
vt 0.8949 0.7452
vt 0.8950 0.7466
vt 0.8950 0.7466
vt 0.8972 0.7454
vt 0.8974 0.7467
vt 0.8974 0.7467
vt 0.8997 0.7456
vt 0.8999 0.7469
vt 0.8999 0.7469
vt 0.9022 0.7459
vt 0.9025 0.7471
vt 0.9025 0.7471
vt 0.9050 0.7462
vt 0.9053 0.7474
vt 0.9053 0.7474
vt 0.9081 0.7465
vt 0.9084 0.7476
vt 0.9120 0.7478
vt 0.9117 0.7468
vt 0.9161 0.7480
vt 0.9160 0.7469
vt 0.9206 0.7478
vt 0.9205 0.7468
vt 0.9248 0.7474
vt 0.9207 0.7489
vt 0.9248 0.7485
vt 0.9248 0.7464
vt 0.9285 0.7467
vt 0.9283 0.7478
vt 0.9318 0.7459
vt 0.9285 0.7467
vt 0.9286 0.7457
vt 0.9320 0.7448
vt 0.9350 0.7453
vt 0.9352 0.7441
vt 0.9350 0.7453
vt 0.9386 0.7434
vt 0.9385 0.7447
vt 0.9385 0.7447
vt 0.9423 0.7425
vt 0.9423 0.7439
vt 0.9471 0.7425
vt 0.9471 0.7411
vt 0.9539 0.7399
vt 0.9538 0.7385
vt 0.9628 0.7363
vt 0.9627 0.7349
vt 0.9725 0.7318
vt 0.9723 0.7305
vt 0.9795 0.7275
vt 0.9596 0.7256
vt 0.9508 0.7284
vt 0.9444 0.7308
vt 0.9403 0.7327
vt 0.9371 0.7342
vt 0.9423 0.7425
vt 0.9386 0.7434
vt 0.9341 0.7353
vt 0.9386 0.7434
vt 0.9352 0.7441
vt 0.9311 0.7360
vt 0.9276 0.7363
vt 0.9236 0.7365
vt 0.9286 0.7457
vt 0.9248 0.7464
vt 0.9192 0.7367
vt 0.9235 0.7354
vt 0.9236 0.7365
vt 0.9192 0.7356
vt 0.9192 0.7356
vt 0.9145 0.7368
vt 0.9147 0.7357
vt 0.9147 0.7357
vt 0.9103 0.7369
vt 0.9106 0.7358
vt 0.9106 0.7358
vt 0.9067 0.7370
vt 0.9071 0.7359
vt 0.9071 0.7359
vt 0.9038 0.7369
vt 0.9042 0.7358
vt 0.9011 0.7369
vt 0.9016 0.7357
vt 0.8987 0.7368
vt 0.8991 0.7356
vt 0.8964 0.7367
vt 0.8967 0.7355
vt 0.8945 0.7353
vt 0.8972 0.7341
vt 0.8949 0.7338
vt 0.8996 0.7343
vt 0.9016 0.7357
vt 0.8996 0.7343
vt 0.9022 0.7345
vt 0.9042 0.7358
vt 0.9022 0.7345
vt 0.9048 0.7346
vt 0.9071 0.7359
vt 0.9048 0.7346
vt 0.9076 0.7348
vt 0.9110 0.7347
vt 0.9110 0.7347
vt 0.9150 0.7346
vt 0.9106 0.7358
vt 0.9150 0.7346
vt 0.9193 0.7345
vt 0.9147 0.7357
vt 0.9193 0.7345
vt 0.9234 0.7343
vt 0.9192 0.7356
vt 0.9235 0.7354
vt 0.9234 0.7343
vt 0.9269 0.7342
vt 0.9269 0.7342
vt 0.9300 0.7338
vt 0.9272 0.7353
vt 0.9311 0.7360
vt 0.9272 0.7353
vt 0.9305 0.7349
vt 0.9341 0.7353
vt 0.9305 0.7349
vt 0.9335 0.7342
vt 0.9335 0.7342
vt 0.9364 0.7329
vt 0.9371 0.7342
vt 0.9364 0.7329
vt 0.9395 0.7313
vt 0.9403 0.7327
vt 0.9395 0.7313
vt 0.9436 0.7295
vt 0.9444 0.7308
vt 0.9436 0.7295
vt 0.9500 0.7271
vt 0.9508 0.7284
vt 0.9500 0.7271
vt 0.9588 0.7242
vt 0.9596 0.7256
vt 0.9596 0.7256
vt 0.9686 0.7215
vt 0.9693 0.7228
vt 0.9764 0.7207
vt 0.9767 0.7192
vt 0.9755 0.7184
vt 0.9681 0.7203
vt 0.9582 0.7230
vt 0.9681 0.7203
vt 0.9588 0.7242
vt 0.9493 0.7259
vt 0.9582 0.7230
vt 0.9500 0.7271
vt 0.9428 0.7283
vt 0.9436 0.7295
vt 0.9387 0.7301
vt 0.9428 0.7283
vt 0.9395 0.7313
vt 0.9357 0.7317
vt 0.9387 0.7301
vt 0.9364 0.7329
vt 0.9327 0.7330
vt 0.9357 0.7317
vt 0.9806 0.7284
vt 0.9799 0.7299
vt 0.9727 0.7333
vt 0.9539 0.7415
vt 0.9628 0.7363
vt 0.9629 0.7379
vt 0.9471 0.7440
vt 0.9539 0.7399
vt 0.9539 0.7415
vt 0.9423 0.7454
vt 0.9471 0.7425
vt 0.9471 0.7440
vt 0.9385 0.7461
vt 0.9423 0.7439
vt 0.9423 0.7454
vt 0.9348 0.7466
vt 0.9385 0.7447
vt 0.9385 0.7461
vt 0.9316 0.7471
vt 0.9350 0.7453
vt 0.9348 0.7466
vt 0.9283 0.7478
vt 0.9163 0.7491
vt 0.9120 0.7478
vt 0.9163 0.7491
vt 0.9122 0.7490
vt 0.9084 0.7476
vt 0.9122 0.7490
vt 0.9087 0.7488
vt 0.9053 0.7474
vt 0.9087 0.7488
vt 0.9056 0.7486
vt 0.9025 0.7471
vt 0.9056 0.7486
vt 0.9028 0.7484
vt 0.8999 0.7469
vt 0.9028 0.7484
vt 0.9002 0.7482
vt 0.8974 0.7467
vt 0.9002 0.7482
vt 0.8976 0.7481
vt 0.8950 0.7480
vt 0.8925 0.7479
vt 0.8950 0.7466
vt 0.8950 0.7480
vt 0.8899 0.7477
vt 0.8926 0.7464
vt 0.8925 0.7479
vt 0.8899 0.7477
vt 0.8873 0.7475
vt 0.8902 0.7462
vt 0.8873 0.7475
vt 0.8843 0.7475
vt 0.8878 0.7461
vt 0.8809 0.7463
vt 0.7928 0.7320
vt 0.8016 0.7258
vt 0.8099 0.7276
vt 0.8098 0.7261
vt 0.8016 0.7258
vt 0.8016 0.7243
vt 0.8016 0.7243
vt 0.7952 0.7244
vt 0.7953 0.7229
vt 0.7953 0.7229
vt 0.7891 0.7233
vt 0.7891 0.7218
vt 0.7891 0.7218
vt 0.7822 0.7224
vt 0.7823 0.7210
vt 0.7892 0.7203
vt 0.7823 0.7210
vt 0.7824 0.7196
vt 0.7824 0.7196
vt 0.7741 0.7203
vt 0.7742 0.7188
vt 0.7953 0.7213
vt 0.7891 0.7218
vt 0.7892 0.7203
vt 0.8016 0.7227
vt 0.7953 0.7229
vt 0.7953 0.7213
vt 0.8098 0.7245
vt 0.8016 0.7243
vt 0.8016 0.7227
vt 0.8162 0.7257
vt 0.8098 0.7261
vt 0.8098 0.7245
vt 0.8163 0.7273
vt 0.8099 0.7276
vt 0.8098 0.7261
vt 0.8238 0.7283
vt 0.8163 0.7288
vt 0.8163 0.7273
vt 0.8236 0.7268
vt 0.8374 0.7279
vt 0.8377 0.7293
vt 0.8240 0.7298
vt 0.8238 0.7283
vt 0.8516 0.7301
vt 0.8380 0.7308
vt 0.8377 0.7293
vt 0.8513 0.7287
vt 0.8623 0.7296
vt 0.8626 0.7310
vt 0.8519 0.7315
vt 0.8516 0.7301
vt 0.8719 0.7322
vt 0.8628 0.7325
vt 0.8626 0.7310
vt 0.8779 0.7332
vt 0.8721 0.7336
vt 0.8719 0.7322
vt 0.8716 0.7308
vt 0.8821 0.7340
vt 0.8781 0.7345
vt 0.8779 0.7332
vt 0.8776 0.7317
vt 0.8821 0.7340
vt 0.8856 0.7346
vt 0.8858 0.7359
vt 0.8883 0.7362
vt 0.8856 0.7346
vt 0.8881 0.7349
vt 0.8903 0.7364
vt 0.8881 0.7349
vt 0.8903 0.7351
vt 0.8924 0.7365
vt 0.8903 0.7351
vt 0.8924 0.7352
vt 0.8944 0.7366
vt 0.8925 0.7336
vt 0.8945 0.7353
vt 0.8924 0.7352
vt 0.8902 0.7335
vt 0.8903 0.7351
vt 0.8879 0.7333
vt 0.8902 0.7335
vt 0.8881 0.7349
vt 0.8853 0.7330
vt 0.8879 0.7333
vt 0.8856 0.7346
vt 0.8818 0.7324
vt 0.8853 0.7330
vt 0.8824 0.7353
vt 0.8623 0.7296
vt 0.8374 0.7279
vt 0.8099 0.7276
vt 0.8162 0.7257
vt 0.7863 0.7316
vt 0.7928 0.7320
vt 0.7926 0.7336
vt 0.7793 0.7317
vt 0.7863 0.7316
vt 0.7863 0.7332
vt 0.7891 0.7233
vt 0.7822 0.7224
vt 0.7740 0.7217
vt 0.7794 0.7332
vt 0.8987 0.7368
vt 0.9050 0.7462
vt 0.9081 0.7465
vt 0.9067 0.7370
vt 0.9327 0.7330
vt 0.8944 0.7366
vt 0.7069 0.7350
vt 0.9601 0.6671
vt 0.9636 0.6590
vt 0.9713 0.6623
vt 0.9677 0.6694
vt 0.9500 0.6640
vt 0.9532 0.6546
vt 0.9408 0.6612
vt 0.9438 0.6508
vt 0.9532 0.6546
vt 0.9339 0.6590
vt 0.9364 0.6484
vt 0.9438 0.6508
vt 0.9294 0.6575
vt 0.9312 0.6467
vt 0.9364 0.6484
vt 0.9258 0.6564
vt 0.9272 0.6455
vt 0.9312 0.6467
vt 0.9225 0.6556
vt 0.9233 0.6446
vt 0.9272 0.6455
vt 0.9195 0.6552
vt 0.9199 0.6440
vt 0.9233 0.6446
vt 0.9199 0.6440
vt 0.9163 0.6551
vt 0.9163 0.6438
vt 0.9127 0.6439
vt 0.9129 0.6553
vt 0.9085 0.6442
vt 0.9129 0.6553
vt 0.9088 0.6557
vt 0.9040 0.6448
vt 0.9088 0.6557
vt 0.9045 0.6564
vt 0.8997 0.6456
vt 0.9045 0.6564
vt 0.9004 0.6573
vt 0.8960 0.6466
vt 0.9004 0.6573
vt 0.8969 0.6582
vt 0.8940 0.6591
vt 0.8929 0.6475
vt 0.8929 0.6475
vt 0.8913 0.6600
vt 0.8900 0.6484
vt 0.8873 0.6492
vt 0.8888 0.6609
vt 0.8846 0.6500
vt 0.8888 0.6609
vt 0.8863 0.6617
vt 0.8821 0.6508
vt 0.8863 0.6617
vt 0.8839 0.6624
vt 0.8796 0.6515
vt 0.8839 0.6624
vt 0.8816 0.6630
vt 0.8770 0.6522
vt 0.8793 0.6637
vt 0.8744 0.6529
vt 0.8771 0.6643
vt 0.8715 0.6538
vt 0.8745 0.6651
vt 0.8676 0.6550
vt 0.8711 0.6662
vt 0.8631 0.6565
vt 0.8671 0.6675
vt 0.8571 0.6585
vt 0.8616 0.6693
vt 0.8482 0.6615
vt 0.8532 0.6720
vt 0.8384 0.6653
vt 0.8435 0.6750
vt 0.8270 0.6707
vt 0.8314 0.6785
vt 0.8161 0.6769
vt 0.8197 0.6826
vt 0.8098 0.6804
vt 0.8136 0.6855
vt 0.8045 0.6830
vt 0.8082 0.6882
vt 0.7983 0.6853
vt 0.8011 0.6911
vt 0.7954 0.6929
vt 0.7930 0.6862
vt 0.7896 0.6939
vt 0.7876 0.6859
vt 0.7830 0.6939
vt 0.7816 0.6845
vt 0.7754 0.6930
vt 0.7744 0.6826
vt 0.7649 0.6915
vt 0.7627 0.6810
vt 0.7551 0.6911
vt 0.7522 0.6808
vt 0.7456 0.6910
vt 0.7426 0.6812
vt 0.7350 0.6909
vt 0.7324 0.6817
vt 0.7249 0.6909
vt 0.7226 0.6822
vt 0.7148 0.6907
vt 0.7124 0.6825
vt 0.7052 0.6900
vt 0.7023 0.6819
vt 0.6952 0.6886
vt 0.6922 0.6799
vt 0.6850 0.6864
vt 0.6822 0.6772
vt 0.6766 0.6838
vt 0.6731 0.6740
vt 0.6682 0.6808
vt 0.6653 0.6707
vt 0.6612 0.6778
vt 0.6587 0.6678
vt 0.6558 0.6754
vt 0.6532 0.6653
vt 0.6511 0.6735
vt 0.6481 0.6635
vt 0.6471 0.6723
vt 0.6436 0.6625
vt 0.6458 0.6720
vt 0.6422 0.6624
vt 0.7379 0.7345
vt 0.0548 0.7925
vt 0.0610 0.7912
vt 0.0608 0.7919
vt 0.0608 0.7919
vt 0.0668 0.7906
vt 0.0667 0.7914
vt 0.0664 0.7921
vt 0.0667 0.7914
vt 0.0728 0.7903
vt 0.0727 0.7910
vt 0.0727 0.7910
vt 0.0787 0.7900
vt 0.0787 0.7907
vt 0.0842 0.7898
vt 0.0725 0.7855
vt 0.0779 0.7848
vt 0.0787 0.7900
vt 0.0723 0.7846
vt 0.0777 0.7839
vt 0.0777 0.7839
vt 0.0826 0.7831
vt 0.0828 0.7840
vt 0.0869 0.7835
vt 0.0888 0.7895
vt 0.0889 0.7902
vt 0.0842 0.7898
vt 0.0888 0.7895
vt 0.0923 0.7896
vt 0.0888 0.7895
vt 0.0922 0.7889
vt 0.0951 0.7886
vt 0.0922 0.7889
vt 0.0949 0.7880
vt 0.0972 0.7876
vt 0.0949 0.7880
vt 0.0970 0.7870
vt 0.0995 0.7862
vt 0.0976 0.7883
vt 0.0951 0.7886
vt 0.0972 0.7876
vt 0.0999 0.7869
vt 0.0991 0.7856
vt 0.1020 0.7844
vt 0.1025 0.7851
vt 0.1016 0.7837
vt 0.1044 0.7826
vt 0.1048 0.7834
vt 0.1041 0.7819
vt 0.1065 0.7812
vt 0.1044 0.7826
vt 0.1069 0.7819
vt 0.1062 0.7804
vt 0.1081 0.7801
vt 0.1062 0.7804
vt 0.1079 0.7794
vt 0.1095 0.7795
vt 0.1085 0.7809
vt 0.1065 0.7812
vt 0.1081 0.7801
vt 0.1085 0.7809
vt 0.1095 0.7795
vt 0.1099 0.7803
vt 0.1113 0.7801
vt 0.1099 0.7803
vt 0.1111 0.7793
vt 0.1095 0.7795
vt 0.1109 0.7784
vt 0.1111 0.7793
vt 0.1111 0.7793
vt 0.1125 0.7785
vt 0.1126 0.7793
vt 0.1126 0.7793
vt 0.1142 0.7786
vt 0.1143 0.7794
vt 0.1143 0.7794
vt 0.1159 0.7788
vt 0.1161 0.7796
vt 0.1161 0.7796
vt 0.1179 0.7789
vt 0.1181 0.7796
vt 0.1181 0.7796
vt 0.1198 0.7788
vt 0.1200 0.7796
vt 0.1200 0.7796
vt 0.1215 0.7788
vt 0.1217 0.7795
vt 0.1217 0.7795
vt 0.1232 0.7788
vt 0.1233 0.7796
vt 0.1249 0.7798
vt 0.1249 0.7791
vt 0.1267 0.7804
vt 0.1267 0.7797
vt 0.1286 0.7811
vt 0.1287 0.7804
vt 0.1305 0.7819
vt 0.1284 0.7817
vt 0.1303 0.7825
vt 0.1266 0.7810
vt 0.1249 0.7798
vt 0.1266 0.7810
vt 0.1249 0.7805
vt 0.1234 0.7803
vt 0.1219 0.7802
vt 0.1233 0.7796
vt 0.1234 0.7803
vt 0.1202 0.7803
vt 0.1217 0.7795
vt 0.1219 0.7802
vt 0.1184 0.7803
vt 0.1200 0.7796
vt 0.1202 0.7803
vt 0.1163 0.7803
vt 0.1181 0.7796
vt 0.1184 0.7803
vt 0.1146 0.7802
vt 0.1161 0.7796
vt 0.1163 0.7803
vt 0.1146 0.7802
vt 0.1129 0.7801
vt 0.1143 0.7794
vt 0.1305 0.7819
vt 0.1323 0.7834
vt 0.1303 0.7825
vt 0.1326 0.7828
vt 0.1306 0.7812
vt 0.1328 0.7822
vt 0.1326 0.7828
vt 0.1350 0.7840
vt 0.1347 0.7845
vt 0.1352 0.7833
vt 0.1374 0.7851
vt 0.1371 0.7856
vt 0.1377 0.7845
vt 0.1398 0.7856
vt 0.1408 0.7787
vt 0.1395 0.7862
vt 0.1415 0.7867
vt 0.1426 0.7800
vt 0.1428 0.7882
vt 0.1413 0.7872
vt 0.1415 0.7867
vt 0.1431 0.7876
vt 0.1443 0.7883
vt 0.1452 0.7818
vt 0.1453 0.7889
vt 0.1441 0.7889
vt 0.1443 0.7883
vt 0.1462 0.7822
vt 0.1454 0.7812
vt 0.1464 0.7817
vt 0.1462 0.7822
vt 0.1472 0.7825
vt 0.1473 0.7820
vt 0.1482 0.7827
vt 0.1483 0.7821
vt 0.1493 0.7828
vt 0.1482 0.7827
vt 0.1485 0.7898
vt 0.1473 0.7896
vt 0.1473 0.7896
vt 0.1463 0.7898
vt 0.1463 0.7893
vt 0.1463 0.7893
vt 0.1452 0.7894
vt 0.1453 0.7889
vt 0.1441 0.7889
vt 0.1452 0.7894
vt 0.1438 0.7894
vt 0.1425 0.7887
vt 0.1450 0.7900
vt 0.1463 0.7898
vt 0.1461 0.7903
vt 0.1450 0.7900
vt 0.1472 0.7906
vt 0.1461 0.7903
vt 0.1473 0.7900
vt 0.1473 0.7896
vt 0.1485 0.7903
vt 0.1473 0.7900
vt 0.1485 0.7898
vt 0.1497 0.7905
vt 0.1485 0.7903
vt 0.1484 0.7908
vt 0.1472 0.7906
vt 0.1485 0.7903
vt 0.1497 0.7911
vt 0.1497 0.7900
vt 0.1511 0.7906
vt 0.1497 0.7900
vt 0.1511 0.7901
vt 0.1525 0.7907
vt 0.1511 0.7901
vt 0.1525 0.7902
vt 0.1541 0.7909
vt 0.1525 0.7913
vt 0.1511 0.7906
vt 0.1525 0.7907
vt 0.1540 0.7914
vt 0.1541 0.7904
vt 0.1563 0.7911
vt 0.1541 0.7909
vt 0.1562 0.7917
vt 0.1563 0.7906
vt 0.1586 0.7913
vt 0.1563 0.7911
vt 0.1586 0.7920
vt 0.1586 0.7909
vt 0.1611 0.7912
vt 0.1597 0.7826
vt 0.1573 0.7824
vt 0.1551 0.7825
vt 0.1563 0.7906
vt 0.1541 0.7904
vt 0.1534 0.7826
vt 0.1541 0.7904
vt 0.1525 0.7902
vt 0.1520 0.7827
vt 0.1506 0.7828
vt 0.1506 0.7828
vt 0.1494 0.7822
vt 0.1507 0.7822
vt 0.1520 0.7821
vt 0.1520 0.7816
vt 0.1535 0.7815
vt 0.1507 0.7817
vt 0.1494 0.7822
vt 0.1496 0.7818
vt 0.1507 0.7817
vt 0.1485 0.7816
vt 0.1483 0.7821
vt 0.1476 0.7815
vt 0.1485 0.7816
vt 0.1473 0.7820
vt 0.1468 0.7812
vt 0.1476 0.7815
vt 0.1464 0.7817
vt 0.1458 0.7808
vt 0.1468 0.7812
vt 0.1454 0.7812
vt 0.1448 0.7801
vt 0.1458 0.7808
vt 0.1444 0.7805
vt 0.1441 0.7811
vt 0.1429 0.7795
vt 0.1444 0.7805
vt 0.1433 0.7790
vt 0.1429 0.7795
vt 0.1408 0.7787
vt 0.1411 0.7782
vt 0.1411 0.7782
vt 0.1387 0.7773
vt 0.1390 0.7768
vt 0.1362 0.7759
vt 0.1365 0.7754
vt 0.1337 0.7747
vt 0.1340 0.7742
vt 0.1316 0.7738
vt 0.1319 0.7733
vt 0.1299 0.7727
vt 0.1344 0.7737
vt 0.1319 0.7733
vt 0.1323 0.7728
vt 0.1303 0.7722
vt 0.1323 0.7728
vt 0.1299 0.7727
vt 0.1296 0.7732
vt 0.1279 0.7722
vt 0.1299 0.7727
vt 0.1276 0.7727
vt 0.1260 0.7719
vt 0.1276 0.7727
vt 0.1258 0.7724
vt 0.1243 0.7716
vt 0.1283 0.7717
vt 0.1260 0.7719
vt 0.1264 0.7713
vt 0.1264 0.7713
vt 0.1243 0.7716
vt 0.1246 0.7710
vt 0.1246 0.7710
vt 0.1228 0.7715
vt 0.1228 0.7708
vt 0.1210 0.7706
vt 0.1211 0.7713
vt 0.1211 0.7713
vt 0.1193 0.7720
vt 0.1191 0.7713
vt 0.1191 0.7713
vt 0.1172 0.7722
vt 0.1169 0.7715
vt 0.1148 0.7718
vt 0.1152 0.7725
vt 0.1148 0.7718
vt 0.1131 0.7729
vt 0.1126 0.7723
vt 0.1126 0.7723
vt 0.1110 0.7734
vt 0.1104 0.7728
vt 0.1104 0.7728
vt 0.1088 0.7742
vt 0.1082 0.7736
vt 0.1082 0.7736
vt 0.1064 0.7751
vt 0.1058 0.7745
vt 0.1058 0.7745
vt 0.1039 0.7764
vt 0.1033 0.7757
vt 0.1014 0.7780
vt 0.1007 0.7774
vt 0.0989 0.7799
vt 0.0983 0.7792
vt 0.0964 0.7815
vt 0.0959 0.7807
vt 0.0938 0.7826
vt 0.0934 0.7817
vt 0.0907 0.7831
vt 0.0904 0.7822
vt 0.0904 0.7822
vt 0.0869 0.7835
vt 0.0867 0.7826
vt 0.0902 0.7815
vt 0.0867 0.7826
vt 0.0866 0.7818
vt 0.0825 0.7823
vt 0.0826 0.7831
vt 0.0777 0.7831
vt 0.0825 0.7823
vt 0.0777 0.7839
vt 0.0723 0.7839
vt 0.0777 0.7831
vt 0.0723 0.7846
vt 0.0667 0.7844
vt 0.0723 0.7839
vt 0.0667 0.7851
vt 0.0725 0.7855
vt 0.0669 0.7859
vt 0.0667 0.7851
vt 0.0612 0.7846
vt 0.0667 0.7851
vt 0.0613 0.7852
vt 0.0563 0.7860
vt 0.0613 0.7852
vt 0.0615 0.7860
vt 0.0561 0.7853
vt 0.0561 0.7853
vt 0.0512 0.7860
vt 0.0509 0.7854
vt 0.0508 0.7848
vt 0.0560 0.7847
vt 0.0509 0.7854
vt 0.0509 0.7854
vt 0.0461 0.7862
vt 0.0458 0.7854
vt 0.0394 0.7858
vt 0.0396 0.7866
vt 0.0327 0.7865
vt 0.0328 0.7875
vt 0.0259 0.7878
vt 0.0259 0.7887
vt 0.0188 0.7891
vt 0.0188 0.7901
vt 0.0121 0.7903
vt 0.0121 0.7911
vt 0.0065 0.7912
vt 0.0066 0.7920
vt 0.0063 0.7906
vt 0.0040 0.7917
vt 0.0066 0.7920
vt 0.0104 0.7993
vt 0.0048 0.7997
vt 0.0047 0.8003
vt 0.0048 0.7997
vt 0.0022 0.8003
vt 0.0024 0.7997
vt 0.0024 0.7997
vt 0.0014 0.8002
vt 0.0016 0.7996
vt 0.0033 0.7926
vt 0.0027 0.7923
vt 0.0042 0.7925
vt 0.0033 0.7926
vt 0.0030 0.7920
vt 0.0029 0.7914
vt 0.0040 0.7917
vt 0.0030 0.7920
vt 0.0038 0.7911
vt 0.0010 0.7995
vt 0.0005 0.7992
vt 0.0022 0.7921
vt 0.0014 0.8002
vt 0.0022 0.8003
vt 0.0014 0.8009
vt 0.0022 0.8010
vt 0.0048 0.8011
vt 0.0022 0.8010
vt 0.0047 0.8003
vt 0.0105 0.7999
vt 0.0172 0.7982
vt 0.0174 0.7988
vt 0.0249 0.7968
vt 0.0250 0.7974
vt 0.0328 0.7952
vt 0.0328 0.7959
vt 0.0410 0.7938
vt 0.0409 0.7945
vt 0.0409 0.7945
vt 0.0490 0.7926
vt 0.0488 0.7933
vt 0.0487 0.7940
vt 0.0409 0.7953
vt 0.0488 0.7933
vt 0.0546 0.7932
vt 0.0488 0.7933
vt 0.0548 0.7925
vt 0.0550 0.7919
vt 0.0606 0.7926
vt 0.0409 0.7953
vt 0.0330 0.7968
vt 0.0409 0.7945
vt 0.0330 0.7968
vt 0.0252 0.7983
vt 0.0328 0.7959
vt 0.0252 0.7983
vt 0.0177 0.7996
vt 0.0250 0.7974
vt 0.0177 0.7996
vt 0.0107 0.8006
vt 0.0174 0.7988
vt 0.0048 0.8011
vt 0.0042 0.7925
vt 0.0120 0.7896
vt 0.0188 0.7891
vt 0.0120 0.7896
vt 0.0187 0.7885
vt 0.0259 0.7878
vt 0.0187 0.7885
vt 0.0257 0.7871
vt 0.0327 0.7865
vt 0.0257 0.7871
vt 0.0325 0.7859
vt 0.0394 0.7858
vt 0.0325 0.7859
vt 0.0393 0.7852
vt 0.0393 0.7852
vt 0.0457 0.7849
vt 0.0458 0.7854
vt 0.0512 0.7860
vt 0.0550 0.7919
vt 0.0563 0.7860
vt 0.0931 0.7810
vt 0.0931 0.7810
vt 0.0955 0.7800
vt 0.0934 0.7817
vt 0.0955 0.7800
vt 0.0978 0.7786
vt 0.0959 0.7807
vt 0.0978 0.7786
vt 0.1001 0.7769
vt 0.0983 0.7792
vt 0.1001 0.7769
vt 0.1027 0.7753
vt 0.1007 0.7774
vt 0.1027 0.7753
vt 0.1051 0.7740
vt 0.1033 0.7757
vt 0.1051 0.7740
vt 0.1075 0.7731
vt 0.1058 0.7745
vt 0.1075 0.7731
vt 0.1098 0.7723
vt 0.1082 0.7736
vt 0.1098 0.7723
vt 0.1121 0.7717
vt 0.1104 0.7728
vt 0.1121 0.7717
vt 0.1143 0.7712
vt 0.1126 0.7723
vt 0.1143 0.7712
vt 0.1165 0.7708
vt 0.1148 0.7718
vt 0.1165 0.7708
vt 0.1188 0.7706
vt 0.1169 0.7715
vt 0.0922 0.7889
vt 0.1041 0.7819
vt 0.1093 0.7787
vt 0.1064 0.7751
vt 0.0952 0.7894
vt 0.0923 0.7896
vt 0.0952 0.7894
vt 0.0923 0.7904
vt 0.0888 0.7910
vt 0.0888 0.7910
vt 0.0840 0.7914
vt 0.0889 0.7902
vt 0.0842 0.7905
vt 0.0840 0.7914
vt 0.0784 0.7916
vt 0.0842 0.7905
vt 0.0784 0.7916
vt 0.0724 0.7918
vt 0.0787 0.7907
vt 0.0606 0.7926
vt 0.1125 0.7785
vt 0.1142 0.7786
vt 0.1129 0.7801
vt 0.1211 0.7720
vt 0.1215 0.7788
vt 0.1198 0.7788
vt 0.1215 0.7788
vt 0.1242 0.7722
vt 0.1232 0.7788
vt 0.1227 0.7720
vt 0.1243 0.7716
vt 0.1242 0.7722
vt 0.1258 0.7724
vt 0.1303 0.7722
vt 0.1369 0.7749
vt 0.1394 0.7763
vt 0.1365 0.7754
vt 0.1369 0.7749
vt 0.1411 0.7782
vt 0.1394 0.7763
vt 0.1416 0.7777
vt 0.1392 0.7867
vt 0.1395 0.7862
vt 0.1409 0.7877
vt 0.1392 0.7867
vt 0.1413 0.7872
vt 0.1425 0.7887
vt 0.1510 0.7912
vt 0.1511 0.7906
vt 0.1520 0.7827
vt 0.1535 0.7820
vt 0.1534 0.7826
vt 0.1534 0.7826
vt 0.1551 0.7819
vt 0.1551 0.7825
vt 0.1551 0.7825
vt 0.1574 0.7818
vt 0.1573 0.7824
vt 0.1573 0.7824
vt 0.1597 0.7819
vt 0.1597 0.7826
vt 0.1621 0.7822
vt 0.1623 0.7818
vt 0.1648 0.7824
vt 0.1645 0.7829
vt 0.1648 0.7824
vt 0.1673 0.7835
vt 0.1670 0.7841
vt 0.1673 0.7835
vt 0.1696 0.7850
vt 0.1719 0.7867
vt 0.1693 0.7856
vt 0.1696 0.7850
vt 0.1693 0.7856
vt 0.1668 0.7848
vt 0.1670 0.7841
vt 0.1670 0.7841
vt 0.1643 0.7836
vt 0.1645 0.7829
vt 0.1645 0.7829
vt 0.1620 0.7829
vt 0.1621 0.7822
vt 0.1620 0.7829
vt 0.1637 0.7916
vt 0.1611 0.7912
vt 0.1612 0.7917
vt 0.1612 0.7917
vt 0.1637 0.7916
vt 0.1639 0.7922
vt 0.1639 0.7922
vt 0.1664 0.7921
vt 0.1666 0.7927
vt 0.1666 0.7927
vt 0.1691 0.7928
vt 0.1693 0.7935
vt 0.1716 0.7937
vt 0.1715 0.7883
vt 0.1691 0.7864
vt 0.1717 0.7874
vt 0.1691 0.7864
vt 0.1693 0.7856
vt 0.1739 0.7892
vt 0.1715 0.7883
vt 0.1717 0.7874
vt 0.1741 0.7884
vt 0.1717 0.7874
vt 0.1719 0.7867
vt 0.1770 0.7899
vt 0.1739 0.7892
vt 0.1741 0.7884
vt 0.1769 0.7907
vt 0.1738 0.7901
vt 0.1739 0.7892
vt 0.1769 0.7915
vt 0.1804 0.7921
vt 0.1773 0.7958
vt 0.1741 0.7947
vt 0.1741 0.7955
vt 0.1741 0.7947
vt 0.1718 0.7945
vt 0.1716 0.7937
vt 0.1718 0.7953
vt 0.1693 0.7943
vt 0.1718 0.7945
vt 0.1693 0.7943
vt 0.1667 0.7935
vt 0.1693 0.7935
vt 0.1639 0.7922
vt 0.1667 0.7935
vt 0.1639 0.7929
vt 0.1612 0.7917
vt 0.1639 0.7929
vt 0.1612 0.7924
vt 0.1741 0.7963
vt 0.1718 0.7953
vt 0.1741 0.7955
vt 0.1773 0.7967
vt 0.1810 0.7970
vt 0.1814 0.7978
vt 0.1809 0.7983
vt 0.1772 0.7974
vt 0.1741 0.7963
vt 0.1773 0.7967
vt 0.1808 0.7915
vt 0.1804 0.7907
vt 0.1770 0.7899
vt 0.1738 0.7901
vt 0.1664 0.7921
vt 0.1598 0.7814
vt 0.1574 0.7813
vt 0.1574 0.7813
vt 0.1551 0.7819
vt 0.1551 0.7814
vt 0.1535 0.7815
vt 0.1193 0.7720
vt 0.6997 0.6040
vt 0.7030 0.6144
vt 0.6985 0.6043
vt 0.7044 0.6145
vt 0.7044 0.6145
vt 0.7035 0.6033
vt 0.7084 0.6144
vt 0.7127 0.6024
vt 0.7170 0.6145
vt 0.7084 0.6144
vt 0.7239 0.6028
vt 0.7271 0.6156
vt 0.7358 0.6049
vt 0.7377 0.6175
vt 0.7476 0.6071
vt 0.7483 0.6190
vt 0.7377 0.6175
vt 0.7590 0.6193
vt 0.7598 0.6077
vt 0.7693 0.6180
vt 0.7598 0.6077
vt 0.7716 0.6065
vt 0.7774 0.6158
vt 0.7716 0.6065
vt 0.7808 0.6047
vt 0.7855 0.6131
vt 0.7808 0.6047
vt 0.7901 0.6024
vt 0.7935 0.6101
vt 0.7901 0.6024
vt 0.7992 0.5997
vt 0.8019 0.6067
vt 0.7992 0.5997
vt 0.8087 0.5962
vt 0.8106 0.6036
vt 0.8087 0.5962
vt 0.8184 0.5929
vt 0.8195 0.6013
vt 0.8184 0.5929
vt 0.8279 0.5899
vt 0.8275 0.6000
vt 0.8279 0.5899
vt 0.8366 0.5882
vt 0.8344 0.5992
vt 0.8366 0.5882
vt 0.8436 0.5882
vt 0.8406 0.5990
vt 0.8436 0.5882
vt 0.8495 0.5898
vt 0.8456 0.5998
vt 0.8495 0.5898
vt 0.8536 0.5930
vt 0.8492 0.6024
vt 0.8536 0.5930
vt 0.8564 0.5975
vt 0.8585 0.6027
vt 0.8518 0.6063
vt 0.8605 0.6076
vt 0.8537 0.6111
vt 0.8562 0.6158
vt 0.8537 0.6111
vt 0.8624 0.6117
vt 0.8641 0.6147
vt 0.8588 0.6199
vt 0.8656 0.6171
vt 0.8614 0.6236
vt 0.8674 0.6191
vt 0.8639 0.6271
vt 0.8614 0.6236
vt 0.8669 0.6302
vt 0.8699 0.6204
vt 0.8726 0.6217
vt 0.8700 0.6331
vt 0.8756 0.6229
vt 0.8733 0.6357
vt 0.8700 0.6331
vt 0.8789 0.6245
vt 0.8768 0.6382
vt 0.8733 0.6357
vt 0.8820 0.6259
vt 0.8803 0.6402
vt 0.8768 0.6382
vt 0.8848 0.6269
vt 0.8835 0.6415
vt 0.8803 0.6402
vt 0.8868 0.6422
vt 0.8876 0.6274
vt 0.8902 0.6422
vt 0.8876 0.6274
vt 0.8905 0.6274
vt 0.8938 0.6417
vt 0.8905 0.6274
vt 0.8936 0.6268
vt 0.8976 0.6407
vt 0.8936 0.6268
vt 0.8970 0.6259
vt 0.9012 0.6393
vt 0.8970 0.6259
vt 0.9003 0.6248
vt 0.9051 0.6376
vt 0.9003 0.6248
vt 0.9040 0.6233
vt 0.9097 0.6355
vt 0.9040 0.6233
vt 0.9082 0.6213
vt 0.9142 0.6330
vt 0.9082 0.6213
vt 0.9121 0.6191
vt 0.9179 0.6305
vt 0.9121 0.6191
vt 0.9154 0.6168
vt 0.9208 0.6283
vt 0.9154 0.6168
vt 0.9182 0.6146
vt 0.9231 0.6264
vt 0.9182 0.6146
vt 0.9205 0.6126
vt 0.9248 0.6252
vt 0.9205 0.6126
vt 0.9224 0.6111
vt 0.9263 0.6244
vt 0.9243 0.6100
vt 0.9277 0.6239
vt 0.9261 0.6093
vt 0.9280 0.6089
vt 0.9293 0.6237
vt 0.9301 0.6088
vt 0.9312 0.6236
vt 0.9324 0.6088
vt 0.9333 0.6238
vt 0.9348 0.6089
vt 0.9357 0.6240
vt 0.9374 0.6091
vt 0.9384 0.6243
vt 0.9357 0.6240
vt 0.9402 0.6092
vt 0.9414 0.6246
vt 0.9443 0.6092
vt 0.9457 0.6247
vt 0.9488 0.6089
vt 0.9502 0.6244
vt 0.9536 0.6085
vt 0.9549 0.6239
vt 0.9588 0.6080
vt 0.9596 0.6230
vt 0.9641 0.6074
vt 0.9644 0.6214
vt 0.9692 0.6070
vt 0.9690 0.6190
vt 0.9735 0.6158
vt 0.9741 0.6063
vt 0.9779 0.6132
vt 0.9741 0.6063
vt 0.9786 0.6052
vt 0.9837 0.6115
vt 0.9786 0.6052
vt 0.9846 0.6033
vt 0.9903 0.6109
vt 0.9846 0.6033
vt 0.9915 0.6014
vt 0.9538 0.8168
vt 0.9536 0.8155
vt 0.9549 0.8166
vt 0.9548 0.8155
vt 0.9565 0.8160
vt 0.9558 0.8083
vt 0.9562 0.8168
vt 0.9581 0.8177
vt 0.9555 0.8195
vt 0.9548 0.8198
vt 0.9548 0.8198
vt 0.9524 0.8208
vt 0.9538 0.8168
vt 0.9538 0.8168
vt 0.9515 0.8176
vt 0.9515 0.8161
vt 0.9483 0.8163
vt 0.9515 0.8161
vt 0.9526 0.8075
vt 0.9536 0.8155
vt 0.9546 0.8082
vt 0.9546 0.8082
vt 0.9550 0.8070
vt 0.9558 0.8083
vt 0.9562 0.8074
vt 0.9577 0.8079
vt 0.9576 0.8072
vt 0.9598 0.8067
vt 0.9571 0.8046
vt 0.9565 0.8047
vt 0.9565 0.8047
vt 0.9550 0.8070
vt 0.9557 0.8041
vt 0.9557 0.8041
vt 0.9528 0.8059
vt 0.9528 0.8028
vt 0.9491 0.8053
vt 0.9482 0.8024
vt 0.9455 0.8057
vt 0.9441 0.8032
vt 0.9416 0.8037
vt 0.9429 0.8062
vt 0.9429 0.8062
vt 0.9460 0.8073
vt 0.9435 0.8077
vt 0.9411 0.8076
vt 0.9433 0.8158
vt 0.9435 0.8077
vt 0.9454 0.8161
vt 0.9480 0.8178
vt 0.9448 0.8175
vt 0.9454 0.8161
vt 0.9433 0.8158
vt 0.9448 0.8175
vt 0.9428 0.8169
vt 0.9416 0.8158
vt 0.9416 0.8158
vt 0.9401 0.8165
vt 0.9396 0.8156
vt 0.9396 0.8156
vt 0.9385 0.8169
vt 0.9377 0.8156
vt 0.9377 0.8156
vt 0.9360 0.8179
vt 0.9353 0.8160
vt 0.9353 0.8160
vt 0.9326 0.8195
vt 0.9319 0.8171
vt 0.9342 0.8066
vt 0.9363 0.8073
vt 0.9384 0.8075
vt 0.9411 0.8076
vt 0.9384 0.8075
vt 0.9388 0.8064
vt 0.9408 0.8066
vt 0.9368 0.8060
vt 0.9403 0.8039
vt 0.9397 0.8038
vt 0.9397 0.8038
vt 0.9368 0.8060
vt 0.9388 0.8034
vt 0.9367 0.8023
vt 0.9346 0.8052
vt 0.9346 0.8052
vt 0.9314 0.8053
vt 0.9319 0.8034
vt 0.9340 0.8004
vt 0.9326 0.8195
vt 0.9369 0.8210
vt 0.9334 0.8227
vt 0.9360 0.8179
vt 0.9392 0.8197
vt 0.9369 0.8210
vt 0.9385 0.8169
vt 0.9401 0.8192
vt 0.9392 0.8197
vt 0.9401 0.8192
vt 0.9401 0.8165
vt 0.9414 0.8165
vt 0.9405 0.8194
vt 0.9428 0.8169
vt 0.9415 0.8199
vt 0.9405 0.8194
vt 0.9448 0.8175
vt 0.9440 0.8209
vt 0.9415 0.8199
vt 0.9440 0.8209
vt 0.9480 0.8178
vt 0.9481 0.8214
vt 0.9342 0.8066
vt 0.9455 0.8057
vt 0.9492 0.8071
vt 0.9460 0.8073
vt 0.9483 0.8163
vt 0.9524 0.8208
vt 0.9589 0.8039
vt 0.9634 0.8063
vt 0.9589 0.8039
vt 0.9628 0.8033
vt 0.9678 0.8062
vt 0.9628 0.8033
vt 0.9672 0.8030
vt 0.9678 0.8062
vt 0.9640 0.8077
vt 0.9634 0.8063
vt 0.9634 0.8063
vt 0.9604 0.8077
vt 0.9598 0.8067
vt 0.9640 0.8077
vt 0.9590 0.8167
vt 0.9604 0.8077
vt 0.9612 0.8191
vt 0.9581 0.8177
vt 0.9590 0.8167
vt 0.9623 0.8178
vt 0.9650 0.8207
vt 0.9662 0.8191
vt 0.9635 0.8227
vt 0.9598 0.8211
vt 0.9556 0.8195
vt 0.9568 0.8199
vt 0.9684 0.8078
vt 0.9684 0.8078
f 1/1 2/2 3/3
f 4/4 3/5 5/6
f 6/7 5/8 7/9
f 7/10 8/11 9/12
f 9/13 10/14 11/15
f 12/16 11/17 13/18
f 13/19 14/20 15/21
f 15/22 16/23 17/24
f 17/25 18/26 19/27
f 19/28 20/29 21/30
f 21/31 22/32 23/33
f 23/34 24/35 25/36
f 25/37 26/38 27/39
f 27/40 28/41 29/42
f 29/43 30/44 31/45
f 30/44 32/46 31/45
f 33/47 29/43 31/45
f 29/43 33/47 34/48
f 34/49 35/50 36/51
f 35/50 37/52 36/51
f 38/53 36/54 39/55
f 40/56 41/57 39/58
f 42/59 39/58 41/57
f 41/57 40/56 43/60
f 44/61 45/62 43/63
f 46/64 43/65 47/66
f 48/67 47/68 49/69
f 50/70 49/71 51/72
f 52/73 51/74 53/75
f 52/73 53/75 54/76
f 55/77 52/73 54/76
f 56/78 54/76 53/75
f 53/75 57/79 56/78
f 58/80 54/76 56/78
f 57/79 59/81 56/78
f 58/80 56/78 60/82
f 59/83 61/84 60/85
f 62/86 58/80 60/82
f 60/82 63/87 62/86
f 62/86 63/87 64/88
f 65/89 64/88 63/87
f 66/90 65/89 63/87
f 67/91 65/89 66/90
f 68/92 66/93 69/94
f 70/95 69/96 71/97
f 72/98 71/99 73/100
f 74/101 72/98 73/100
f 71/99 75/102 73/100
f 73/100 76/103 74/101
f 77/104 78/105 74/106
f 74/106 79/107 77/104
f 80/108 81/109 77/110
f 77/110 82/111 80/108
f 83/112 84/113 80/114
f 80/114 85/115 83/112
f 86/116 87/117 83/118
f 83/118 88/119 86/116
f 89/120 90/121 86/122
f 86/122 91/123 89/120
f 92/124 93/125 89/126
f 89/126 94/127 92/124
f 93/125 92/124 95/128
f 92/124 96/129 95/128
f 95/128 96/129 97/130
f 96/129 98/131 97/130
f 97/130 98/131 99/132
f 98/131 100/133 99/132
f 99/132 100/133 101/134
f 100/133 102/135 101/134
f 101/134 102/135 103/136
f 102/135 104/137 103/136
f 103/136 104/137 105/138
f 104/137 106/139 105/138
f 105/138 106/139 107/140
f 106/139 108/141 107/140
f 105/138 107/140 109/142
f 110/143 105/138 109/142
f 109/142 107/140 111/144
f 107/140 112/145 111/144
f 108/146 113/147 112/148
f 113/147 108/146 114/149
f 115/150 116/151 114/152
f 117/153 114/149 108/146
f 114/149 118/154 113/147
f 116/155 119/156 118/157
f 119/156 116/155 120/158
f 121/159 120/158 116/155
f 120/158 121/159 122/160
f 121/159 123/161 122/160
f 124/162 125/163 123/164
f 126/165 127/166 125/167
f 127/166 126/165 128/168
f 129/169 128/168 126/165
f 130/170 126/171 124/172
f 131/173 130/174 132/175
f 133/176 132/177 134/178
f 135/179 134/180 136/181
f 137/182 135/179 136/181
f 133/183 135/184 138/185
f 138/185 139/186 133/183
f 139/187 140/188 131/189
f 140/188 141/190 131/189
f 140/188 142/191 141/190
f 141/192 143/193 128/194
f 128/168 144/195 127/166
f 144/196 143/197 145/198
f 143/197 146/199 145/198
f 145/198 147/200 144/196
f 147/200 145/198 148/201
f 149/202 148/201 145/198
f 148/201 150/203 147/200
f 150/203 148/201 151/204
f 152/205 153/206 151/207
f 153/206 154/208 151/207
f 155/209 151/207 154/208
f 154/208 153/206 156/210
f 157/211 158/212 156/213
f 159/214 158/212 157/211
f 160/215 159/214 157/211
f 160/215 157/211 161/216
f 162/217 161/218 163/219
f 164/220 163/221 165/222
f 166/223 164/220 165/222
f 166/223 165/222 167/224
f 167/225 168/226 169/227
f 170/228 169/229 171/230
f 172/231 171/232 173/233
f 174/234 173/235 175/236
f 176/237 174/234 175/236
f 176/237 175/236 177/238
f 177/239 178/240 179/241
f 179/242 180/243 181/244
f 181/244 180/243 182/245
f 180/243 183/246 182/245
f 182/245 183/246 184/247
f 183/246 185/248 184/247
f 184/247 185/248 186/249
f 187/250 186/251 188/252
f 189/253 188/254 190/255
f 191/256 190/257 137/258
f 192/259 189/260 191/261
f 193/262 187/263 189/264
f 187/263 193/262 194/265
f 195/266 194/265 193/262
f 196/267 193/268 192/269
f 194/265 195/266 197/270
f 197/271 198/272 181/273
f 199/274 179/242 181/244
f 200/275 179/276 201/277
f 202/278 201/279 203/280
f 204/281 202/278 203/280
f 205/282 203/283 206/284
f 207/285 206/286 208/287
f 208/288 198/289 209/290
f 210/291 205/292 207/293
f 205/292 210/291 211/294
f 212/295 211/294 210/291
f 211/294 212/295 213/296
f 214/297 213/296 212/295
f 213/296 214/297 215/298
f 216/299 215/298 214/297
f 215/298 216/299 217/300
f 218/301 217/300 216/299
f 217/300 218/301 219/302
f 220/303 219/302 218/301
f 221/304 218/305 75/306
f 222/307 221/308 223/309
f 224/310 223/311 225/312
f 224/313 226/314 222/315
f 222/316 227/317 220/318
f 226/319 228/320 227/321
f 227/322 229/323 219/324
f 219/302 230/325 217/300
f 217/300 231/326 215/298
f 215/298 232/327 213/296
f 213/296 233/328 211/294
f 234/329 235/330 233/331
f 234/329 236/332 235/330
f 237/333 236/332 234/329
f 238/334 234/335 232/336
f 239/337 238/338 231/339
f 239/337 240/340 238/338
f 241/341 240/340 239/337
f 242/342 239/343 230/344
f 243/345 242/346 229/347
f 243/345 244/348 242/346
f 245/349 244/348 243/345
f 246/350 243/351 228/352
f 247/353 246/350 228/352
f 35/354 248/355 246/356
f 32/357 249/358 248/359
f 250/360 249/358 32/357
f 249/358 250/360 251/361
f 252/362 251/361 250/360
f 253/363 250/364 30/365
f 254/366 252/367 253/368
f 253/368 255/369 254/366
f 252/367 254/366 256/370
f 256/370 257/371 252/367
f 258/372 259/373 257/374
f 257/375 260/376 251/377
f 251/361 261/378 249/358
f 260/379 262/380 261/381
f 262/380 260/379 263/382
f 263/383 259/384 264/385
f 265/386 266/387 264/388
f 267/389 264/385 259/384
f 264/385 268/390 263/383
f 263/382 269/391 262/380
f 268/392 270/393 269/394
f 270/393 268/392 271/395
f 271/396 266/397 272/398
f 273/399 274/400 272/401
f 275/402 272/398 266/397
f 272/398 276/403 271/396
f 271/395 277/404 270/393
f 277/405 278/406 279/407
f 279/408 280/409 281/410
f 281/411 282/412 176/413
f 283/414 174/415 282/416
f 174/415 283/414 284/417
f 285/418 286/419 284/420
f 287/421 284/417 283/414
f 283/422 280/423 288/424
f 288/425 289/426 290/427
f 291/428 290/427 289/426
f 289/426 288/425 292/429
f 293/430 292/431 274/432
f 294/433 293/434 273/435
f 295/436 273/437 275/438
f 296/439 275/440 265/441
f 297/442 265/443 267/444
f 298/445 267/446 258/447
f 299/448 258/449 256/450
f 300/451 256/370 254/366
f 301/452 254/366 255/369
f 255/369 253/368 302/453
f 302/454 26/455 303/456
f 304/457 305/458 303/459
f 305/458 304/457 306/460
f 307/461 306/462 308/463
f 309/464 308/465 310/466
f 311/467 312/468 310/469
f 310/470 313/471 314/472
f 314/473 315/474 316/475
f 316/476 317/477 318/478
f 318/479 319/480 320/481
f 320/482 321/483 316/484
f 311/485 321/486 322/487
f 323/488 322/489 324/490
f 324/490 325/491 323/488
f 326/492 323/488 325/491
f 325/491 327/493 326/492
f 328/494 326/492 327/493
f 325/491 329/495 327/493
f 330/496 327/493 329/495
f 329/495 325/491 331/497
f 331/498 324/499 332/500
f 324/499 333/501 332/500
f 334/502 333/503 335/504
f 336/505 337/506 335/507
f 336/505 338/508 337/506
f 339/509 337/506 338/508
f 338/508 340/510 339/509
f 341/511 339/509 340/510
f 340/510 342/512 341/511
f 343/513 341/511 342/512
f 342/512 344/514 343/513
f 345/515 343/513 344/514
f 345/515 344/514 346/516
f 347/517 346/518 348/519
f 349/520 350/521 348/522
f 348/523 351/524 352/525
f 353/526 347/527 352/528
f 354/529 352/530 355/531
f 354/529 355/531 356/532
f 357/533 354/529 356/532
f 356/532 355/531 358/534
f 359/535 358/534 355/531
f 359/535 360/536 358/534
f 360/536 361/537 358/534
f 358/534 361/537 362/538
f 361/537 363/539 362/538
f 362/538 363/539 364/540
f 364/541 365/542 366/543
f 367/544 366/545 368/546
f 369/547 370/548 368/549
f 365/550 371/551 368/552
f 365/550 372/553 371/551
f 372/553 373/554 371/551
f 374/555 375/556 373/557
f 373/557 376/558 374/555
f 377/559 378/560 374/561
f 374/561 379/562 377/559
f 378/560 377/559 380/563
f 381/564 380/565 382/566
f 383/567 384/568 382/569
f 382/570 385/571 386/572
f 386/573 387/574 388/575
f 389/576 388/575 387/574
f 390/577 387/578 391/579
f 391/580 385/581 392/582
f 393/583 391/580 392/582
f 391/580 393/583 394/584
f 395/585 396/586 394/587
f 397/588 394/584 393/583
f 398/589 393/590 379/591
f 398/592 376/593 399/594
f 376/593 400/595 399/594
f 399/596 401/597 402/598
f 397/599 402/600 403/601
f 395/602 403/603 404/604
f 405/605 395/602 404/604
f 406/606 404/607 407/608
f 407/609 403/610 408/611
f 408/612 402/613 409/614
f 409/615 401/616 410/617
f 410/618 411/619 412/620
f 413/621 412/620 411/619
f 412/620 413/621 414/622
f 415/623 414/622 413/621
f 416/624 415/623 413/621
f 415/623 416/624 417/625
f 418/626 419/627 417/628
f 420/629 417/628 419/627
f 363/630 421/631 419/632
f 422/633 419/632 421/631
f 423/634 421/635 424/636
f 360/637 425/638 424/639
f 426/640 424/639 425/638
f 425/638 360/637 427/641
f 428/642 427/643 2/644
f 429/645 3/3 2/2
f 430/646 5/6 3/5
f 431/647 8/648 430/649
f 432/650 430/651 350/652
f 433/653 431/654 432/655
f 434/656 432/657 349/658
f 349/659 346/660 435/661
f 434/662 435/663 436/664
f 436/664 437/665 434/662
f 433/666 437/667 438/668
f 438/668 439/669 433/666
f 440/670 441/671 439/672
f 441/671 440/670 442/673
f 443/674 16/675 442/676
f 444/677 442/673 440/670
f 445/678 443/679 444/680
f 443/679 445/678 446/681
f 447/682 446/681 445/678
f 446/681 447/682 448/683
f 449/684 428/685 1/686
f 450/687 1/688 4/689
f 451/690 4/691 6/692
f 7/9 452/693 6/7
f 453/694 6/7 452/693
f 452/693 7/9 454/695
f 455/696 452/693 454/695
f 454/695 456/697 455/696
f 457/698 458/699 455/700
f 455/700 459/701 457/698
f 460/702 461/703 457/704
f 457/704 462/705 460/702
f 463/706 464/707 460/708
f 460/708 465/709 463/706
f 464/707 463/706 466/710
f 467/711 466/712 468/713
f 469/714 468/713 466/712
f 466/710 463/706 470/715
f 469/716 470/717 471/718
f 471/718 472/719 469/716
f 472/719 473/720 469/716
f 473/720 472/719 474/721
f 474/722 475/723 476/724
f 476/725 477/726 478/727
f 478/728 479/729 480/730
f 481/731 480/730 479/729
f 477/732 482/733 479/734
f 482/733 483/735 479/734
f 484/736 483/735 482/733
f 482/733 477/732 485/737
f 486/738 482/733 485/737
f 485/739 475/740 487/741
f 488/742 485/739 487/741
f 489/743 488/742 487/741
f 490/744 486/745 488/746
f 490/744 488/746 491/747
f 492/748 491/749 493/750
f 493/750 491/749 494/751
f 494/752 489/753 495/754
f 496/755 494/752 495/754
f 493/750 494/751 497/756
f 498/757 497/758 496/759
f 496/759 499/760 498/757
f 500/761 498/757 499/760
f 499/760 501/762 500/761
f 502/763 498/757 500/761
f 501/762 503/764 500/761
f 502/763 500/761 504/765
f 504/766 503/767 505/768
f 505/768 503/767 506/769
f 507/770 506/769 503/767
f 506/769 507/770 508/771
f 509/772 508/771 507/770
f 510/773 507/774 501/775
f 510/776 459/777 511/778
f 511/779 456/780 512/781
f 13/782 513/783 512/784
f 512/781 514/785 511/779
f 514/786 515/787 509/788
f 515/787 514/786 516/789
f 516/790 513/791 517/792
f 17/793 518/794 517/795
f 48/796 518/797 519/798
f 46/799 519/800 520/801
f 506/769 521/802 505/768
f 522/803 504/766 505/768
f 505/768 523/804 522/803
f 524/805 525/806 522/807
f 526/808 522/807 525/806
f 525/806 527/809 526/808
f 528/810 529/811 527/812
f 529/811 530/813 527/812
f 531/814 497/815 530/816
f 493/817 531/818 532/819
f 492/820 532/821 533/822
f 534/823 535/824 533/825
f 536/826 534/823 533/825
f 537/827 536/826 533/825
f 538/828 536/826 537/827
f 537/827 539/829 538/828
f 536/826 538/828 540/830
f 540/830 541/831 536/826
f 542/832 543/833 541/834
f 543/833 544/835 541/834
f 545/836 546/837 544/838
f 544/838 546/837 547/839
f 546/837 548/840 547/839
f 547/839 548/840 549/841
f 546/837 550/842 548/840
f 548/840 550/842 551/843
f 551/844 552/845 483/846
f 483/847 553/848 481/849
f 480/730 481/731 554/850
f 555/851 554/850 481/731
f 554/850 555/851 556/852
f 555/851 557/853 556/852
f 558/854 556/852 557/853
f 559/855 560/856 557/857
f 561/858 557/857 560/856
f 560/856 559/855 562/859
f 563/860 562/859 559/855
f 562/859 563/860 564/861
f 565/862 564/861 563/860
f 564/861 565/862 566/863
f 566/864 567/865 568/866
f 569/867 570/868 568/869
f 568/866 571/870 566/864
f 572/871 573/872 571/873
f 571/873 573/872 574/874
f 574/875 575/876 576/877
f 575/876 577/878 576/877
f 577/878 578/879 576/877
f 578/879 577/878 579/880
f 577/878 580/881 579/880
f 581/882 579/880 580/881
f 582/883 583/884 580/885
f 584/886 580/885 583/884
f 585/887 583/888 586/889
f 587/890 588/891 586/892
f 589/893 586/894 582/895
f 589/896 573/897 590/898
f 590/899 591/900 592/901
f 592/902 593/903 594/904
f 595/905 596/906 594/907
f 597/908 594/907 596/906
f 598/909 596/910 599/911
f 599/912 600/913 601/914
f 602/915 601/914 600/913
f 603/916 600/917 604/918
f 605/919 604/920 606/921
f 606/921 607/922 605/919
f 608/923 605/919 607/922
f 609/924 607/925 610/926
f 611/927 610/928 612/929
f 613/930 612/931 614/932
f 615/933 614/934 543/935
f 614/932 612/931 616/936
f 545/937 616/938 617/939
f 617/940 618/941 550/942
f 619/943 567/944 618/945
f 620/946 569/947 619/948
f 621/949 570/868 569/867
f 621/949 622/950 570/868
f 572/951 570/952 623/953
f 624/954 593/955 623/956
f 625/957 613/958 615/959
f 626/960 627/961 613/962
f 627/963 628/964 611/965
f 608/966 628/967 629/968
f 605/969 629/970 630/971
f 630/971 631/972 605/969
f 631/973 632/974 603/975
f 601/976 632/977 633/978
f 633/978 634/979 601/976
f 635/980 634/981 636/982
f 637/983 636/984 638/985
f 637/983 638/985 639/986
f 640/987 639/988 641/989
f 642/990 641/991 643/992
f 644/993 643/994 645/995
f 646/996 645/997 647/998
f 648/999 647/1000 649/1001
f 649/1001 650/1002 648/999
f 648/999 650/1002 651/1003
f 651/1004 652/1005 653/1006
f 653/1007 654/1008 655/1009
f 653/1007 655/1009 656/1010
f 657/1011 653/1007 656/1010
f 657/1011 656/1010 658/1012
f 659/1013 658/1014 660/1015
f 658/1014 661/1016 660/1015
f 660/1017 662/1018 663/1019
f 664/1020 665/1021 663/1022
f 663/1022 666/1023 664/1020
f 665/1021 664/1020 667/1024
f 667/1025 668/1026 669/1027
f 669/1028 670/1029 671/1030
f 671/1031 672/1032 673/1033
f 674/1034 673/1035 675/1036
f 675/1037 676/1038 677/1039
f 678/1040 677/1039 676/1038
f 679/1041 680/1042 676/1043
f 680/1042 679/1041 681/1044
f 681/1044 682/1045 680/1042
f 682/1045 681/1044 683/1046
f 684/1047 683/1046 681/1044
f 685/1048 681/1044 679/1041
f 685/1049 686/1050 588/1051
f 686/1052 687/1053 585/1054
f 687/1053 688/1055 585/1054
f 688/1055 687/1053 689/1056
f 687/1053 690/1057 689/1056
f 691/1058 689/1056 690/1057
f 692/1059 693/1060 690/1061
f 694/1062 690/1061 693/1060
f 695/1063 693/1064 696/1065
f 697/1066 696/1067 698/1068
f 699/1069 698/1070 692/1071
f 700/1072 698/1070 699/1069
f 701/1073 700/1072 699/1069
f 700/1074 668/1075 702/1076
f 697/1077 703/1078 695/1079
f 695/1079 703/1078 704/1080
f 705/1081 704/1080 703/1078
f 704/1080 705/1081 706/1082
f 706/1082 707/1083 704/1080
f 704/1080 708/1084 695/1079
f 709/1085 708/1086 707/1087
f 707/1083 706/1082 710/1088
f 711/1089 710/1088 706/1082
f 705/1081 712/1090 706/1082
f 713/1091 711/1092 712/1093
f 714/1094 712/1095 661/1096
f 714/1097 656/1098 715/1099
f 656/1098 716/1100 715/1099
f 715/1101 717/1102 713/1103
f 713/1103 717/1102 718/1104
f 717/1102 719/1105 718/1104
f 719/1105 720/1106 718/1104
f 718/1107 721/1108 711/1109
f 721/1110 720/1111 722/1112
f 722/1112 720/1111 723/1113
f 720/1111 724/1114 723/1113
f 723/1113 724/1114 725/1115
f 724/1114 726/1116 725/1115
f 725/1115 726/1116 727/1117
f 726/1116 728/1118 727/1117
f 725/1115 727/1117 729/1119
f 730/1120 725/1115 729/1119
f 729/1119 727/1117 731/1121
f 731/1122 728/1123 732/1124
f 728/1123 733/1125 732/1124
f 733/1125 734/1126 732/1124
f 735/1127 734/1128 736/1129
f 737/1130 736/1131 738/1132
f 739/1133 740/1134 738/1135
f 738/1135 741/1136 739/1133
f 742/1137 743/1138 739/1139
f 744/1140 742/1137 739/1139
f 743/1138 742/1137 745/1141
f 746/1142 745/1141 742/1137
f 747/1143 746/1142 742/1137
f 748/1144 749/1145 746/1146
f 750/1147 746/1142 747/1143
f 747/1143 751/1148 750/1147
f 752/1149 748/1150 750/1151
f 750/1151 753/1152 752/1149
f 748/1150 752/1149 754/1153
f 754/1153 755/1154 748/1150
f 755/1154 754/1153 756/1155
f 754/1153 757/1156 756/1155
f 757/1156 754/1153 758/1157
f 759/1158 758/1157 754/1153
f 760/1159 758/1160 761/1161
f 762/1162 761/1163 763/1164
f 764/1165 763/1166 765/1167
f 766/1168 765/1169 767/1170
f 768/1171 766/1168 767/1170
f 765/1169 769/1172 767/1170
f 767/1170 770/1173 768/1171
f 771/1174 768/1175 772/1176
f 773/1177 772/1178 650/1179
f 774/1180 771/1181 773/1182
f 775/1183 773/1184 649/1185
f 776/1186 649/1001 647/1000
f 777/1187 647/998 645/997
f 777/1188 643/1189 778/1190
f 778/1191 641/1192 779/1193
f 780/1194 779/1195 639/1196
f 639/988 640/987 781/1197
f 640/1198 642/1199 782/1200
f 783/1201 669/1202 782/1203
f 784/1204 667/1205 783/1206
f 785/1207 665/1208 784/1209
f 786/1210 780/1211 638/1212
f 786/1213 636/1214 787/1215
f 634/1216 788/1217 787/1218
f 768/1175 771/1174 789/1219
f 790/1220 766/1221 789/1222
f 791/1223 789/1219 771/1174
f 792/1224 764/1225 766/1226
f 793/1227 762/1228 764/1229
f 761/1163 762/1162 794/1230
f 760/1231 794/1232 795/1233
f 796/1234 795/1233 794/1232
f 797/1235 794/1230 762/1162
f 795/1233 796/1234 798/1236
f 794/1232 797/1235 796/1234
f 794/1232 760/1231 761/1163
f 762/1162 793/1227 797/1235
f 764/1229 792/1224 793/1227
f 766/1226 790/1220 792/1224
f 789/1219 791/1223 790/1220
f 766/1168 768/1171 789/1222
f 771/1181 774/1180 791/1223
f 765/1169 766/1168 764/1165
f 759/1237 799/1238 765/1239
f 799/1240 800/1241 769/1242
f 753/1243 801/1244 800/1245
f 802/1246 801/1247 751/1248
f 801/1247 802/1246 803/1249
f 803/1249 802/1246 804/1250
f 805/1251 804/1252 806/1253
f 805/1251 806/1253 807/1254
f 807/1254 806/1253 808/1255
f 808/1256 741/1257 809/1258
f 807/1254 808/1255 810/1259
f 811/1260 810/1261 726/1262
f 812/1263 811/1264 719/1265
f 810/1261 811/1260 807/1254
f 812/1263 807/1254 811/1264
f 807/1254 812/1263 805/1251
f 724/1114 811/1260 726/1116
f 811/1264 724/1114 719/1265
f 720/1106 719/1105 724/1114
f 728/1118 726/1116 810/1261
f 810/1259 808/1255 728/1118
f 727/1117 728/1118 731/1121
f 808/1255 733/1125 728/1118
f 717/1102 812/1263 719/1105
f 808/1256 809/1258 733/1125
f 741/1257 808/1256 806/1253
f 804/1252 741/1257 806/1253
f 736/1266 733/1125 809/1258
f 733/1125 736/1266 734/1126
f 809/1258 738/1132 736/1266
f 813/1267 738/1135 740/1134
f 814/1268 815/1269 813/1270
f 741/1136 738/1135 809/1258
f 739/1139 743/1138 740/1134
f 738/1132 813/1267 737/1130
f 737/1130 813/1267 815/1269
f 815/1269 735/1271 737/1130
f 736/1131 737/1130 735/1127
f 744/1140 739/1139 741/1136
f 741/1136 804/1252 744/1140
f 802/1246 744/1140 804/1250
f 744/1140 802/1246 747/1272
f 747/1272 742/1137 744/1140
f 751/1148 747/1143 802/1246
f 803/1249 804/1250 805/1251
f 805/1251 716/1273 803/1249
f 716/1273 805/1251 812/1263
f 716/1273 812/1263 717/1102
f 715/1099 716/1100 717/1102
f 655/1274 803/1249 716/1273
f 716/1100 656/1098 655/1274
f 803/1249 655/1274 801/1247
f 654/1008 801/1247 655/1009
f 656/1010 714/1097 658/1012
f 714/1097 715/1099 713/1103
f 661/1096 658/1014 714/1094
f 712/1095 714/1094 713/1091
f 661/1096 712/1095 705/1081
f 712/1093 711/1092 706/1082
f 711/1092 713/1091 718/1107
f 721/1108 718/1107 720/1111
f 710/1088 711/1089 721/1108
f 816/1275 707/1083 710/1088
f 817/1276 816/1277 818/1278
f 818/1279 722/1280 819/1281
f 817/1282 820/1283 709/1284
f 708/1086 709/1085 821/1285
f 820/1286 822/1287 821/1288
f 822/1289 823/1290 694/1291
f 823/1292 824/1293 691/1294
f 689/1056 691/1058 825/1295
f 688/1296 825/1297 826/1298
f 827/1299 584/1300 826/1301
f 828/1302 829/1303 584/1304
f 829/1305 830/1306 581/1307
f 579/880 581/882 831/1308
f 578/1309 831/1310 832/1311
f 833/1312 834/1313 832/1314
f 834/1315 835/1316 561/1317
f 835/1318 836/1319 558/1320
f 556/852 558/854 837/1321
f 554/1322 837/1323 838/1324
f 480/1325 838/1326 839/1327
f 478/1328 839/1329 840/1330
f 476/1331 840/1332 841/1333
f 474/1334 841/1335 842/1336
f 842/1336 843/1337 474/1334
f 468/1338 843/1339 844/1340
f 467/1341 844/1342 845/1343
f 845/1343 846/1344 467/1341
f 847/1345 461/1346 846/1347
f 846/1344 845/1343 848/1348
f 847/1349 848/1350 849/1351
f 453/1352 849/1353 850/1354
f 851/1355 453/1352 850/1354
f 850/1354 852/1356 851/1355
f 853/1357 451/1358 851/1359
f 851/1359 854/1360 853/1357
f 855/1361 450/1362 853/1363
f 853/1363 856/1364 855/1361
f 857/1365 449/1366 855/1367
f 855/1367 858/1368 857/1365
f 449/1366 857/1365 859/1369
f 859/1370 860/1371 426/1372
f 423/1373 860/1374 861/1375
f 862/1376 423/1373 861/1375
f 860/1374 863/1377 861/1375
f 861/1375 864/1378 862/1376
f 865/1379 422/1380 862/1381
f 862/1381 866/1382 865/1379
f 867/1383 420/1384 865/1385
f 868/1386 865/1379 866/1382
f 868/1387 869/1388 414/1389
f 869/1390 870/1391 412/1392
f 870/1393 871/1394 410/1395
f 871/1396 872/1397 409/1398
f 872/1399 873/1400 408/1401
f 873/1402 874/1403 407/1404
f 874/1405 875/1406 406/1407
f 876/1408 405/1409 406/1410
f 877/1411 405/1412 878/1413
f 878/1414 879/1415 880/1416
f 880/1417 881/1418 882/1419
f 882/1420 883/1421 884/1422
f 883/1421 885/1423 884/1422
f 886/1424 887/1425 885/1426
f 885/1427 888/1428 389/1429
f 388/1430 888/1431 889/1432
f 890/1433 889/1432 888/1431
f 891/1434 890/1433 888/1431
f 890/1435 892/1436 893/1437
f 894/1438 895/1439 893/1440
f 896/1441 893/1437 892/1436
f 897/1442 896/1441 892/1436
f 891/1443 898/1444 892/1445
f 899/1446 900/1447 898/1448
f 898/1448 900/1447 901/1449
f 902/1450 901/1449 900/1447
f 899/1446 903/1451 900/1447
f 900/1447 904/1452 902/1450
f 904/1452 905/1453 902/1450
f 902/1454 906/1455 907/1456
f 906/1455 908/1457 907/1456
f 908/1457 909/1458 907/1456
f 909/1459 910/1460 897/1461
f 910/1460 909/1459 911/1462
f 912/1463 913/1464 911/1465
f 910/1466 913/1467 914/1468
f 896/1469 914/1470 915/1471
f 916/1472 896/1469 915/1471
f 917/1473 894/1474 916/1475
f 895/1439 894/1438 918/1476
f 919/1477 895/1439 918/1476
f 895/1439 919/1477 920/1478
f 920/1479 921/1480 922/1481
f 922/1482 923/1483 924/1484
f 924/1485 925/1486 926/1487
f 926/1488 927/1489 928/1490
f 928/1491 929/1492 930/1493
f 930/1494 931/1495 932/1496
f 932/1497 933/1498 934/1499
f 934/1500 935/1501 936/1502
f 936/1503 937/1504 938/1505
f 939/1506 938/1505 937/1504
f 939/1506 937/1504 940/1507
f 941/1508 939/1506 940/1507
f 941/1508 940/1507 942/1509
f 943/1510 941/1508 942/1509
f 940/1507 944/1511 942/1509
f 944/1511 940/1507 945/1512
f 945/1513 937/1514 946/1515
f 937/1514 947/1516 946/1515
f 948/1517 947/1518 935/1519
f 949/1520 948/1521 933/1522
f 949/1523 929/1524 950/1525
f 929/1524 951/1526 950/1525
f 927/1527 952/1528 951/1529
f 952/1530 923/1531 953/1532
f 953/1533 921/1534 954/1535
f 921/1534 955/1536 954/1535
f 944/1537 956/1538 943/1539
f 956/1540 957/1541 343/1542
f 958/1543 343/1542 957/1541
f 959/1544 341/1545 958/1546
f 938/1505 939/1506 960/1547
f 960/1548 357/1549 961/1550
f 962/1551 961/1552 963/1553
f 963/1554 964/1555 366/1556
f 965/1557 962/1558 367/1559
f 966/1560 965/1561 370/1562
f 370/548 369/547 967/1563
f 968/1564 966/1565 967/1566
f 967/1567 375/1568 969/1569
f 970/1570 969/1571 381/1572
f 370/548 967/1563 966/1560
f 967/1567 969/1569 968/1564
f 375/1568 967/1567 369/547
f 970/1570 968/1564 969/1571
f 965/1557 367/1559 370/1562
f 370/1562 367/1559 368/549
f 369/547 368/549 371/551
f 373/554 369/547 371/551
f 376/558 373/557 971/1573
f 369/547 373/554 375/1568
f 373/557 372/553 971/1573
f 368/546 366/545 365/550
f 367/544 963/1554 366/545
f 962/1551 963/1553 367/1559
f 366/1556 964/1555 364/541
f 963/1554 357/1574 964/1555
f 961/1552 357/1549 963/1553
f 357/1574 356/532 964/1555
f 964/1555 356/532 362/1575
f 356/532 358/534 362/1575
f 964/1555 362/1575 364/541
f 357/1549 960/1548 354/529
f 364/541 418/1576 365/542
f 372/553 365/550 418/1576
f 363/539 418/1576 364/540
f 419/632 418/626 363/630
f 417/628 372/553 418/626
f 372/553 417/628 416/624
f 416/624 971/1573 372/553
f 421/631 363/630 361/537
f 971/1573 416/624 400/1577
f 361/537 424/636 421/631
f 424/639 361/537 360/637
f 413/621 400/1577 416/624
f 400/595 376/593 971/1573
f 400/1577 413/621 411/619
f 400/1577 411/619 401/1578
f 400/595 401/1578 399/594
f 411/619 410/618 401/1578
f 410/1395 412/620 870/1393
f 412/1392 414/622 869/1390
f 409/1398 410/617 871/1396
f 401/616 409/615 402/598
f 408/1401 409/614 872/1399
f 399/596 402/598 398/592
f 402/600 408/612 403/601
f 407/1404 408/611 873/1402
f 402/598 397/599 398/592
f 403/610 407/609 404/604
f 393/590 398/589 397/588
f 406/1407 407/608 874/1405
f 403/601 395/602 397/599
f 404/607 406/606 405/605
f 394/584 397/588 395/585
f 395/602 405/605 877/1411
f 396/586 395/585 877/1411
f 396/586 391/580 394/587
f 880/1579 396/586 877/1411
f 877/1411 878/1413 880/1579
f 879/1415 878/1414 972/1580
f 972/1580 973/1581 879/1415
f 879/1582 974/1583 881/1584
f 881/1585 975/1586 883/1587
f 975/1588 976/1589 903/1590
f 976/1591 977/1592 904/1593
f 978/1594 977/1595 979/1596
f 980/1597 978/1594 979/1596
f 981/1598 979/1599 976/1600
f 982/1601 980/1602 981/1603
f 978/1594 980/1597 983/1604
f 983/1604 984/1605 978/1594
f 978/1606 985/1607 986/1608
f 987/1609 986/1608 985/1607
f 988/1610 985/1611 984/1612
f 988/1610 984/1612 989/1613
f 989/1613 984/1612 990/1614
f 990/1614 991/1615 989/1613
f 992/1616 989/1613 991/1615
f 993/1617 991/1615 990/1614
f 994/1618 990/1619 983/1620
f 995/1621 983/1604 980/1597
f 996/1622 994/1623 995/1624
f 997/1625 995/1626 982/1627
f 997/1628 998/1629 999/1630
f 999/1631 1000/1632 996/1633
f 1000/1634 1001/1635 993/1636
f 1001/1635 1002/1637 993/1636
f 1002/1637 1001/1635 1003/1638
f 1004/1639 1003/1638 1001/1635
f 1005/1640 1001/1635 1000/1634
f 1006/1641 1005/1642 1007/1643
f 1007/1644 999/1645 1008/1646
f 1008/1647 998/1648 1009/1649
f 1009/1650 1010/1651 1011/1652
f 1011/1653 972/1654 1012/1655
f 876/1656 1013/1657 1012/1658
f 1013/1657 876/1656 1014/1659
f 1013/1660 1015/1661 1011/1662
f 1015/1663 1016/1664 1009/1665
f 1016/1666 1017/1667 1008/1668
f 1017/1669 1018/1670 1007/1671
f 1018/1672 1019/1673 1006/1674
f 1020/1675 1004/1676 1006/1677
f 1003/1638 1004/1639 1021/1678
f 1021/1678 1022/1679 1003/1638
f 1002/1637 1003/1638 1023/1680
f 1022/1681 1024/1682 1023/1683
f 1023/1684 1025/1685 1026/1686
f 1027/1687 992/1688 1026/1689
f 1028/1690 1029/1691 992/1692
f 1029/1691 1028/1690 1030/1693
f 1031/1694 1030/1693 1028/1690
f 1028/1695 1032/1696 1033/1697
f 1033/1698 1034/1699 1035/1700
f 1033/1698 1035/1700 1036/1701
f 1037/1702 1036/1701 1035/1700
f 1034/1699 1038/1703 1035/1700
f 1035/1700 1039/1704 1037/1702
f 1037/1705 1040/1706 1041/1707
f 1042/1708 1041/1709 1043/1710
f 1044/1711 1043/1710 1041/1709
f 1041/1709 1042/1708 1045/1712
f 1046/1713 1045/1712 1042/1708
f 1043/1710 1047/1714 1042/1708
f 1048/1715 1042/1708 1047/1714
f 1047/1714 1043/1710 1049/1716
f 1049/1717 1044/1718 1050/1719
f 1050/1720 1051/1721 1052/1722
f 1052/1723 1053/1724 1054/1725
f 1054/1726 1055/1727 1056/1728
f 1056/1729 1057/1730 1058/1731
f 1055/1732 1059/1733 1057/1734
f 1059/1733 1055/1732 1060/1735
f 1060/1736 1053/1737 1061/1738
f 1061/1739 1051/1740 1062/1741
f 1063/1742 1064/1743 1062/1744
f 1065/1745 1066/1746 1064/1747
f 1064/1747 1066/1746 1067/1748
f 1066/1746 1068/1749 1067/1748
f 1068/1749 1066/1746 1069/1750
f 1066/1746 1070/1751 1069/1750
f 1070/1751 1066/1746 1071/1752
f 1071/1753 1065/1754 1072/1755
f 1072/1756 1073/1757 1074/1758
f 1074/1759 1038/1760 1075/1761
f 1076/1762 1075/1763 1077/1764
f 1078/1765 1077/1766 1079/1767
f 1079/1767 1080/1768 1078/1765
f 1078/1769 1081/1770 1082/1771
f 1081/1770 1083/1772 1082/1771
f 1082/1771 1083/1772 1084/1773
f 1084/1773 1083/1772 1085/1774
f 1084/1773 1085/1774 1086/1775
f 1087/1776 1084/1773 1086/1775
f 1087/1776 1086/1775 1088/1777
f 1087/1778 1072/1779 1089/1780
f 1083/1772 1090/1781 1085/1774
f 1083/1772 1091/1782 1090/1781
f 1091/1782 1092/1783 1090/1781
f 1092/1783 1091/1782 1093/1784
f 1091/1782 1094/1785 1093/1784
f 1095/1786 1093/1784 1094/1785
f 1094/1785 1091/1782 1096/1787
f 1081/1788 1097/1789 1096/1790
f 1098/1791 1096/1790 1097/1789
f 1099/1792 1097/1793 1080/1794
f 1097/1793 1099/1792 1100/1795
f 1101/1796 1102/1797 1100/1798
f 1103/1799 1097/1793 1100/1795
f 1103/1800 1102/1801 1104/1802
f 1102/1801 1105/1803 1104/1802
f 1104/1804 1106/1805 1107/1806
f 1103/1807 1107/1808 1108/1809
f 1098/1810 1108/1811 1109/1812
f 1110/1813 1106/1814 1105/1815
f 1105/1803 1102/1801 1111/1816
f 1111/1817 1101/1818 1112/1819
f 1112/1820 1113/1821 1114/1822
f 1115/1823 1114/1824 1024/1825
f 1024/1826 1116/1827 1025/1828
f 1117/1829 1032/1830 1116/1831
f 1118/1832 1112/1833 1115/1834
f 1119/1835 1115/1836 1022/1837
f 1120/1838 1118/1839 1119/1840
f 1121/1841 1111/1842 1118/1843
f 1122/1844 1110/1845 1121/1846
f 1123/1847 1122/1848 1120/1849
f 1122/1848 1121/1846 1120/1849
f 1110/1813 1105/1815 1121/1846
f 1111/1816 1121/1841 1105/1803
f 1118/1839 1120/1838 1121/1841
f 1106/1805 1104/1804 1105/1815
f 1112/1819 1118/1832 1111/1817
f 1115/1834 1119/1835 1118/1832
f 1107/1808 1103/1807 1104/1804
f 1114/1824 1115/1823 1112/1820
f 1024/1825 1022/1681 1115/1823
f 1116/1827 1024/1826 1114/1824
f 1023/1680 1003/1638 1022/1681
f 1025/1828 1023/1684 1024/1826
f 1022/1837 1021/1678 1119/1835
f 1021/1678 1120/1838 1119/1835
f 1114/1824 1117/1829 1116/1827
f 1032/1830 1025/1828 1116/1831
f 1117/1829 1114/1824 1113/1821
f 1113/1821 1112/1820 1101/1818
f 1101/1796 1111/1817 1102/1797
f 1102/1797 1103/1800 1100/1798
f 1101/1796 1100/1798 1099/1792
f 1099/1792 1113/1821 1101/1796
f 1108/1809 1098/1810 1103/1807
f 1097/1793 1103/1799 1098/1791
f 1113/1821 1099/1792 1079/1850
f 1079/1850 1117/1829 1113/1821
f 1080/1794 1079/1767 1099/1792
f 1097/1793 1081/1788 1080/1794
f 1117/1829 1079/1850 1077/1766
f 1081/1770 1078/1769 1080/1794
f 1081/1770 1091/1782 1083/1772
f 1091/1782 1081/1770 1096/1787
f 1096/1790 1098/1791 1094/1785
f 1109/1812 1094/1785 1098/1810
f 1094/1785 1109/1812 1095/1786
f 1093/1784 1095/1786 1124/1851
f 1092/1852 1124/1853 1125/1854
f 1124/1851 1092/1852 1093/1784
f 1077/1766 1078/1765 1076/1762
f 1082/1771 1076/1762 1078/1769
f 1077/1766 1034/1855 1117/1829
f 1034/1855 1077/1766 1075/1763
f 1032/1830 1117/1829 1034/1855
f 1038/1760 1034/1699 1075/1761
f 1034/1855 1033/1698 1032/1830
f 1075/1761 1076/1762 1074/1759
f 1076/1762 1082/1771 1089/1856
f 1089/1856 1074/1759 1076/1762
f 1082/1771 1084/1773 1089/1856
f 1089/1780 1084/1773 1087/1778
f 1074/1759 1089/1856 1072/1756
f 1072/1779 1087/1778 1071/1753
f 1088/1777 1071/1753 1087/1776
f 1071/1753 1088/1777 1070/1751
f 1065/1754 1071/1753 1066/1746
f 1073/1757 1072/1756 1065/1754
f 1038/1760 1074/1759 1073/1757
f 1073/1757 1065/1754 1063/1857
f 1063/1857 1038/1760 1073/1757
f 1063/1742 1065/1754 1064/1743
f 1038/1760 1063/1857 1039/1858
f 1039/1704 1035/1700 1038/1760
f 1062/1744 1039/1858 1063/1742
f 1062/1744 1064/1743 1061/1739
f 1064/1743 1067/1748 1061/1739
f 1039/1858 1062/1744 1040/1859
f 1040/1859 1037/1705 1039/1858
f 1061/1739 1067/1748 1060/1736
f 1067/1748 1059/1733 1060/1736
f 1059/1733 1067/1748 1068/1749
f 1062/1744 1044/1860 1040/1859
f 1044/1711 1041/1709 1040/1859
f 1044/1718 1049/1717 1043/1710
f 1044/1860 1062/1744 1051/1740
f 1051/1740 1050/1720 1044/1860
f 1051/1740 1061/1739 1053/1737
f 1053/1724 1052/1723 1051/1740
f 1053/1737 1060/1736 1055/1732
f 1055/1732 1054/1726 1053/1737
f 1057/1734 1056/1729 1055/1732
f 1041/1709 1045/1712 1037/1705
f 1045/1712 1046/1713 1126/1861
f 1127/1862 1126/1861 1046/1713
f 1128/1863 1046/1864 1048/1865
f 1129/1866 1127/1867 1128/1868
f 1126/1861 1127/1862 1130/1869
f 1131/1870 1130/1869 1127/1862
f 1130/1869 1131/1870 1132/1871
f 1133/1872 1132/1871 1131/1870
f 1134/1873 1131/1874 1129/1875
f 1134/1876 1135/1877 1136/1878
f 1137/1879 1138/1880 1136/1881
f 1136/1882 1139/1883 1133/1884
f 1140/1885 987/1886 1138/1887
f 985/1607 1141/1888 987/1609
f 1135/1889 1142/1890 1137/1891
f 1127/1862 1129/1866 1131/1870
f 1046/1864 1128/1863 1127/1862
f 1042/1708 1048/1715 1046/1713
f 1131/1874 1134/1873 1133/1872
f 1134/1876 1136/1878 1133/1872
f 1135/1877 1137/1891 1136/1878
f 1132/1871 1133/1872 1139/1883
f 1139/1883 1136/1882 1138/1880
f 987/1892 1132/1871 1139/1883
f 1139/1883 1138/1880 987/1892
f 1132/1871 987/1892 1141/1888
f 1141/1888 1130/1869 1132/1871
f 986/1608 987/1609 1140/1885
f 1130/1869 1141/1888 1030/1893
f 906/1894 1140/1885 1138/1887
f 1138/1887 1137/1879 906/1894
f 988/1895 1030/1893 1141/1888
f 1141/1888 985/1607 988/1895
f 1030/1893 988/1895 1029/1691
f 1029/1691 988/1895 989/1613
f 1029/1691 989/1613 992/1692
f 1030/1893 1031/1694 1130/1869
f 1126/1861 1130/1869 1031/1694
f 985/1607 978/1606 984/1612
f 984/1612 983/1604 990/1614
f 977/1595 978/1594 986/1608
f 990/1619 994/1618 993/1617
f 983/1604 995/1621 994/1618
f 994/1618 1000/1634 993/1617
f 994/1618 996/1622 1000/1634
f 995/1624 997/1625 996/1622
f 997/1628 999/1630 996/1622
f 1000/1632 999/1631 1005/1640
f 980/1602 982/1601 995/1621
f 999/1631 1007/1644 1005/1640
f 1001/1635 1005/1640 1004/1639
f 1005/1640 1006/1641 1004/1639
f 1006/1674 1007/1643 1018/1672
f 1007/1671 1008/1646 1017/1669
f 998/1629 1008/1647 999/1630
f 1008/1668 1009/1649 1016/1666
f 1009/1665 1011/1652 1015/1663
f 1010/1651 1009/1650 998/1648
f 1011/1653 1012/1655 1013/1660
f 972/1654 1011/1653 1010/1651
f 876/1656 1012/1658 972/1654
f 973/1896 1010/1651 998/1648
f 973/1581 972/1580 1010/1651
f 973/1896 998/1648 997/1628
f 972/1580 878/1414 876/1656
f 405/1409 876/1408 878/1413
f 876/1408 406/1410 875/1406
f 875/1406 1014/1659 876/1408
f 997/1628 974/1897 973/1896
f 974/1897 997/1628 982/1627
f 974/1897 879/1582 973/1896
f 981/1603 974/1897 982/1601
f 881/1418 880/1417 879/1582
f 979/1596 981/1598 980/1597
f 975/1586 881/1585 974/1583
f 974/1583 981/1603 975/1586
f 976/1589 975/1588 981/1598
f 977/1595 976/1591 979/1596
f 883/1587 882/1420 881/1585
f 396/586 880/1579 882/1419
f 975/1586 886/1898 883/1587
f 885/1423 883/1421 886/1424
f 886/1898 975/1586 903/1590
f 904/1593 903/1590 976/1591
f 903/1590 904/1593 900/1447
f 903/1451 899/1446 886/1898
f 905/1453 904/1452 977/1592
f 887/1425 886/1424 899/1446
f 977/1595 986/1608 905/1453
f 905/1453 986/1608 1140/1885
f 905/1453 1140/1885 906/1894
f 906/1455 902/1454 905/1453
f 887/1425 899/1446 891/1899
f 891/1899 899/1446 898/1444
f 888/1431 887/1425 891/1434
f 888/1431 885/1427 887/1425
f 892/1436 890/1435 891/1443
f 892/1445 898/1444 897/1442
f 898/1444 901/1449 897/1442
f 907/1456 901/1449 902/1454
f 901/1449 907/1456 909/1458
f 897/1461 901/1449 909/1459
f 896/1441 897/1442 910/1460
f 914/1468 896/1469 910/1466
f 913/1464 910/1466 911/1465
f 909/1459 908/1457 911/1462
f 911/1465 908/1457 912/1463
f 1142/1900 912/1463 908/1457
f 908/1457 1137/1891 1142/1900
f 908/1457 906/1455 1137/1891
f 896/1469 916/1472 894/1474
f 893/1440 896/1441 894/1438
f 894/1438 917/1473 918/1476
f 917/1473 919/1477 918/1476
f 919/1477 917/1473 955/1901
f 955/1901 921/1534 919/1477
f 921/1480 920/1479 919/1477
f 1143/1902 889/1903 920/1904
f 893/1437 889/1432 890/1435
f 889/1432 893/1437 895/1439
f 895/1439 920/1478 889/1432
f 889/1432 1143/1902 388/1430
f 922/1481 1143/1902 920/1479
f 388/575 389/576 888/1431
f 386/573 388/575 1143/1902
f 389/1429 884/1422 885/1427
f 1143/1902 383/1905 386/573
f 383/1905 1143/1902 922/1481
f 382/570 386/572 383/567
f 922/1481 924/1484 383/1905
f 924/1484 384/568 383/1905
f 923/1483 922/1482 921/1480
f 921/1534 953/1533 923/1483
f 925/1486 924/1485 923/1483
f 923/1531 952/1530 925/1486
f 952/1528 927/1527 925/1486
f 924/1484 926/1487 384/568
f 927/1527 926/1488 925/1486
f 926/1487 970/1906 384/568
f 926/1488 928/1490 970/1906
f 384/568 970/1906 381/1572
f 384/568 381/1572 382/569
f 968/1564 970/1570 928/1490
f 929/1492 928/1491 927/1489
f 951/1529 929/1524 927/1527
f 928/1491 930/1493 968/1564
f 966/1565 968/1564 930/1493
f 931/1495 930/1494 929/1492
f 930/1494 932/1496 966/1565
f 929/1492 949/1523 931/1495
f 932/1496 965/1561 966/1565
f 949/1523 933/1522 931/1495
f 933/1498 932/1497 931/1495
f 932/1497 934/1499 965/1561
f 934/1499 962/1558 965/1561
f 935/1501 934/1500 933/1498
f 948/1521 935/1519 933/1522
f 934/1500 936/1502 962/1558
f 936/1502 961/1552 962/1558
f 936/1503 938/1505 961/1552
f 960/1548 961/1550 938/1505
f 937/1504 936/1503 935/1501
f 947/1516 937/1514 935/1519
f 937/1504 945/1513 940/1507
f 353/1907 354/529 960/1548
f 939/1506 353/1907 960/1547
f 354/529 353/1907 352/530
f 939/1506 941/1508 353/1907
f 941/1508 347/527 353/1907
f 347/527 348/519 352/528
f 941/1508 345/1908 347/527
f 345/515 346/516 347/527
f 941/1508 943/1510 345/1908
f 944/1511 943/1539 942/1509
f 343/513 345/515 943/1510
f 956/1538 343/1542 943/1539
f 343/1542 958/1543 341/511
f 341/1545 959/1544 339/509
f 334/1909 339/509 959/1544
f 339/509 334/1909 337/506
f 334/1909 335/504 337/506
f 324/499 335/504 333/501
f 324/499 331/498 325/491
f 324/499 336/505 335/504
f 336/505 324/499 322/489
f 336/505 322/489 321/486
f 336/505 321/486 320/482
f 338/508 336/505 320/482
f 338/508 320/482 319/480
f 340/510 338/508 319/480
f 320/481 316/484 318/479
f 340/510 319/480 436/1910
f 436/1910 342/512 340/510
f 437/665 436/664 319/480
f 319/480 318/479 437/665
f 342/512 436/1910 435/663
f 435/663 344/514 342/512
f 344/514 435/663 346/516
f 318/479 438/668 437/665
f 346/518 349/659 348/519
f 435/661 434/662 349/659
f 437/667 433/666 434/662
f 432/655 434/656 433/653
f 350/652 349/520 432/650
f 351/524 348/523 350/521
f 438/668 318/479 317/477
f 352/530 351/524 355/531
f 355/531 351/524 359/535
f 317/477 440/1911 438/668
f 439/672 438/668 440/670
f 440/1911 317/477 444/677
f 431/654 433/653 439/669
f 315/1912 444/677 317/477
f 317/477 316/476 315/1912
f 444/680 315/1912 445/678
f 321/483 314/473 316/484
f 313/1913 445/678 315/1912
f 315/474 314/473 313/1913
f 321/486 311/485 314/473
f 445/678 313/1913 447/682
f 311/467 310/469 314/473
f 313/471 310/470 308/465
f 308/465 447/682 313/471
f 322/487 323/488 311/485
f 323/488 312/468 311/485
f 312/1914 1144/1915 309/1916
f 300/1917 1144/1918 1145/1919
f 299/1920 1145/1921 1146/1922
f 298/1923 1146/1924 1147/1925
f 297/1926 1147/1927 1148/1928
f 296/1929 1148/1930 1149/1931
f 295/1932 1149/1933 1150/1934
f 294/1935 1150/1936 1151/1937
f 1151/1937 1152/1938 294/1935
f 1152/1938 1151/1937 1153/1939
f 291/1940 1153/1941 1154/1942
f 1154/1942 1155/1943 291/1940
f 1155/1943 1154/1942 1156/1944
f 1157/1945 1156/1944 1154/1942
f 1158/1946 1154/1942 1153/1941
f 1159/1947 1153/1939 1151/1937
f 1160/1948 1151/1937 1150/1936
f 1161/1949 1150/1934 1149/1933
f 1162/1950 1149/1931 1148/1930
f 1163/1951 1148/1928 1147/1927
f 1164/1952 1147/1925 1146/1924
f 1165/1953 1164/1954 1145/1955
f 1164/1954 1165/1953 1166/1956
f 1167/1957 1166/1958 1168/1959
f 1168/1959 1169/1960 1167/1957
f 1170/1961 1167/1957 1169/1960
f 1169/1960 1171/1962 1170/1961
f 1172/1963 1170/1961 1171/1962
f 1171/1962 1173/1964 1172/1963
f 1174/1965 1172/1963 1173/1964
f 1173/1964 1175/1966 1174/1965
f 1176/1967 1174/1965 1175/1966
f 1175/1966 1177/1968 1176/1967
f 1178/1969 1176/1967 1177/1968
f 1177/1968 1179/1970 1178/1969
f 1180/1971 1178/1969 1179/1970
f 1179/1970 1181/1972 1180/1971
f 1182/1973 1180/1971 1181/1972
f 1181/1972 1183/1974 1182/1973
f 1183/1974 1184/1975 1182/1973
f 1185/1976 1180/1971 1182/1973
f 1182/1973 1186/1977 1185/1976
f 1185/1978 1187/1979 1156/1980
f 1188/1981 1155/1943 1156/1944
f 1187/1982 1189/1983 1188/1984
f 1189/1983 1187/1982 1190/1985
f 1190/1985 1191/1986 1189/1983
f 1189/1987 1192/1988 285/1989
f 1192/1990 1193/1991 286/1992
f 1193/1991 1192/1990 1194/1993
f 1194/1994 1191/1995 1195/1996
f 1196/1997 1195/1996 1191/1995
f 1195/1996 1196/1997 1197/1998
f 1198/1999 1197/1998 1196/1997
f 1199/2000 1196/2001 1190/2002
f 1199/2003 1184/2004 1200/2005
f 1201/2006 1202/2007 1200/2008
f 1203/2009 1201/2006 1200/2008
f 1201/2006 1204/2010 1202/2007
f 1204/2010 1205/2011 1202/2007
f 1205/2011 1204/2010 1206/2012
f 1207/2013 1206/2014 1208/2015
f 1208/2015 1209/2016 1207/2013
f 1205/2017 1207/2018 1210/2019
f 1210/2020 1211/2021 1197/2022
f 1212/2023 1195/1996 1197/1998
f 1213/2024 1194/1994 1195/1996
f 1213/2025 1214/2026 164/2027
f 162/2028 1214/2029 1215/2030
f 160/2031 1215/2032 1216/2033
f 1217/2034 1216/2033 1215/2032
f 1218/2035 1215/2030 1214/2029
f 1218/2036 1211/2037 1219/2038
f 1217/2039 1219/2040 1220/2041
f 1220/2041 1221/2042 1217/2039
f 1221/2042 1220/2041 1222/2043
f 1222/2043 1223/2044 1221/2042
f 1223/2044 1222/2043 1224/2045
f 1224/2045 1225/2046 1223/2044
f 1225/2046 1224/2045 1226/2047
f 1227/2048 1226/2047 1224/2045
f 1228/2049 1224/2045 1222/2043
f 1229/2050 1222/2043 1220/2041
f 1230/2051 1229/2052 1219/2053
f 1230/2051 1231/2054 1229/2052
f 1231/2054 1232/2055 1229/2052
f 1233/2056 1232/2057 1234/2058
f 1234/2059 1231/2060 1235/2061
f 1235/2062 1209/2063 1236/2064
f 1237/2065 1236/2066 1208/2067
f 1208/2067 1238/2068 1237/2065
f 1236/2066 1237/2065 1239/2069
f 1240/2070 1236/2066 1239/2069
f 1241/2071 1235/2072 1240/2073
f 1242/2074 1234/2075 1241/2076
f 1243/2077 1233/2078 1242/2079
f 1244/2080 1245/2081 1233/2082
f 1245/2081 1244/2080 1246/2083
f 1247/2084 1245/2081 1246/2083
f 1238/2085 1204/2086 1248/2087
f 1248/2088 1201/2089 1249/2090
f 1250/2091 1249/2090 1201/2089
f 1251/2092 1250/2093 1203/2094
f 1251/2095 1181/2096 1252/2097
f 1253/2098 1252/2097 1181/2096
f 1254/2099 1253/2100 1179/2101
f 1254/2102 1175/2103 1255/2104
f 1255/2105 1173/2106 1256/2107
f 1256/2108 1171/2109 1257/2110
f 1257/2111 1169/2112 1258/2113
f 1258/2114 1168/2115 1259/2116
f 1168/2117 1260/2118 328/2119
f 326/2120 1260/2121 1261/2122
f 1168/1959 1258/2114 1169/1960
f 1169/1960 1257/2111 1171/1962
f 1171/1962 1256/2108 1173/1964
f 1173/1964 1255/2105 1175/1966
f 1175/1966 1254/2102 1177/1968
f 1254/2102 1179/2101 1177/1968
f 1253/2100 1181/2096 1179/2101
f 1181/2096 1251/2095 1183/1974
f 1251/2095 1203/2094 1183/1974
f 1183/1974 1203/2094 1184/1975
f 1250/2093 1201/2089 1203/2094
f 1201/2089 1248/2088 1204/2010
f 1203/2094 1200/2008 1184/1975
f 1204/2086 1238/2085 1206/2012
f 1238/2068 1208/2067 1206/2012
f 1186/1977 1182/1973 1184/1975
f 1184/2004 1199/2003 1186/1977
f 1206/2012 1207/2013 1205/2011
f 1210/2019 1207/2018 1262/2123
f 1207/2018 1209/2016 1262/2123
f 1209/2016 1208/2015 1236/2064
f 1236/2064 1240/2070 1235/2062
f 1209/2063 1235/2062 1231/2060
f 1235/2061 1241/2071 1234/2059
f 1209/2063 1231/2060 1230/2051
f 1262/2123 1209/2016 1230/2051
f 1231/2060 1234/2059 1232/2055
f 1234/2058 1242/2074 1233/2056
f 1233/2078 1243/2077 1244/2080
f 1232/2057 1233/2056 1245/2081
f 1262/2123 1230/2051 1211/2124
f 1211/2021 1210/2020 1262/2123
f 1211/2037 1230/2051 1219/2038
f 1219/2053 1229/2052 1220/2041
f 1222/2043 1229/2050 1228/2049
f 1232/2055 1228/2049 1229/2052
f 1232/2055 1227/2125 1228/2049
f 1227/2125 1232/2055 1245/2081
f 1224/2045 1228/2049 1227/2048
f 1245/2081 1247/2084 1227/2125
f 1226/2047 1227/2048 1247/2084
f 1219/2038 1217/2039 1218/2036
f 1215/2030 1218/2035 1217/2034
f 1216/2033 1217/2034 1221/2042
f 1221/2042 159/2126 1216/2033
f 159/214 160/215 1216/2033
f 159/2126 1221/2042 1223/2044
f 1223/2044 158/212 159/2126
f 158/212 1223/2044 1225/2046
f 1215/2032 160/2031 162/2028
f 161/218 162/217 160/215
f 1211/2037 1218/2036 1212/2127
f 1197/2022 1211/2021 1212/2023
f 1214/2029 1212/2127 1218/2035
f 1214/2029 162/2028 164/2027
f 1212/2127 1214/2029 1213/2025
f 1195/1996 1212/2023 1213/2024
f 164/2027 162/2028 163/221
f 165/222 163/221 1263/2128
f 168/2129 1263/2130 1264/2131
f 1265/2132 1264/2133 1266/2134
f 1266/2135 1267/2136 1268/2137
f 1268/2137 1267/2136 1269/2138
f 1267/2136 1270/2139 1269/2138
f 1269/2138 1270/2139 1271/2140
f 1267/2136 1272/2141 1270/2139
f 1273/2142 169/2143 1265/2144
f 1274/2145 1273/2146 183/2147
f 169/2143 168/226 1265/2144
f 1264/2148 1272/2141 1267/2136
f 1266/2135 1264/2133 1267/2136
f 1265/2132 168/226 1264/2133
f 1264/2131 1263/2130 1272/2141
f 1263/2130 168/2129 165/222
f 167/224 165/222 168/226
f 152/2149 1272/2141 1263/2130
f 163/221 152/2149 1263/2128
f 152/2149 163/221 161/218
f 161/218 153/206 152/2149
f 161/218 157/211 153/206
f 157/211 156/213 153/206
f 1272/2141 152/2149 149/2150
f 149/2150 1270/2139 1272/2141
f 152/2149 148/201 149/2150
f 152/205 151/207 148/201
f 151/207 155/209 150/203
f 1270/2139 149/2150 146/2151
f 149/2150 145/198 146/2151
f 146/2151 1271/2140 1270/2139
f 1271/2140 146/2151 142/2152
f 146/199 143/197 142/2152
f 1271/2140 142/2152 140/188
f 143/193 141/192 142/2152
f 139/187 1271/2140 140/188
f 144/195 128/168 143/197
f 1271/2140 139/187 1269/2138
f 128/168 129/169 141/192
f 138/185 1269/2138 139/186
f 131/189 141/190 129/169
f 131/189 133/183 139/187
f 1269/2138 138/185 1268/2137
f 132/175 133/176 131/173
f 130/174 131/173 129/169
f 126/171 130/170 129/169
f 125/163 124/162 126/165
f 115/2153 132/175 130/174
f 124/172 115/2153 130/170
f 123/161 121/159 124/162
f 115/2153 124/172 121/159
f 116/155 115/150 121/159
f 118/157 114/149 116/155
f 114/149 117/153 115/150
f 132/175 115/2153 117/153
f 117/153 134/178 132/175
f 134/178 135/179 133/176
f 134/178 117/153 106/2154
f 108/141 106/139 117/153
f 112/148 107/140 108/146
f 106/2154 136/181 134/178
f 136/181 106/2154 104/137
f 104/137 137/182 136/181
f 137/182 104/137 102/135
f 102/135 191/256 137/182
f 191/256 102/135 100/133
f 135/179 137/182 190/257
f 98/131 191/256 100/133
f 190/257 138/185 135/179
f 191/256 98/131 192/259
f 190/255 191/256 189/253
f 96/129 192/259 98/131
f 188/254 138/185 190/255
f 189/260 192/259 193/262
f 188/254 1268/2137 138/185
f 188/254 189/253 187/250
f 186/251 1268/2137 188/252
f 186/251 1266/2135 1268/2137
f 192/259 96/129 196/267
f 92/124 196/267 96/129
f 186/251 187/250 184/247
f 194/265 184/247 187/263
f 185/248 1266/2135 186/249
f 184/247 194/265 182/245
f 185/248 1265/2132 1266/2135
f 197/270 182/245 194/265
f 1273/2142 1265/2144 185/248
f 182/245 197/270 181/244
f 183/2147 1273/2146 185/248
f 196/267 92/124 94/127
f 193/268 196/267 195/266
f 94/127 195/266 196/267
f 195/266 209/2155 197/270
f 195/266 94/127 209/2155
f 198/289 197/271 209/290
f 91/2156 209/2155 94/127
f 94/127 89/126 91/2156
f 209/290 91/2156 208/288
f 199/274 181/244 198/272
f 88/2157 208/288 91/2156
f 91/123 86/122 88/2157
f 198/289 208/288 206/286
f 206/286 199/274 198/289
f 208/288 88/2157 207/285
f 199/274 206/286 203/283
f 206/284 207/285 205/282
f 203/280 201/279 199/274
f 1275/2158 201/279 202/278
f 201/277 179/276 199/274
f 203/280 205/282 204/281
f 211/294 204/281 205/292
f 204/281 211/294 233/328
f 201/277 1275/2158 200/275
f 233/331 235/330 204/281
f 235/330 202/278 204/281
f 236/332 202/278 235/330
f 202/278 236/332 1275/2158
f 233/328 213/296 232/327
f 232/327 234/335 233/328
f 277/2159 1275/2158 236/332
f 232/327 215/298 231/326
f 231/326 238/338 232/327
f 238/334 237/333 234/335
f 237/333 277/2159 236/332
f 240/340 237/333 238/338
f 270/393 277/404 237/333
f 240/340 270/393 237/333
f 269/394 270/393 240/340
f 241/341 269/394 240/340
f 231/326 217/300 230/325
f 230/344 239/343 231/326
f 242/342 241/341 239/343
f 229/347 242/346 230/344
f 230/325 219/302 229/347
f 244/348 241/341 242/346
f 262/380 269/391 241/341
f 244/348 262/380 241/341
f 261/381 262/380 244/348
f 245/349 261/381 244/348
f 269/391 263/382 268/392
f 249/358 261/378 245/349
f 248/359 249/358 245/349
f 261/378 251/361 260/379
f 259/384 263/383 260/379
f 260/376 257/375 259/384
f 251/361 252/362 257/375
f 259/373 258/372 267/389
f 256/450 258/449 257/371
f 250/364 253/363 252/362
f 32/357 30/44 250/360
f 28/2160 253/363 30/365
f 30/365 29/43 28/2160
f 253/368 28/2160 302/453
f 26/455 302/454 28/2160
f 28/2160 27/40 26/455
f 34/48 27/40 29/43
f 31/45 32/46 33/47
f 33/47 32/46 248/359
f 33/47 248/359 35/354
f 35/354 34/49 33/47
f 248/355 245/349 246/356
f 246/350 245/349 243/351
f 246/350 247/353 35/354
f 1276/2161 247/2162 226/2163
f 44/2164 1276/2165 1277/2166
f 37/52 35/50 247/353
f 247/2162 1276/2161 37/52
f 228/352 226/319 247/353
f 228/352 243/351 229/347
f 229/347 227/322 228/352
f 227/317 222/316 226/319
f 219/324 220/303 227/322
f 226/314 224/313 1276/2161
f 221/308 222/307 220/318
f 218/301 221/304 220/303
f 223/309 224/310 222/307
f 1277/2166 1276/2165 224/313
f 44/2164 37/52 1276/2165
f 224/313 61/2167 1277/2166
f 61/2167 224/313 225/312
f 40/2168 37/52 44/2164
f 43/60 40/56 44/61
f 39/58 37/52 40/56
f 37/52 39/58 36/51
f 45/62 44/61 1277/2166
f 36/54 38/53 34/49
f 27/40 34/48 38/53
f 38/53 25/37 27/40
f 39/58 42/59 38/53
f 25/37 38/53 42/59
f 42/59 23/34 25/37
f 26/38 25/37 24/35
f 24/35 303/456 26/38
f 23/34 42/59 520/2169
f 41/57 520/2169 42/59
f 520/2169 21/31 23/34
f 24/35 23/34 22/32
f 520/2169 41/57 46/799
f 43/60 46/64 41/57
f 21/31 520/2169 519/800
f 519/800 46/799 48/796
f 47/68 48/67 46/64
f 45/62 47/66 43/63
f 519/800 19/28 21/31
f 19/28 519/800 518/797
f 22/32 21/31 20/29
f 518/797 17/793 19/28
f 20/29 19/28 18/26
f 518/797 48/796 50/2170
f 49/71 50/70 48/67
f 50/2170 517/795 518/797
f 517/795 15/22 17/793
f 18/26 17/25 16/23
f 517/795 50/2170 516/790
f 15/22 517/795 513/791
f 51/72 516/790 50/70
f 513/791 13/782 15/22
f 513/791 516/790 514/786
f 514/785 512/781 513/791
f 516/790 51/72 515/787
f 16/23 15/22 14/20
f 52/73 515/787 51/74
f 51/74 49/71 53/75
f 53/75 49/71 57/79
f 49/71 47/68 57/79
f 47/68 45/62 57/79
f 59/81 57/79 45/62
f 1277/2166 59/81 45/62
f 61/84 59/83 1277/2166
f 60/82 56/78 59/83
f 63/87 60/82 61/84
f 61/84 66/90 63/87
f 66/90 61/84 225/312
f 66/93 225/312 69/94
f 69/94 225/312 223/311
f 71/97 69/96 223/311
f 71/97 223/311 221/308
f 75/102 71/99 221/304
f 216/299 75/306 218/301
f 75/306 216/299 76/2171
f 76/103 73/100 75/306
f 214/297 76/2171 216/299
f 76/2171 214/297 79/2172
f 79/2172 74/106 76/2171
f 212/295 79/2172 214/297
f 79/2172 212/295 82/2173
f 82/2173 77/110 79/2172
f 210/291 82/2173 212/295
f 82/2173 210/291 85/2174
f 207/293 85/2174 210/291
f 85/2174 80/114 82/2173
f 85/2174 207/293 88/2157
f 88/2157 83/118 85/2174
f 84/113 81/109 80/114
f 1278/2175 78/2176 81/2177
f 1279/2178 81/109 84/113
f 1280/2179 84/2180 87/2181
f 1280/2182 90/2183 1281/2184
f 1281/2185 93/2186 1282/2187
f 93/2186 1283/2188 1282/2187
f 1283/2189 97/2190 1284/2191
f 1284/2192 99/2193 1285/2194
f 99/2193 1286/2195 1285/2194
f 1287/2196 72/2197 78/2198
f 1288/2199 70/2200 72/2201
f 1289/2202 68/2203 70/2204
f 1290/2205 67/2206 68/2207
f 1291/2208 65/89 67/91
f 1292/2209 64/88 65/89
f 64/88 1293/2210 62/86
f 1294/2211 62/86 1293/2210
f 1293/2210 1295/2212 1294/2211
f 1296/2213 1294/2211 1295/2212
f 1295/2212 1297/2214 1296/2213
f 1296/2215 521/2216 1298/2217
f 1299/2218 524/2219 1297/2220
f 1300/2221 1297/2214 1295/2212
f 1300/2222 1293/2223 1301/2224
f 1302/2225 1301/2226 64/2227
f 1303/2228 525/806 524/805
f 1304/2229 525/2230 1305/2231
f 1306/2232 528/2233 1304/2234
f 529/811 528/810 1307/2235
f 1307/2235 1308/2236 529/811
f 1309/2237 538/2238 1308/2239
f 1310/2240 1311/2241 538/2242
f 1312/2243 540/2244 1311/2245
f 538/2238 1309/2237 1310/2240
f 540/830 538/828 1311/2245
f 1308/2239 1306/2246 1309/2237
f 1306/2246 1308/2239 1307/2235
f 1307/2235 528/810 1306/2246
f 528/2233 525/2230 1304/2234
f 525/806 1303/2228 1305/2231
f 527/812 525/806 528/810
f 524/2219 1299/2218 1303/2228
f 1293/2210 64/88 1301/2224
f 1295/2212 1293/2210 1300/2221
f 1297/2214 1300/2221 1299/2218
f 64/88 1292/2209 1302/2225
f 65/89 1291/2208 1292/2209
f 67/2206 1290/2205 1291/2208
f 66/93 68/92 67/91
f 68/2207 1289/2202 1290/2205
f 69/94 70/95 68/92
f 70/2200 1288/2199 1289/2202
f 71/99 72/98 70/95
f 72/2201 1287/2196 1288/2199
f 78/2198 72/2197 74/106
f 78/2176 1278/2175 1287/2196
f 81/2177 78/2176 77/110
f 81/2177 1279/2178 1278/2175
f 84/2180 1280/2179 1279/2178
f 84/113 83/112 87/2181
f 90/2183 1280/2182 87/2181
f 87/117 86/116 90/2183
f 90/121 89/120 93/125
f 93/2186 1281/2185 90/121
f 1283/2188 93/2186 95/128
f 95/128 97/130 1283/2188
f 97/2190 99/132 1284/2191
f 1286/2195 99/2193 101/134
f 101/134 110/2247 1286/2195
f 110/2247 101/134 103/136
f 103/136 105/138 110/2247
f 2/644 1/1 428/642
f 3/3 4/4 1/1
f 1/688 450/687 449/684
f 450/1362 855/1361 449/684
f 428/685 449/684 859/1369
f 858/1368 855/1367 856/1364
f 1313/2248 857/1365 858/1368
f 856/1364 853/1363 854/1360
f 451/1358 853/1357 450/1362
f 4/691 451/690 450/687
f 854/1360 851/1359 852/1356
f 852/1356 850/1354 1314/2249
f 850/1354 1315/2250 1314/2249
f 849/2251 1316/2252 1315/2253
f 848/2254 1317/2255 1316/2256
f 845/2257 1318/2258 1317/2259
f 844/2260 1319/2261 1318/2262
f 843/2263 1320/2264 1319/2265
f 842/2266 1321/2267 1320/2268
f 841/2269 1322/2270 1321/2271
f 840/2272 1323/2273 1322/2274
f 1324/2275 1323/2276 838/2277
f 1322/2270 841/2269 840/2272
f 1321/2267 842/2266 841/2269
f 1320/2268 843/2263 842/2266
f 1319/2261 844/2260 843/2263
f 1318/2258 845/2257 844/2260
f 1317/2259 848/2254 845/2257
f 1315/2253 850/1354 849/2251
f 1316/2256 849/2251 848/2254
f 844/1340 467/1341 468/1338
f 843/1339 468/1338 473/2278
f 468/713 469/714 473/2278
f 473/720 474/721 843/1339
f 841/1333 474/1334 476/1331
f 470/715 469/716 466/710
f 466/712 467/711 464/707
f 846/1344 464/707 467/1341
f 848/1350 847/1349 846/1344
f 464/707 846/1344 461/1346
f 461/1346 460/702 464/707
f 849/1353 453/1352 847/1349
f 461/1346 847/1345 458/2279
f 453/1352 458/2279 847/1349
f 458/2279 457/698 461/1346
f 458/2279 453/1352 452/693
f 452/693 455/696 458/2279
f 453/1352 851/1355 451/1358
f 6/7 453/694 451/690
f 5/8 6/7 4/4
f 459/701 455/700 456/697
f 462/705 457/704 459/701
f 456/697 511/779 459/701
f 459/701 510/776 462/705
f 509/788 511/779 514/786
f 511/779 509/788 510/776
f 507/770 510/773 509/772
f 462/705 510/776 501/775
f 503/764 501/762 507/770
f 499/760 462/705 501/762
f 504/765 500/761 503/767
f 499/760 465/2280 462/705
f 465/2280 460/708 462/705
f 465/2280 499/760 496/759
f 496/755 495/754 465/2280
f 470/2281 465/2280 495/754
f 465/2280 470/2281 463/706
f 470/2281 495/754 489/753
f 489/753 471/718 470/2281
f 497/758 494/751 496/759
f 494/752 491/749 489/753
f 491/749 488/746 489/753
f 489/743 487/741 471/718
f 487/741 472/719 471/718
f 472/719 487/741 475/740
f 475/723 474/722 472/719
f 488/746 486/745 485/739
f 475/740 485/739 477/732
f 477/726 476/725 475/740
f 840/1330 476/1331 478/1328
f 479/734 478/728 477/732
f 1323/2273 840/2272 839/1329
f 839/1329 478/1328 480/1325
f 839/1329 838/1326 1323/2273
f 838/1324 480/1325 554/1322
f 837/1321 554/1322 556/852
f 838/2277 837/1323 1324/2275
f 836/2282 1324/2275 837/1323
f 837/1321 558/854 836/2282
f 558/1320 561/1317 835/1318
f 557/853 561/858 558/854
f 561/1317 832/1314 834/1315
f 560/856 832/1314 561/858
f 557/857 555/851 559/855
f 563/860 559/855 555/851
f 832/1314 560/856 578/1309
f 560/856 576/877 578/1309
f 576/877 560/856 562/859
f 831/1308 578/1309 579/880
f 574/875 576/877 562/859
f 831/1310 833/1312 832/1311
f 830/2283 833/1312 831/1310
f 831/1308 581/882 830/2283
f 564/861 574/875 562/859
f 571/873 574/874 564/861
f 566/863 571/870 564/861
f 581/1307 584/1304 829/1305
f 580/881 584/886 581/882
f 580/881 577/878 582/883
f 575/876 582/883 577/878
f 573/872 575/876 574/874
f 582/883 575/876 589/893
f 573/897 589/896 575/876
f 583/884 582/883 586/889
f 586/892 589/893 587/890
f 1325/2284 684/2285 587/2286
f 590/898 587/890 589/896
f 587/2286 590/898 1325/2284
f 684/2285 588/891 587/2286
f 588/891 585/887 586/892
f 588/1051 686/1050 585/887
f 583/888 585/887 688/1055
f 583/888 688/1055 584/886
f 826/1298 584/1300 688/1296
f 584/1304 827/1299 828/1302
f 825/1297 827/1299 826/1298
f 825/1297 688/1296 689/1056
f 824/2287 827/1299 825/1297
f 825/1295 691/1058 824/2287
f 694/1291 823/1290 691/1294
f 690/1057 694/1062 691/1058
f 821/1288 822/1287 694/1291
f 693/1060 821/1288 694/1062
f 709/1085 820/1283 821/1285
f 821/1288 693/1060 708/1086
f 693/1064 695/1063 708/1086
f 708/1086 704/1080 707/1087
f 707/1087 816/1275 709/1085
f 816/1277 817/1276 709/1085
f 722/1280 818/1279 816/1277
f 710/1088 722/1280 816/1275
f 722/1280 710/1088 721/1110
f 722/1112 723/1113 819/1281
f 819/1281 723/1113 730/2288
f 723/1113 725/1115 730/2288
f 696/1065 697/1066 695/1063
f 693/1060 692/1059 696/1065
f 698/1070 696/1067 692/1071
f 690/1061 687/1053 692/1059
f 699/1069 692/1071 687/1053
f 686/1052 699/1069 687/1053
f 701/1073 699/1069 686/1052
f 685/1049 701/1073 686/1050
f 684/2285 685/1049 588/891
f 681/1044 685/1048 684/1047
f 685/1049 672/2289 701/1073
f 672/2289 685/1049 679/1041
f 670/2290 701/1073 672/2289
f 701/1073 670/2290 700/1072
f 679/1041 673/1033 672/2289
f 672/2289 671/1031 670/2290
f 673/1033 679/1041 676/1043
f 668/1075 700/1074 670/2290
f 676/1043 675/1037 673/1033
f 670/1029 669/1028 668/1075
f 673/1033 674/1034 671/1031
f 674/1034 669/1028 671/1031
f 702/1076 698/1070 700/1074
f 698/1070 702/1076 697/1066
f 674/1034 782/1203 669/1028
f 666/2291 697/1066 702/1076
f 640/1198 782/1200 674/1034
f 675/1036 640/1198 674/1034
f 697/1066 666/2291 703/1078
f 640/1198 675/1036 781/1197
f 677/1039 781/1197 675/1037
f 702/1076 664/1020 666/2291
f 664/1020 702/1076 668/1075
f 668/1026 667/1025 664/1020
f 669/1202 783/1201 667/1025
f 642/1199 783/1201 782/1200
f 641/991 642/990 640/987
f 643/992 641/991 778/1190
f 639/988 779/1195 641/989
f 643/992 644/993 642/990
f 642/990 644/993 783/1201
f 643/994 777/1188 645/995
f 645/997 646/996 644/993
f 646/996 783/1201 644/993
f 647/1000 777/1187 776/1186
f 783/1201 646/996 784/1204
f 647/1000 648/999 646/996
f 648/999 784/1204 646/996
f 649/1001 776/1186 775/1183
f 773/1184 775/1183 774/1180
f 650/1002 649/1001 773/1177
f 772/1176 773/1177 771/1174
f 667/1205 784/1204 665/1021
f 784/1204 648/999 785/1207
f 648/999 651/1003 785/1207
f 665/1208 785/1207 659/2292
f 659/2292 663/1022 665/1208
f 785/1207 651/1003 657/2293
f 785/1207 657/2293 659/2292
f 658/1012 659/1013 657/1011
f 651/1003 653/1006 657/2293
f 663/1022 659/2292 660/1017
f 650/1002 652/1005 651/1003
f 650/1002 772/1178 652/1005
f 652/1005 654/1008 653/1006
f 772/1178 770/2294 652/1005
f 772/1178 768/1175 770/2294
f 652/1005 770/2294 654/1008
f 770/1173 767/1170 769/1172
f 769/1172 654/1008 770/1173
f 654/1008 769/1172 800/1241
f 801/1247 654/1008 800/1245
f 769/1242 765/1169 799/1240
f 800/1241 799/1240 753/1243
f 801/1247 753/1243 751/1248
f 753/1152 750/1151 751/1248
f 799/1240 752/1149 753/1243
f 799/1240 759/1237 752/1149
f 752/1149 759/1237 754/1153
f 765/1167 763/1166 759/1237
f 763/1166 764/1165 762/1162
f 759/1158 763/1166 758/1157
f 763/1164 761/1163 758/1157
f 758/1160 760/1159 757/1156
f 746/1146 750/1147 748/1144
f 749/1145 748/1144 755/1154
f 745/1141 746/1142 749/1145
f 662/1018 660/1017 661/1016
f 662/1018 661/1016 705/1081
f 703/1078 662/1018 705/1081
f 662/1018 703/1078 666/2291
f 666/1023 663/1022 662/1018
f 1326/2295 1327/2296 1328/2297
f 1327/2296 1329/2298 1328/2297
f 1328/2297 1329/2298 1330/2299
f 1331/2300 1332/2301 1330/2302
f 1330/2303 1333/2304 1334/2305
f 1334/2306 1335/2307 1336/2308
f 1336/2309 1337/2310 1338/2311
f 1339/2312 1338/2311 1337/2310
f 1337/2310 1340/2313 1339/2312
f 1341/2314 1339/2312 1340/2313
f 1340/2313 1342/2315 1341/2314
f 1341/2316 1343/2317 1344/2318
f 1344/2319 1345/2320 1346/2321
f 1347/2322 1346/2321 1345/2320
f 1345/2320 1348/2323 1347/2322
f 1349/2324 1347/2322 1348/2323
f 1348/2323 1350/2325 1349/2324
f 1351/2326 1349/2324 1350/2325
f 1350/2325 1352/2327 1351/2326
f 1353/2328 1351/2326 1352/2327
f 1353/2328 1352/2327 1354/2329
f 1354/2330 1355/2331 1356/2332
f 1357/2333 1356/2332 1355/2331
f 1355/2331 1358/2334 1357/2333
f 1359/2335 1357/2333 1358/2334
f 1358/2334 1360/2336 1359/2335
f 1361/2337 1359/2335 1360/2336
f 1360/2336 1362/2338 1361/2337
f 1363/2339 1361/2337 1362/2338
f 1362/2338 1364/2340 1363/2339
f 1365/2341 1363/2339 1364/2340
f 1364/2340 1366/2342 1365/2341
f 1367/2343 1365/2341 1366/2342
f 1366/2342 1368/2344 1367/2343
f 1369/2345 1367/2343 1368/2344
f 1368/2344 1370/2346 1369/2345
f 1369/2347 1371/2348 1372/2349
f 1373/2350 1369/2347 1372/2349
f 1374/2351 1375/2352 1369/2353
f 1376/2354 1377/2355 1375/2356
f 1375/2356 1377/2355 1378/2357
f 1377/2355 1379/2358 1378/2357
f 1378/2357 1379/2358 1380/2359
f 1379/2358 1381/2360 1380/2359
f 1380/2359 1381/2360 1382/2361
f 1381/2360 1383/2362 1382/2361
f 1382/2361 1383/2362 1384/2363
f 1383/2362 1385/2364 1384/2363
f 1386/2365 1387/2366 1385/2367
f 1388/2368 1389/2369 1387/2370
f 1390/2371 1391/2372 1389/2373
f 1392/2374 1393/2375 1391/2376
f 1394/2377 1395/2378 1393/2379
f 1396/2380 1397/2381 1395/2382
f 1398/2383 1399/2384 1397/2385
f 1400/2386 1401/2387 1399/2388
f 1401/2387 1400/2386 1402/2389
f 1403/2390 1402/2391 1404/2392
f 1404/2393 1400/2394 1405/2395
f 1398/2396 1406/2397 1405/2398
f 1405/2395 1407/2399 1404/2393
f 1404/2392 1408/2400 1403/2390
f 1409/2401 1403/2390 1408/2400
f 1410/2402 1408/2403 1407/2404
f 1405/2395 1411/2405 1407/2399
f 1412/2406 1407/2399 1411/2405
f 1406/2407 1413/2408 1411/2409
f 1414/2410 1411/2409 1413/2408
f 1413/2408 1406/2407 1415/2411
f 1416/2412 1415/2413 1394/2414
f 1415/2413 1416/2412 1417/2415
f 1416/2412 1418/2416 1417/2415
f 1419/2417 1417/2415 1418/2416
f 1418/2416 1416/2412 1420/2418
f 1390/2419 1421/2420 1420/2421
f 1422/2422 1420/2421 1421/2420
f 1388/2423 1423/2424 1421/2425
f 1424/2426 1423/2427 1383/2428
f 1425/2429 1422/2430 1423/2431
f 1426/2432 1422/2430 1425/2429
f 1427/2433 1425/2434 1424/2435
f 1424/2436 1381/2437 1428/2438
f 1428/2439 1379/2440 1429/2441
f 1377/2442 1430/2443 1429/2444
f 1429/2441 1431/2445 1428/2439
f 1431/2445 1429/2441 1432/2446
f 1430/2447 1433/2448 1432/2449
f 1433/2448 1434/2450 1432/2449
f 1434/2450 1435/2451 1432/2449
f 1435/2452 1436/2453 1437/2454
f 1438/2455 1439/2456 1437/2457
f 1440/2458 1438/2455 1437/2457
f 1438/2459 1441/2460 1426/2461
f 1442/2462 1419/2463 1441/2464
f 1419/2463 1442/2462 1443/2465
f 1419/2463 1443/2465 1444/2466
f 1443/2465 1445/2467 1444/2466
f 1414/2468 1445/2469 1446/2470
f 1412/2471 1446/2472 1447/2473
f 1447/2474 1448/2475 1410/2476
f 1448/2475 1449/2477 1410/2476
f 1450/2478 1451/2479 1449/2480
f 1451/2479 1450/2478 1452/2481
f 1452/2481 1453/2482 1451/2479
f 1451/2483 1454/2484 1409/2485
f 1409/2401 1455/2486 1403/2390
f 1403/2390 1455/2486 1456/2487
f 1402/2488 1456/2489 1457/2490
f 1454/2491 1458/2492 1455/2493
f 1329/2494 1458/2495 1459/2496
f 1331/2497 1459/2498 1460/2499
f 1460/2499 1461/2500 1331/2497
f 1461/2500 1460/2499 1462/2501
f 1463/2502 1462/2501 1460/2499
f 1460/2499 1464/2503 1463/2502
f 1465/2504 1466/2505 1463/2506
f 1464/2503 1467/2507 1463/2502
f 1464/2503 1468/2508 1467/2507
f 1467/2509 1469/2510 1470/2511
f 1465/2512 1470/2513 1471/2514
f 1472/2515 1471/2516 1473/2517
f 1473/2518 1474/2519 1475/2520
f 1476/2521 1475/2522 1477/2523
f 1478/2524 1477/2525 1479/2526
f 1480/2527 1479/2528 1481/2529
f 1482/2530 1481/2531 1483/2532
f 1484/2533 1483/2534 1485/2535
f 1486/2536 1485/2537 1487/2538
f 1488/2539 1487/2540 1489/2541
f 1490/2542 1489/2543 1491/2544
f 1492/2545 1491/2546 1493/2547
f 1494/2548 1493/2549 1495/2550
f 1496/2551 1495/2552 1497/2553
f 1498/2554 1497/2555 1499/2556
f 1500/2557 1499/2558 1501/2559
f 1502/2560 1501/2561 1503/2562
f 1504/2563 1502/2560 1503/2562
f 1505/2564 1504/2563 1503/2562
f 1502/2560 1504/2563 1506/2565
f 1506/2565 1507/2566 1502/2560
f 1502/2567 1508/2568 1500/2569
f 1509/2570 1508/2571 1507/2572
f 1507/2566 1506/2565 1510/2573
f 1509/2574 1510/2575 1511/2576
f 1511/2576 1512/2577 1509/2574
f 1508/2571 1509/2570 1513/2578
f 1509/2570 1514/2579 1513/2578
f 1513/2578 1515/2580 1508/2571
f 1496/2581 1515/2582 1516/2583
f 1494/2584 1516/2585 1517/2586
f 1492/2587 1517/2588 1518/2589
f 1490/2590 1518/2591 1519/2592
f 1488/2593 1519/2594 1520/2595
f 1486/2596 1520/2597 1521/2598
f 1522/2599 1521/2598 1520/2597
f 1523/2600 1520/2595 1519/2594
f 1524/2601 1519/2592 1518/2591
f 1525/2602 1518/2589 1517/2588
f 1526/2603 1517/2586 1516/2585
f 1527/2604 1516/2583 1515/2582
f 1528/2605 1526/2606 1527/2607
f 1526/2606 1528/2605 1529/2608
f 1530/2609 1529/2608 1528/2605
f 1531/2610 1528/2611 1514/2612
f 1531/2613 1512/2614 1532/2615
f 1533/2616 1532/2615 1512/2614
f 1532/2615 1533/2616 1534/2617
f 1534/2618 1535/2619 1536/2620
f 1537/2621 1532/2622 1536/2623
f 1535/2619 1538/2624 1536/2620
f 1536/2623 1539/2625 1537/2621
f 1530/2626 1537/2627 1540/2628
f 1540/2628 1541/2629 1530/2626
f 1541/2630 1542/2631 1529/2632
f 1542/2631 1541/2630 1543/2633
f 1543/2633 1544/2634 1542/2631
f 1544/2634 1543/2633 1545/2635
f 1546/2636 1547/2637 1545/2638
f 1544/2634 1545/2635 1548/2639
f 1548/2640 1547/2641 1549/2642
f 1549/2642 1547/2641 1550/2643
f 1551/2644 1550/2643 1547/2641
f 1550/2643 1551/2644 1552/2645
f 1552/2645 1553/2646 1550/2643
f 1550/2643 1554/2647 1549/2642
f 1549/2648 1555/2649 1522/2650
f 1554/2651 1556/2652 1555/2653
f 1555/2654 1557/2655 1521/2656
f 1482/2657 1557/2658 1558/2659
f 1480/2660 1558/2661 1559/2662
f 1478/2663 1559/2664 1560/2665
f 1476/2666 1560/2667 1561/2668
f 1561/2669 1562/2670 1563/2671
f 1564/2672 1563/2671 1562/2670
f 1560/2673 1565/2674 1562/2675
f 1566/2676 1562/2675 1565/2674
f 1559/2677 1567/2678 1565/2679
f 1567/2678 1568/2680 1565/2679
f 1569/2681 1570/2682 1568/2683
f 1568/2683 1570/2682 1571/2684
f 1572/2685 1571/2684 1570/2682
f 1553/2686 1573/2687 1570/2688
f 1574/2689 1573/2690 1552/2691
f 1575/2692 1552/2645 1551/2644
f 1576/2693 1551/2694 1546/2695
f 1545/2638 1577/2696 1546/2636
f 1543/2697 1578/2698 1577/2699
f 1578/2698 1579/2700 1577/2699
f 1580/2701 1579/2702 1581/2703
f 1581/2704 1582/2705 1583/2706
f 1584/2707 1583/2706 1582/2705
f 1582/2705 1585/2708 1584/2707
f 1586/2709 1584/2707 1585/2708
f 1586/2709 1587/2710 1584/2707
f 1588/2711 1584/2707 1587/2710
f 1587/2710 1586/2709 1589/2712
f 1590/2713 1589/2712 1586/2709
f 1586/2714 1538/2715 1591/2716
f 1591/2717 1592/2718 1593/2719
f 1593/2720 1594/2721 1595/2722
f 1595/2723 1596/2724 1597/2725
f 1597/2726 1598/2727 1599/2728
f 1598/2727 1600/2729 1599/2728
f 1600/2729 1601/2730 1599/2728
f 1602/2731 1599/2728 1601/2730
f 1601/2730 1600/2729 1603/2732
f 1603/2733 1604/2734 1605/2735
f 1605/2736 1606/2737 1607/2738
f 1607/2739 1608/2740 1609/2741
f 1609/2742 1610/2743 1611/2744
f 1611/2745 1612/2746 1613/2747
f 1613/2748 1614/2749 1615/2750
f 1616/2751 1615/2750 1614/2749
f 1612/2752 1617/2753 1614/2754
f 1618/2755 1614/2754 1617/2753
f 1617/2753 1612/2752 1619/2756
f 1612/2752 1620/2757 1619/2756
f 1621/2758 1622/2759 1619/2760
f 1622/2761 1623/2762 1624/2763
f 1623/2762 1625/2764 1624/2763
f 1626/2765 1624/2763 1625/2764
f 1625/2766 1627/2767 1628/2768
f 1627/2767 1629/2769 1628/2768
f 1630/2770 1628/2768 1629/2769
f 1629/2769 1631/2771 1630/2770
f 1632/2772 1630/2770 1631/2771
f 1633/2773 1632/2772 1631/2771
f 1631/2771 1634/2774 1633/2773
f 1633/2775 1635/2776 1636/2777
f 1637/2778 1636/2777 1635/2776
f 1635/2776 1633/2775 1638/2779
f 1634/2780 1639/2781 1638/2782
f 1640/2783 1635/2776 1638/2779
f 1638/2779 1641/2784 1640/2783
f 1640/2785 1642/2786 1643/2787
f 1643/2788 1644/2789 1645/2790
f 1644/2789 1646/2791 1645/2790
f 1647/2792 1645/2790 1646/2791
f 1646/2791 1644/2789 1648/2793
f 1649/2794 1646/2791 1648/2793
f 1649/2794 1648/2793 1650/2795
f 1651/2796 1649/2794 1650/2795
f 1651/2796 1650/2795 1652/2797
f 1652/2797 1650/2795 1653/2798
f 1653/2798 1654/2799 1652/2797
f 1655/2800 1652/2797 1654/2799
f 1654/2799 1653/2798 1656/2801
f 1656/2801 1657/2802 1654/2799
f 1658/2803 1654/2799 1657/2802
f 1657/2802 1659/2804 1658/2803
f 1660/2805 1655/2806 1658/2807
f 1660/2805 1658/2807 1661/2808
f 1662/2809 1660/2805 1661/2808
f 1663/2810 1662/2809 1661/2808
f 1664/2811 1663/2810 1661/2808
f 1665/2812 1666/2813 1663/2814
f 1667/2815 1665/2812 1663/2814
f 1668/2816 1669/2817 1665/2818
f 1670/2819 1668/2816 1665/2818
f 1669/2817 1668/2816 1671/2820
f 1668/2816 1672/2821 1671/2820
f 1673/2822 1674/2823 1672/2824
f 1674/2823 1673/2822 1675/2825
f 1673/2822 1676/2826 1675/2825
f 1675/2825 1676/2826 1677/2827
f 1678/2828 1677/2829 1679/2830
f 1677/2829 1680/2831 1679/2830
f 1681/2832 1679/2833 1682/2834
f 1683/2835 1684/2836 1682/2837
f 1685/2838 1682/2839 1686/2840
f 1686/2840 1687/2841 1685/2838
f 1688/2842 1683/2843 1685/2844
f 1689/2845 1690/2846 1683/2847
f 1690/2848 1691/2849 1684/2850
f 1692/2851 1681/2852 1691/2853
f 1691/2849 1690/2848 1693/2854
f 1678/2855 1692/2856 1694/2857
f 1695/2858 1688/2859 1687/2860
f 1696/2861 1697/2862 1687/2863
f 1698/2864 1699/2865 1697/2866
f 1700/2867 1695/2868 1697/2869
f 1701/2870 1700/2871 1699/2872
f 1702/2873 1699/2874 1703/2875
f 1703/2875 1704/2876 1702/2873
f 1704/2876 1705/2877 1702/2873
f 1706/2878 1699/2874 1702/2873
f 1707/2879 1703/2875 1699/2874
f 1707/2879 1708/2880 1703/2875
f 1703/2875 1709/2881 1704/2876
f 1704/2876 1710/2882 1705/2877
f 1705/2877 1710/2882 1711/2883
f 1710/2882 1712/2884 1711/2883
f 1711/2883 1712/2884 1713/2885
f 1714/2886 1713/2887 1715/2888
f 1715/2888 1716/2889 1714/2886
f 1717/2890 1713/2887 1714/2886
f 1718/2891 1711/2883 1713/2885
f 1719/2892 1720/2893 1711/2894
f 1721/2895 1717/2896 1716/2897
f 1722/2898 1723/2899 1716/2900
f 1724/2901 1725/2902 1723/2903
f 1726/2904 1721/2905 1723/2906
f 1726/2907 1725/2908 1727/2909
f 1725/2908 1728/2910 1727/2909
f 1728/2910 1725/2908 1729/2911
f 1730/2912 1731/2913 1729/2914
f 1732/2915 1729/2914 1731/2913
f 1733/2916 1734/2917 1731/2918
f 1735/2919 1731/2918 1734/2917
f 1734/2917 1733/2916 1736/2920
f 1736/2920 1737/2921 1734/2917
f 1734/2917 1737/2921 1738/2922
f 1737/2921 1739/2923 1738/2922
f 1738/2922 1739/2923 1740/2924
f 1741/2925 1740/2926 1742/2927
f 1742/2927 1743/2928 1741/2925
f 1744/2929 1741/2925 1743/2928
f 1743/2928 1745/2930 1744/2929
f 1745/2930 1746/2931 1744/2929
f 1747/2932 1741/2925 1744/2929
f 1748/2933 1744/2929 1746/2931
f 1745/2930 1749/2934 1746/2931
f 1746/2931 1749/2934 1750/2935
f 1749/2934 1751/2936 1750/2935
f 1752/2937 1746/2931 1750/2935
f 1753/2938 1750/2935 1751/2936
f 1754/2939 1751/2940 1755/2941
f 1756/2942 1755/2941 1751/2940
f 1757/2943 1751/2940 1754/2939
f 1755/2941 1758/2944 1754/2939
f 1759/2945 1754/2939 1758/2944
f 1760/2946 1761/2947 1758/2948
f 1762/2949 1763/2950 1761/2951
f 1759/2952 1761/2953 1764/2954
f 1764/2955 1763/2956 1765/2957
f 1763/2956 1766/2958 1765/2957
f 1766/2958 1763/2956 1767/2959
f 1768/2960 1767/2961 1769/2962
f 1769/2962 1770/2963 1768/2960
f 1771/2964 1767/2961 1768/2960
f 1772/2965 1769/2962 1767/2961
f 1770/2963 1769/2962 1773/2966
f 1773/2966 1774/2967 1770/2963
f 1771/2968 1770/2969 1775/2970
f 1775/2971 1774/2972 1776/2973
f 1776/2974 1777/2975 1778/2976
f 1778/2977 1779/2978 1780/2979
f 1779/2978 1781/2980 1780/2979
f 1781/2980 1782/2981 1780/2979
f 1783/2982 1782/2983 1784/2984
f 1785/2985 1784/2986 1786/2987
f 1787/2988 1786/2989 1788/2990
f 1789/2991 1788/2992 1790/2993
f 1791/2994 1790/2995 1792/2996
f 1793/2997 1791/2994 1792/2996
f 1790/2995 1794/2998 1792/2996
f 1792/2996 1795/2999 1793/2997
f 1796/3000 1797/3001 1793/3002
f 1793/3002 1798/3003 1796/3000
f 1799/3004 1796/3005 1800/3006
f 1801/3007 1800/3008 1802/3009
f 1802/3009 1803/3010 1801/3007
f 1804/3011 1801/3007 1803/3010
f 1805/3012 1804/3011 1803/3010
f 1802/3009 1806/3013 1803/3010
f 1803/3010 1807/3014 1805/3012
f 1808/3015 1805/3016 1809/3017
f 1810/3018 1809/3019 1811/3020
f 1811/3020 1812/3021 1810/3018
f 1813/3022 1810/3018 1812/3021
f 1812/3021 1814/3023 1813/3022
f 1815/3024 1813/3022 1814/3023
f 1814/3023 1816/3025 1815/3024
f 1817/3026 1815/3024 1816/3025
f 1816/3025 1818/3027 1817/3026
f 1819/3028 1817/3026 1818/3027
f 1818/3027 1820/3029 1819/3028
f 1821/3030 1819/3028 1820/3029
f 1820/3029 1822/3031 1821/3030
f 1823/3032 1821/3030 1822/3031
f 1822/3031 1824/3033 1823/3032
f 1825/3034 1823/3032 1824/3033
f 1824/3033 1826/3035 1825/3034
f 1827/3036 1825/3034 1826/3035
f 1826/3035 1828/3037 1827/3036
f 1829/3038 1827/3036 1828/3037
f 1828/3037 1830/3039 1829/3038
f 1831/3040 1829/3038 1830/3039
f 1830/3039 1832/3041 1831/3040
f 1833/3042 1831/3040 1832/3041
f 1832/3041 1834/3043 1833/3042
f 1835/3044 1833/3042 1834/3043
f 1836/3045 1834/3046 1837/3047
f 1834/3046 1838/3048 1837/3047
f 1839/3049 1840/3050 1838/3051
f 1841/3052 1840/3053 1842/3054
f 1842/3054 1843/3055 1841/3052
f 1840/3053 1841/3052 1844/3056
f 1844/3057 1845/3058 1846/3059
f 1846/3060 1847/3061 1848/3062
f 1848/3063 1849/3064 1850/3065
f 1850/3066 1851/3067 1852/3068
f 1853/3069 1852/3068 1851/3067
f 1849/3070 1854/3071 1851/3072
f 1855/3073 1856/3074 1854/3075
f 1854/3075 1856/3074 1857/3076
f 1858/3077 1857/3076 1856/3074
f 1859/3078 1860/3079 1856/3080
f 1861/3081 1856/3080 1860/3079
f 1862/3082 1863/3083 1860/3084
f 1864/3085 1860/3084 1863/3083
f 1865/3086 1866/3087 1863/3088
f 1867/3089 1866/3090 1868/3091
f 1869/3092 1867/3089 1868/3091
f 1870/3093 1868/3094 1865/3095
f 1865/3096 1862/3097 1871/3098
f 1862/3097 1872/3099 1871/3098
f 1873/3100 1871/3098 1872/3099
f 1859/3101 1874/3102 1872/3103
f 1875/3104 1872/3103 1874/3102
f 1871/3098 1873/3100 1876/3105
f 1877/3106 1878/3107 1876/3108
f 1879/3109 1876/3105 1873/3100
f 1880/3110 1877/3111 1879/3112
f 1881/3113 1879/3114 1843/3115
f 1880/3116 1881/3117 1882/3118
f 1882/3118 1883/3119 1880/3116
f 1877/3111 1880/3110 1884/3120
f 1884/3120 1885/3121 1877/3111
f 1886/3122 1887/3123 1885/3124
f 1885/3125 1888/3126 1878/3127
f 1887/3128 1889/3129 1888/3130
f 1888/3131 1890/3132 1869/3133
f 1867/3134 1890/3135 1891/3136
f 1892/3137 1893/3138 1891/3139
f 1890/3135 1894/3140 1891/3136
f 1891/3139 1895/3141 1892/3137
f 1893/3138 1892/3137 1896/3142
f 1892/3137 1897/3143 1896/3142
f 1896/3142 1897/3143 1898/3144
f 1899/3145 1898/3144 1897/3143
f 1892/3137 1900/3146 1897/3143
f 1901/3147 1897/3143 1900/3146
f 1902/3148 1903/3149 1900/3150
f 1904/3151 1903/3152 1905/3153
f 1906/3154 1905/3155 1902/3156
f 1907/3157 1906/3154 1902/3156
f 1906/3154 1907/3157 1908/3158
f 1908/3159 1909/3160 1910/3161
f 1910/3162 1911/3163 1912/3164
f 1911/3163 1913/3165 1912/3164
f 1914/3166 1912/3167 1915/3168
f 1915/3169 1913/3170 1916/3171
f 1917/3172 1916/3171 1913/3170
f 1918/3173 1917/3174 1886/3175
f 1919/3176 1910/3177 1914/3178
f 1920/3179 1908/3180 1919/3181
f 1921/3182 1906/3183 1920/3184
f 1922/3185 1905/3186 1921/3187
f 1923/3188 1904/3189 1922/3190
f 1924/3191 1925/3192 1904/3193
f 1925/3192 1924/3191 1926/3194
f 1927/3195 1926/3196 1928/3197
f 1807/3198 1928/3199 1929/3200
f 1928/3199 1807/3198 1930/3201
f 1931/3202 1927/3203 1930/3204
f 1931/3202 1930/3204 1932/3205
f 1931/3202 1932/3205 1933/3206
f 1934/3207 1933/3208 1935/3209
f 1936/3210 1935/3211 1937/3212
f 1938/3213 1937/3214 1939/3215
f 1940/3216 1939/3217 1941/3218
f 1941/3219 1942/3220 1943/3221
f 1944/3222 1943/3221 1942/3220
f 1945/3223 1942/3224 1946/3225
f 1947/3226 1946/3227 1948/3228
f 1949/3229 1948/3230 1950/3231
f 1951/3232 1950/3233 1952/3234
f 1953/3235 1954/3236 1952/3237
f 1951/3238 1798/3239 1955/3240
f 1955/3241 1795/3242 1956/3243
f 1956/3243 1957/3244 1955/3241
f 1957/3244 1956/3243 1958/3245
f 1958/3245 1959/3246 1957/3244
f 1960/3247 1957/3244 1959/3246
f 1961/3248 1962/3249 1959/3250
f 1959/3250 1962/3249 1963/3251
f 1960/3252 1963/3253 1964/3254
f 1960/3252 1964/3254 1965/3255
f 1945/3256 1965/3257 1966/3258
f 1944/3259 1966/3260 1967/3261
f 1966/3260 1968/3262 1967/3261
f 1967/3261 1968/3262 1969/3263
f 1968/3262 1970/3264 1969/3263
f 1969/3263 1970/3264 1971/3265
f 1970/3264 1972/3266 1971/3265
f 1969/3263 1971/3265 1973/3267
f 1974/3268 1969/3263 1973/3267
f 1975/3269 1973/3267 1971/3265
f 1976/3270 1971/3265 1972/3266
f 1977/3271 1972/3272 1978/3273
f 1979/3274 1978/3275 1980/3276
f 1469/3277 1980/3278 1981/3279
f 1470/3280 1981/3281 1982/3282
f 1983/3283 1474/3284 1982/3285
f 1983/3283 1982/3285 1984/3286
f 1985/3287 1963/3288 1984/3289
f 1964/3290 1985/3291 1986/3292
f 1987/3293 1988/3294 1983/3295
f 1989/3296 1475/3297 1988/3298
f 1990/3299 1989/3296 1988/3298
f 1991/3300 1992/3301 1989/3302
f 1993/3303 1994/3304 1992/3305
f 1995/3306 1996/3307 1994/3308
f 1997/3309 1998/3310 1996/3311
f 1999/3312 2000/3313 1998/3314
f 2001/3315 2002/3316 2000/3317
f 2003/3318 2004/3319 2002/3320
f 2005/3321 2006/3322 2004/3323
f 2007/3324 2006/3325 2008/3326
f 2007/3324 2008/3326 2009/3327
f 2010/3328 2007/3324 2009/3327
f 2010/3328 2009/3327 2011/3329
f 2012/3330 2010/3328 2011/3329
f 2009/3327 2013/3331 2011/3329
f 2011/3329 2014/3332 2012/3330
f 2015/3333 1499/3334 2012/3335
f 2014/3336 2016/3337 2015/3338
f 2016/3339 2017/3340 1505/3341
f 2017/3340 2016/3339 2018/3342
f 2018/3342 2016/3339 2019/3343
f 2016/3339 2020/3344 2019/3343
f 2019/3343 2021/3345 2018/3342
f 2018/3342 2022/3346 2017/3340
f 2017/3347 2023/3348 1504/3349
f 2024/3350 2025/3351 2023/3352
f 2026/3353 2027/3354 2025/3355
f 2027/3354 2026/3353 2028/3356
f 2029/3357 2028/3356 2026/3353
f 2030/3358 2026/3359 2024/3360
f 2031/3361 2030/3358 2024/3360
f 2032/3362 2029/3363 2030/3364
f 2033/3365 2032/3362 2030/3364
f 2029/3363 2032/3362 2034/3366
f 2035/3367 2034/3368 2036/3369
f 2035/3367 2036/3369 2037/3370
f 2038/3371 2035/3367 2037/3370
f 2037/3370 2036/3369 2039/3372
f 2039/3372 2040/3373 2037/3370
f 2037/3370 2041/3374 2038/3371
f 2042/3375 2028/3376 2038/3377
f 2038/3377 2043/3378 2042/3375
f 2041/3379 2044/3380 2043/3381
f 2044/3380 2041/3379 2045/3382
f 2045/3383 2040/3384 2046/3385
f 2047/3386 2046/3385 2040/3384
f 2046/3385 2047/3386 2048/3387
f 2048/3388 2049/3389 2050/3390
f 2045/3391 2050/3392 2051/3393
f 2044/3394 2051/3395 2052/3396
f 2053/3397 2049/3389 2048/3388
f 2054/3398 2048/3387 2047/3386
f 2055/3399 2047/3400 2039/3401
f 2036/3369 2056/3402 2039/3372
f 2056/3403 2057/3404 2058/3405
f 2058/3406 2059/3407 2060/3408
f 2061/3409 2060/3408 2059/3407
f 2059/3407 2062/3410 2061/3409
f 2063/3411 2060/3408 2061/3409
f 2064/3412 2061/3409 2062/3410
f 2062/3410 2059/3407 2065/3413
f 2065/3413 2066/3414 2062/3410
f 2067/3415 2062/3410 2066/3414
f 2066/3414 2068/3416 2067/3415
f 2069/3417 2064/3418 2067/3419
f 2067/3419 2070/3420 2069/3417
f 2071/3421 2069/3417 2070/3420
f 2070/3420 2072/3422 2071/3421
f 2073/3423 2069/3417 2071/3421
f 2074/3424 2071/3421 2072/3422
f 2072/3422 2070/3420 2075/3425
f 2075/3425 2076/3426 2072/3422
f 2077/3427 2072/3422 2076/3426
f 2076/3426 2078/3428 2077/3427
f 2079/3429 2074/3430 2077/3431
f 2079/3429 2077/3431 2080/3432
f 2080/3432 2081/3433 2079/3429
f 2082/3434 2079/3429 2081/3433
f 2081/3433 2083/3435 2082/3434
f 2084/3436 2085/3437 2082/3438
f 2086/3439 2082/3438 2085/3437
f 2085/3437 2084/3436 2087/3440
f 2084/3436 2088/3441 2087/3440
f 2088/3442 2089/3443 1639/3444
f 1639/3445 2090/3446 1641/3447
f 1641/3448 2091/3449 1642/3450
f 1642/3451 2092/3452 1644/3453
f 1644/2789 2093/3454 1648/2793
f 1653/3455 2093/3456 2094/3457
f 2094/3458 2092/3459 2095/3460
f 2095/3461 2091/3462 2096/3463
f 2096/3464 2090/3465 2097/3466
f 2098/3467 2097/3468 2089/3469
f 2089/3443 2088/3442 2099/3470
f 2098/3471 2099/3472 2100/3473
f 2101/3474 2100/3475 2083/3476
f 2102/3477 2098/3471 2100/3473
f 2100/3475 2101/3474 2103/3478
f 2102/3479 2103/3480 2104/3481
f 2105/3482 2106/3483 2104/3484
f 2104/3484 2107/3485 2105/3482
f 2105/3482 2108/3486 2106/3483
f 2108/3486 2109/3487 2106/3483
f 2106/3488 2110/3489 2102/3490
f 2109/3491 2111/3492 2110/3493
f 2112/3494 2113/3495 2111/3496
f 2114/3497 2115/3498 2113/3499
f 2116/3500 2117/3501 2115/3502
f 2118/3503 2117/3504 2119/3505
f 2119/3506 2120/3507 2121/3508
f 2121/3508 2120/3507 2122/3509
f 2122/3510 2116/3511 2123/3512
f 2116/3511 2124/3513 2123/3512
f 2125/3514 2123/3515 2126/3516
f 2127/3517 2126/3518 2128/3519
f 2128/3520 2129/3521 2130/3522
f 2130/3523 2131/3524 2132/3525
f 2133/3526 1709/3527 2132/3528
f 2132/3528 2134/3529 2133/3526
f 2134/3529 2135/3530 2133/3526
f 2133/3531 2136/3532 2137/3533
f 2135/3534 2138/3535 2136/3536
f 2138/3535 2135/3534 2139/3537
f 2139/3538 2140/3539 2141/3540
f 2142/3541 2139/3538 2141/3540
f 2142/3541 2141/3540 2143/3542
f 2144/3543 2142/3541 2143/3542
f 2144/3543 2143/3542 2145/3544
f 2146/3545 2145/3546 2147/3547
f 2147/3548 2148/3549 2149/3550
f 2149/3550 2148/3549 2150/3551
f 2151/3552 2152/3553 2150/3554
f 2150/3554 2153/3555 2151/3552
f 2101/3556 2154/3557 2151/3558
f 2155/3559 2154/3560 2080/3561
f 2149/3550 2150/3551 2156/3562
f 2150/3551 2157/3563 2156/3562
f 2158/3564 2156/3565 2159/3566
f 2160/3567 2158/3564 2159/3566
f 2161/3568 2158/3564 2160/3567
f 2162/3569 2161/3568 2160/3567
f 2163/3570 2161/3568 2162/3569
f 2164/3571 2162/3572 2066/3573
f 2165/3574 2166/3575 2164/3576
f 2167/3577 2166/3575 2165/3574
f 2168/3578 2165/3579 2169/3580
f 2170/3581 2169/3582 2171/3583
f 2171/3584 2172/3585 2173/3586
f 2172/3585 2174/3587 2173/3586
f 2175/3588 2173/3589 2032/3590
f 2176/3591 2175/3592 2033/3593
f 2177/3594 2033/3595 2031/3596
f 2178/3597 2031/3598 2022/3599
f 2177/3600 2178/3601 2179/3602
f 2179/3602 2180/3603 2177/3600
f 2180/3604 2181/3605 2176/3606
f 2175/3592 2176/3591 2182/3607
f 2181/3608 2183/3609 2182/3610
f 2184/3611 2183/3609 2181/3608
f 2185/3612 2181/3605 2180/3604
f 2186/3613 2180/3603 2179/3602
f 2179/3602 2187/3614 2186/3613
f 2188/3615 2185/3616 2186/3617
f 2186/3617 2189/3618 2188/3615
f 2185/3616 2188/3615 2190/3619
f 2190/3619 2191/3620 2185/3616
f 2191/3621 2192/3622 2184/3623
f 2192/3622 2191/3621 2193/3624
f 2193/3625 2194/3626 2195/3627
f 2196/3628 2193/3625 2195/3627
f 2195/3627 2197/3629 2196/3628
f 2196/3630 2198/3631 2199/3632
f 2199/3632 2198/3631 2200/3633
f 2198/3631 2201/3634 2200/3633
f 2200/3635 2202/3636 2203/3637
f 2204/3638 2203/3639 2168/3640
f 2205/3641 2167/3642 2202/3643
f 2205/3644 2201/3645 2206/3646
f 2207/3647 2206/3646 2201/3645
f 2206/3646 2207/3647 2208/3648
f 2208/3648 2207/3647 2209/3649
f 2209/3649 2210/3650 2208/3648
f 2208/3651 2211/3652 2212/3653
f 2211/3652 2213/3654 2212/3653
f 2213/3654 2214/3655 2212/3653
f 2215/3656 2163/3657 2214/3658
f 2215/3659 2216/3660 2161/3661
f 2215/3659 2217/3662 2216/3660
f 2218/3663 2219/3664 2217/3665
f 2220/3666 2219/3664 2218/3663
f 2221/3667 2220/3666 2218/3663
f 2219/3664 2220/3666 2222/3668
f 2222/3669 2223/3670 2146/3671
f 2223/3672 2224/3673 2144/3674
f 2224/3675 2225/3676 2142/3677
f 2226/3678 1724/3679 2224/3680
f 2209/3681 2198/3682 2227/3683
f 2224/3673 2142/3677 2144/3674
f 2226/3678 2224/3680 2223/3672
f 1724/3679 2225/3676 2224/3680
f 2223/3670 2144/3674 2146/3671
f 2225/3676 2139/3538 2142/3677
f 2145/3544 2146/3545 2144/3543
f 2139/3538 2225/3676 2138/3535
f 2222/3669 2146/3671 2219/3664
f 2147/3547 2219/3664 2146/3545
f 2219/3664 2147/3547 2217/3665
f 1722/3684 2138/3535 2225/3676
f 1724/3679 1722/3684 2225/3676
f 2149/3550 2217/3665 2147/3548
f 1723/2903 1722/2898 1724/2901
f 2148/3549 2147/3548 2145/3546
f 1725/2902 1724/2901 2226/3678
f 1723/2906 1725/2902 1726/2904
f 1716/2897 1723/2899 1721/2895
f 1714/2886 1716/2889 1717/2890
f 1716/2900 1715/2888 1722/2898
f 2138/3535 1722/3684 1715/2888
f 1713/2885 1717/2890 1718/2891
f 1711/2883 1718/2891 1719/2892
f 1712/2884 1715/2888 1713/2885
f 1715/2888 2136/3536 2138/3535
f 2136/3536 1715/2888 1712/2884
f 1705/2877 1711/2883 1720/2893
f 1720/2893 1706/3685 1705/2877
f 1702/2873 1705/2877 1706/2878
f 1699/2874 1706/2878 1701/2870
f 1697/2866 1699/2865 1700/2867
f 1687/2863 1697/2862 1695/2858
f 1685/2844 1687/2841 1688/2842
f 1683/2843 1688/2842 1689/2845
f 1682/2839 1685/2838 1683/2835
f 1684/2850 1683/2835 1690/2848
f 1681/2832 1682/2834 1684/2836
f 1684/2850 1691/2849 1681/2832
f 1692/2851 1678/2855 1681/2852
f 1679/2833 1681/2832 1678/2828
f 1680/2831 1682/2834 1679/2830
f 2228/3686 2229/3687 1680/3688
f 2229/3687 2228/3686 2230/3689
f 2231/3690 2230/3689 2228/3686
f 2230/3689 2231/3690 2232/3691
f 2232/3692 2233/3693 2121/3694
f 2119/3695 2233/3696 2234/3697
f 2235/3698 2118/3699 2234/3700
f 2230/3689 2236/3701 2229/3687
f 2236/3702 2128/3703 2237/3704
f 2234/3700 2118/3699 2119/3695
f 2233/3693 2119/3695 2121/3694
f 2122/3509 2232/3692 2121/3508
f 2233/3693 2232/3692 2231/3690
f 2119/3506 2117/3504 2120/3507
f 2120/3507 2116/3511 2122/3509
f 2117/3504 2116/3500 2120/3507
f 2232/3692 2122/3509 2125/3705
f 2123/3512 2125/3514 2122/3510
f 2232/3692 2125/3705 2127/3706
f 2127/3706 2230/3689 2232/3692
f 2236/3701 2230/3689 2127/3706
f 2126/3516 2127/3517 2125/3514
f 2128/3703 2236/3702 2127/3517
f 2124/3513 2126/3516 2123/3512
f 2114/3707 2238/3708 2124/3709
f 2134/3710 2238/3711 2239/3712
f 2124/3709 2116/3511 2114/3707
f 2115/3502 2114/3497 2116/3500
f 2126/3516 2124/3513 2129/3713
f 2129/3713 2128/3520 2126/3516
f 2238/3708 2129/3713 2124/3709
f 2130/3522 2237/3704 2128/3520
f 2131/3524 2130/3523 2129/3521
f 2129/3713 2238/3708 2131/3524
f 2238/3708 2134/3710 2131/3524
f 2134/3529 2132/3528 2131/3524
f 2132/3525 1708/3714 2130/3523
f 2237/3704 2130/3522 1708/3714
f 1708/3714 2132/3525 1709/3527
f 1709/2881 1703/2875 1708/3714
f 1708/2880 1707/2879 2237/3704
f 1698/3715 2237/3704 1707/2879
f 1699/2865 1698/2864 1707/2879
f 2237/3704 1698/3715 2236/3702
f 1698/3715 2229/3687 2236/3702
f 2229/3687 1698/3715 1696/3716
f 1697/2866 1696/2861 1698/2864
f 1696/3716 1680/3688 2229/3687
f 1687/2841 1686/2840 1696/2861
f 1680/3688 1696/3716 1686/2840
f 1682/2839 1680/2831 1686/2840
f 1680/3688 1677/2829 2228/3686
f 1676/2826 2228/3686 1677/2827
f 2228/3686 1676/2826 2231/3690
f 1677/2827 1678/2828 1675/2825
f 1694/2857 1675/2825 1678/2855
f 1675/2825 1694/2857 1674/2823
f 1670/3717 2231/3690 1676/2826
f 1673/2822 1670/3717 1676/2826
f 2231/3690 1670/3717 2233/3693
f 1672/2824 1668/2816 1673/2822
f 1668/2816 1670/2819 1673/2822
f 1667/3718 2233/3693 1670/3717
f 1665/2812 1667/2815 1670/2819
f 1666/2813 1665/2812 1669/2817
f 2233/3693 1667/3718 2234/3697
f 1662/2809 1663/2810 1666/2813
f 1660/2805 1662/2809 2240/3719
f 2240/3719 2241/3720 1660/2805
f 2242/3721 2243/3722 2241/3723
f 2243/3722 2244/3724 2241/3723
f 2244/3725 2245/3726 2246/3727
f 2246/3728 2247/3729 2248/3730
f 2248/3731 2249/3732 2250/3733
f 2250/3733 2251/3734 2248/3731
f 2252/3735 2246/3728 2248/3730
f 2253/3736 2244/3725 2246/3727
f 2254/3737 2253/3738 2252/3739
f 2254/3737 2252/3739 2255/3740
f 2256/3741 2254/3737 2255/3740
f 2257/3742 2255/3743 2251/3744
f 2251/3745 2258/3746 2259/3747
f 2260/3748 2259/3749 2261/3750
f 2261/3751 2258/3752 2262/3753
f 2258/3752 2263/3754 2262/3753
f 2264/3755 2262/3753 2263/3754
f 2263/3754 2258/3752 2265/3756
f 2266/3757 2265/3758 2267/3759
f 2267/3760 2249/3761 2268/3762
f 2268/3763 2247/3764 2269/3765
f 2269/3766 2245/3767 2270/3768
f 2270/3769 2243/3770 2271/3771
f 2264/3772 2266/3773 2272/3774
f 2262/3753 2264/3755 2273/3775
f 2274/3776 2262/3753 2273/3775
f 2260/3777 2274/3778 2275/3779
f 2275/3779 2276/3780 2260/3777
f 2277/3781 2278/3782 2276/3783
f 2276/3780 2275/3779 2279/3784
f 2277/3785 2279/3786 2280/3787
f 2281/3788 2277/3785 2280/3787
f 2277/3789 2282/3790 2283/3791
f 2284/3792 2278/3793 2283/3794
f 2283/3794 2285/3795 2284/3792
f 2286/3796 2256/3797 2284/3798
f 2284/3798 2287/3799 2286/3796
f 2288/3800 2289/3801 2286/3802
f 2286/3802 2290/3803 2288/3800
f 2287/3804 2291/3805 2290/3806
f 2291/3805 2287/3804 2292/3807
f 2292/3808 2285/3809 2293/3810
f 2293/3811 2294/3812 1637/3813
f 1636/2777 1637/2778 2295/3814
f 2295/3814 2296/3815 1636/2777
f 2297/3816 1632/3817 2296/3818
f 2296/3815 2295/3814 2298/3819
f 2298/3820 2299/3821 2300/3822
f 2300/3823 2301/3824 2302/3825
f 2303/3826 2302/3825 2301/3824
f 2304/3827 2305/3828 2301/3829
f 2305/3830 2306/3831 2303/3832
f 2302/3825 2303/3826 2307/3833
f 1626/3834 2308/3835 2307/3836
f 2303/3837 2309/3838 1616/3839
f 2299/3840 2310/3841 2304/3842
f 2311/3843 2310/3844 2312/3845
f 2310/3844 2311/3843 2313/3846
f 2311/3843 2314/3847 2313/3846
f 2315/3848 2316/3849 2314/3850
f 2317/3851 2281/3852 2316/3853
f 2277/3785 2281/3788 2318/3854
f 2318/3855 2319/3856 2282/3857
f 2317/3858 2320/3859 2319/3860
f 2315/3861 2321/3862 2320/3863
f 2281/3852 2317/3851 2318/3854
f 2316/3849 2315/3848 2317/3851
f 2319/3860 2318/3855 2317/3858
f 2320/3863 2317/3858 2315/3861
f 2282/3790 2277/3789 2318/3855
f 2311/3843 2315/3848 2314/3847
f 2321/3862 2315/3861 2311/3843
f 2310/3841 2299/3840 2312/3845
f 2301/3829 2299/3840 2304/3827
f 2298/3864 2311/3843 2312/3845
f 2299/3821 2298/3820 2312/3845
f 2311/3843 2298/3864 2321/3862
f 2301/3824 2300/3823 2299/3840
f 2305/3828 2303/3832 2301/3829
f 2309/3838 2303/3837 2306/3831
f 1615/2750 1616/2751 2309/3838
f 1618/3865 2303/3837 1616/3839
f 1614/2754 1618/2755 1616/2751
f 2303/3826 1618/3865 2307/3833
f 1614/2754 1613/2748 1612/2752
f 2307/3836 1618/3865 1626/3834
f 1612/2746 1611/2745 1610/2743
f 2322/3866 1610/3867 1608/3868
f 1608/3868 2323/3869 2322/3866
f 2324/3870 2325/3871 2322/3872
f 2326/3873 2322/3866 2323/3869
f 1606/3874 2327/3875 2323/3876
f 2328/3877 2323/3876 2327/3875
f 1604/3878 2329/3879 2327/3880
f 2330/3881 2324/3882 2326/3883
f 2331/3884 2332/3885 2324/3886
f 2331/3884 2333/3887 2332/3885
f 2333/3887 2334/3888 2332/3885
f 2332/3885 2334/3888 2335/3889
f 2334/3888 2336/3890 2335/3889
f 2337/3891 2335/3889 2336/3890
f 2338/3892 2337/3891 2336/3890
f 2339/3893 2338/3892 2336/3890
f 2340/3894 2336/3890 2334/3888
f 2338/3895 2341/3896 2342/3897
f 2333/3887 2331/3884 2343/3898
f 2343/3899 2330/3900 2344/3901
f 2344/3901 2345/3902 2343/3899
f 2346/3903 2060/3904 2345/3905
f 2330/3900 2343/3899 2331/3884
f 2324/3886 2330/3881 2331/3884
f 2345/3905 2344/3901 2346/3903
f 2336/3890 2340/3894 2339/3893
f 2063/3906 2343/3899 2345/3902
f 2060/3408 2063/3411 2345/3905
f 2343/3898 2063/3906 2333/3887
f 2063/3906 2334/3888 2333/3887
f 2334/3888 2063/3906 2340/3894
f 2061/3409 2340/3894 2063/3411
f 2340/3894 2061/3409 2064/3412
f 2064/3412 2339/3893 2340/3894
f 2062/3410 2067/3415 2064/3412
f 2339/3893 2064/3412 2069/3417
f 2069/3417 2073/3423 2339/3893
f 2338/3892 2339/3893 2073/3423
f 2070/3420 2067/3419 2068/3416
f 2068/3416 2075/3425 2070/3420
f 2341/3896 2338/3895 2073/3423
f 2071/3421 2341/3896 2073/3423
f 2341/3896 2071/3421 2074/3424
f 2072/3422 2077/3427 2074/3424
f 2079/3429 2341/3896 2074/3430
f 2341/3896 2079/3429 2086/3907
f 2082/3434 2086/3439 2079/3429
f 2086/3907 2342/3897 2341/3896
f 2084/3436 2082/3438 2083/3435
f 2342/3897 2086/3907 1627/3908
f 2086/3907 2085/3437 1627/3908
f 1629/2769 1627/2767 2085/3437
f 1627/3908 1625/2766 2342/3897
f 2085/3437 2087/3440 1629/2769
f 1631/2771 1629/2769 2087/3440
f 1634/2774 1631/2771 2087/3440
f 1634/2774 2087/3440 2088/3441
f 1639/3444 1634/2780 2088/3442
f 2088/3441 2084/3436 2099/3470
f 2083/3435 2099/3470 2084/3436
f 1634/2774 1638/2782 1633/2773
f 1641/3447 1638/2779 1639/3445
f 2099/3472 2083/3435 2100/3473
f 1632/2772 1633/2773 1636/2777
f 1632/3817 1636/2777 2296/3818
f 2083/3435 2081/3433 2101/3474
f 2154/3557 2101/3556 2081/3433
f 2081/3433 2080/3432 2154/3557
f 2151/3558 2103/3478 2101/3556
f 2103/3480 2102/3479 2100/3475
f 2152/3553 2151/3552 2154/3557
f 2103/3478 2151/3558 2153/3555
f 2154/3560 2155/3559 2152/3553
f 2153/3555 2104/3481 2103/3478
f 2104/3481 2106/3483 2102/3479
f 2107/3485 2104/3484 2153/3555
f 2098/3471 2102/3477 2110/3489
f 2110/3493 2106/3488 2109/3491
f 2099/3472 2098/3471 2089/3443
f 2110/3489 2097/3468 2098/3471
f 2110/3489 2111/3492 2097/3468
f 2090/3465 2089/3469 2097/3466
f 2090/3446 1639/3445 2089/3469
f 2111/3492 2096/3464 2097/3468
f 2090/3465 2096/3464 2091/3462
f 2091/3462 1641/3448 2090/3465
f 2096/3464 2111/3492 2113/3495
f 2113/3495 2095/3461 2096/3464
f 2111/3492 2109/3491 2112/3494
f 2095/3461 2113/3495 2115/3498
f 2113/3495 2112/3494 2114/3497
f 2238/3708 2114/3707 2112/3494
f 2112/3494 2239/3712 2238/3708
f 2239/3712 2112/3494 2109/3491
f 2109/3491 2108/3486 2239/3712
f 2115/3498 2094/3458 2095/3461
f 2094/3458 2115/3498 2117/3501
f 2091/3462 2095/3461 2092/3459
f 2118/3503 2094/3458 2117/3504
f 2092/3459 1642/3451 2091/3462
f 1642/2786 1640/2785 1641/3448
f 2092/3459 2094/3458 2093/3456
f 2093/3456 1644/2789 2092/3459
f 1644/3453 1643/2788 1642/3451
f 1650/2795 1648/2793 2093/3454
f 2093/3454 1653/3455 1650/2795
f 2094/3457 1656/2801 1653/3455
f 1656/2801 2094/3457 2118/3503
f 2118/3699 2235/3698 1656/2801
f 1657/2802 1656/2801 2235/3698
f 2234/3697 1667/3718 2235/3698
f 2235/3698 1664/3909 1657/2802
f 1664/3909 2235/3698 1667/3718
f 1663/2814 1664/2811 1667/2815
f 1659/2804 1657/2802 1664/3909
f 1661/2808 1659/2804 1664/2811
f 1661/2808 1658/2807 1659/2804
f 1654/2799 1658/2803 1655/2800
f 2241/3720 1655/2806 1660/2805
f 2241/3720 2240/3719 2242/3721
f 2243/3770 2242/3721 2271/3771
f 2241/3723 2244/3724 1655/2806
f 2243/3770 2270/3769 2245/3767
f 2245/3726 2244/3725 2243/3770
f 1651/3910 1655/2806 2244/3724
f 2347/3911 1651/3912 2253/3913
f 1655/2806 1651/3910 1652/2797
f 2244/3725 2253/3736 1651/3910
f 1651/2796 2347/3911 1649/2794
f 2347/3911 1646/2791 1649/2794
f 1646/2791 2347/3911 1647/2792
f 2253/3913 2254/3737 2347/3911
f 2246/3727 2252/3735 2253/3736
f 2247/3729 2246/3728 2245/3726
f 2245/3767 2269/3766 2247/3729
f 2289/3914 2347/3911 2254/3737
f 2347/3911 2289/3914 1647/2792
f 2254/3737 2256/3741 2289/3914
f 2289/3914 2288/3800 1647/2792
f 2256/3797 2286/3796 2289/3914
f 1645/2790 1647/2792 2288/3800
f 2288/3800 1643/2788 1645/2790
f 1643/2788 2288/3800 2290/3803
f 2290/3806 2286/3802 2287/3804
f 2290/3803 1640/2785 1643/2788
f 1640/2785 2290/3803 2291/3805
f 1635/2776 1640/2783 2291/3805
f 2292/3807 1635/2776 2291/3805
f 2292/3807 1637/2778 1635/2776
f 2285/3809 2292/3808 2287/3804
f 2287/3799 2284/3798 2285/3809
f 2293/3811 1637/3813 2292/3808
f 2278/3793 2284/3792 2256/3797
f 2278/3793 2256/3797 2255/3740
f 2282/3915 2293/3810 2285/3809
f 2285/3795 2283/3794 2282/3915
f 2293/3810 2282/3915 2319/3856
f 2278/3793 2277/3781 2283/3794
f 2320/3859 2293/3810 2319/3860
f 2279/3784 2277/3785 2276/3780
f 2293/3811 2320/3859 2294/3812
f 2320/3863 2321/3862 2294/3812
f 2294/3812 2295/3814 1637/3813
f 2295/3814 2294/3812 2321/3862
f 2321/3862 2298/3864 2295/3814
f 2298/3819 2300/3822 2296/3815
f 2297/3816 2296/3818 2300/3822
f 2300/3823 2302/3825 2297/3816
f 1632/3817 2297/3816 1630/2770
f 2308/3916 2297/3816 2302/3825
f 2297/3816 2308/3916 1630/2770
f 2302/3825 2307/3833 2308/3916
f 1628/2768 1630/2770 2308/3916
f 2308/3916 1626/3834 1628/2768
f 1625/2764 1628/2768 1626/2765
f 1624/2763 1626/2765 1618/3865
f 1618/2755 1617/2753 1624/2763
f 1622/2761 1624/2763 1617/2753
f 1617/2753 1619/2756 1622/2761
f 1623/2762 2342/3897 1625/2764
f 2342/3897 1623/2762 2338/3895
f 2337/3891 2338/3892 1623/2762
f 1623/2762 1622/2761 2337/3891
f 1621/2758 2337/3891 1622/2759
f 2337/3891 1621/2758 2335/3889
f 1619/2756 1620/2757 1621/2758
f 2325/3917 2335/3889 1621/2758
f 2325/3917 1621/2758 1620/2757
f 2335/3889 2325/3917 2332/3885
f 2324/3886 2332/3885 2325/3871
f 2322/3872 2325/3871 1620/2757
f 2322/3866 2326/3873 2324/3870
f 1610/3867 2322/3866 1620/2757
f 1620/2757 1612/2752 1610/3867
f 1610/3867 1609/2742 1608/3868
f 1608/2740 1607/2739 1606/2737
f 2323/3869 1608/3868 1606/3874
f 2323/3876 2328/3877 2326/3873
f 1606/2737 1605/2736 1604/2734
f 2327/3875 1606/3874 1604/3878
f 2328/3877 2327/3875 2329/3879
f 1604/2734 1603/2733 1600/2729
f 2329/3879 1604/3878 1600/2729
f 1600/2729 1598/2727 2329/3879
f 2328/3877 2329/3879 2049/3918
f 2329/3879 1598/2727 2049/3918
f 2049/3389 2053/3397 2328/3877
f 2053/3397 2326/3873 2328/3877
f 2049/3918 1598/2727 2050/3390
f 2326/3883 2053/3397 2330/3881
f 1598/2727 2051/3393 2050/3390
f 2330/3881 2053/3397 2054/3919
f 2054/3919 2344/3901 2330/3881
f 2048/3387 2054/3398 2053/3397
f 2048/3388 2050/3390 2046/3385
f 2050/3390 2045/3391 2046/3385
f 2054/3919 2346/3903 2344/3901
f 2051/3393 2044/3394 2045/3391
f 2346/3903 2054/3919 2055/3920
f 2047/3386 2055/3399 2054/3398
f 2058/3406 2060/3408 2346/3903
f 2055/3920 2058/3406 2346/3903
f 2040/3384 2039/3372 2047/3386
f 2040/3384 2045/3383 2041/3379
f 2041/3374 2037/3370 2040/3384
f 2039/3401 2056/3402 2055/3399
f 2056/3403 2058/3405 2055/3399
f 2043/3378 2038/3377 2041/3379
f 2059/3407 2058/3406 2057/3404
f 2057/3404 2065/3413 2059/3407
f 2035/3367 2038/3371 2028/3376
f 2028/3356 2029/3357 2035/3367
f 2034/3368 2035/3367 2029/3363
f 2026/3359 2030/3358 2029/3357
f 2030/3364 2031/3361 2033/3365
f 2025/3355 2024/3350 2026/3353
f 2024/3360 2022/3599 2031/3361
f 2022/3599 2024/3360 2023/3352
f 2023/3352 2017/3347 2022/3599
f 1506/3921 2023/3352 2025/3351
f 2023/3348 1506/3921 1504/3349
f 1504/2563 1505/2564 2017/3347
f 2025/3351 1510/2573 1506/3921
f 1510/2573 2025/3351 2027/3354
f 2028/3356 2042/3375 2027/3354
f 2027/3354 1511/2576 1510/2573
f 1511/2576 2027/3354 2042/3375
f 1510/2573 1509/2574 1507/2566
f 2042/3375 1533/3922 1511/2576
f 1533/3922 2042/3375 2043/3378
f 1512/2577 1511/2576 1533/2616
f 2043/3378 1534/2617 1533/3922
f 1514/2579 1509/2570 1512/2577
f 1534/2617 2043/3378 2044/3380
f 1512/2577 1531/2613 1514/2579
f 2044/3380 1535/2619 1534/2617
f 1534/2617 1536/2620 1532/2615
f 1535/2619 2044/3380 2052/3396
f 1532/2615 1537/2621 1531/2613
f 1537/2621 1530/2626 1531/2613
f 1528/2605 1531/2610 1530/2609
f 1527/2607 1514/2612 1528/2605
f 1514/2579 1527/2607 1513/2578
f 1515/2582 1513/2578 1527/2604
f 1516/2585 1527/2604 1526/2603
f 1529/2632 1530/2609 1541/2630
f 1529/2608 1525/3923 1526/2606
f 1517/2586 1526/2603 1525/2602
f 1525/3923 1529/2608 1542/2631
f 1542/2631 1524/3924 1525/3923
f 1518/2591 1525/2602 1524/2601
f 1524/3924 1542/2631 1544/2634
f 1544/2634 1523/3925 1524/3924
f 1519/2594 1524/2601 1523/2600
f 1523/3925 1544/2634 1548/2639
f 1548/2639 1522/3926 1523/3925
f 1520/2597 1523/2600 1522/2599
f 1522/2650 1548/2639 1549/2648
f 1548/2639 1545/2635 1547/2641
f 1547/2637 1546/2636 1551/2644
f 1577/2699 1545/2638 1543/2697
f 1577/2696 1576/2693 1546/2636
f 1551/2694 1576/2693 1575/2692
f 1574/3927 1575/3928 2348/3929
f 2348/3929 2349/3930 1574/3927
f 1574/3931 2350/3932 2351/3933
f 2351/3934 2352/3935 2353/3936
f 2354/3937 2353/3936 2352/3935
f 2352/3935 2355/3938 2354/3937
f 2356/3939 2354/3937 2355/3938
f 2357/3940 2355/3938 2352/3935
f 2358/3941 2352/3942 2350/3943
f 2359/3944 2350/3945 2349/3946
f 2360/3947 2359/3944 2349/3946
f 2361/3948 2360/3949 2348/3950
f 1580/3951 2362/3952 2361/3953
f 2355/3938 2357/3940 2363/3954
f 2356/3955 2363/3956 2364/3957
f 2364/3957 2365/3958 2356/3955
f 2365/3958 2366/3959 2356/3955
f 2366/3959 2365/3958 2367/3960
f 2367/3961 2368/3962 2369/3963
f 2370/3964 2367/3961 2369/3963
f 2371/3965 2366/3959 2367/3960
f 2372/3966 2354/3967 2366/3968
f 2373/3969 2353/3936 2354/3937
f 2373/3970 2374/3971 1571/3972
f 2372/3973 2375/3974 2374/3975
f 2371/3976 2376/3977 2375/3978
f 2375/3979 2377/3980 1564/3981
f 2368/3982 2378/3983 1333/3984
f 2378/3985 2379/3986 1334/3987
f 2380/3988 2379/3986 2378/3985
f 2381/3989 2378/3983 2368/3982
f 2382/3990 2368/3991 2365/3992
f 2379/3986 2380/3988 2383/3993
f 1335/3994 2383/3995 2384/3996
f 1337/3997 2384/3998 2385/3999
f 1340/4000 2385/4001 2386/4002
f 1342/4003 2386/4004 2387/4005
f 1343/4006 2387/4007 2388/4008
f 1345/4009 2388/4010 2389/4011
f 1348/4012 2389/4013 2390/4014
f 1350/4015 2390/4016 2391/4017
f 1352/4018 2391/4019 2392/4020
f 2392/4021 2393/4022 1354/4023
f 1355/4024 2393/4025 2394/4026
f 1358/4027 2394/4028 2395/4029
f 2395/4030 2396/4031 1360/4032
f 2396/4033 2397/4034 1362/4035
f 1362/2338 2398/4036 1364/2340
f 1364/2340 2399/4037 1366/2342
f 2399/4038 2400/4039 1368/4040
f 2400/4041 2401/4042 1370/4043
f 1370/4044 2402/4045 1371/4046
f 2402/4045 1370/4044 2401/4042
f 1370/4043 1368/2344 2400/4041
f 1368/4040 1366/2342 2399/4038
f 2399/4037 1364/2340 2398/4036
f 2398/4036 1362/2338 2397/4034
f 1362/2338 1360/2336 2396/4033
f 1360/2336 1358/2334 2395/4030
f 2394/4028 1358/4027 1355/4024
f 2393/4022 1355/4024 1354/4023
f 1354/2329 1352/2327 2392/4021
f 1352/2327 1350/2325 2391/4019
f 2390/4014 1350/4015 1348/4012
f 2389/4011 1348/4012 1345/4009
f 1371/2348 1369/2347 1370/4044
f 2388/4008 1345/4009 1343/4006
f 1345/4009 1344/2319 1343/4006
f 2387/4007 1343/4006 1342/4003
f 1343/4006 1341/2316 1342/4003
f 2386/4004 1342/4003 1340/4000
f 2385/3999 1340/4000 1337/3997
f 2384/3998 1337/3997 1335/3994
f 1337/3997 1336/2309 1335/3994
f 2383/3995 1335/3994 2379/3986
f 1335/3994 1334/2306 2379/3986
f 1328/4047 1334/2306 1336/2308
f 1334/2306 1328/4047 1330/2303
f 1336/2308 1326/2295 1328/4047
f 1326/2295 1336/2308 1338/2311
f 1334/2305 1333/2304 2378/3985
f 2378/3985 2381/3989 2380/3988
f 2368/3991 2382/3990 2381/3989
f 2365/3958 2364/3957 2382/3990
f 2368/3962 2367/3961 2365/3992
f 1333/3984 2369/3963 2368/3982
f 1332/4048 2369/3963 1333/3984
f 1333/3984 1330/2303 1332/4048
f 2369/3963 1332/4048 2370/3964
f 2367/3960 2370/3964 2371/3965
f 1461/4049 2370/3964 1332/4048
f 1332/2301 1331/2300 1461/4049
f 1331/2300 1330/2302 1329/2298
f 1459/2498 1331/2497 1329/2494
f 2403/4050 1464/4051 1459/4052
f 2404/4053 1459/2496 1458/2495
f 2405/4054 2403/4055 2404/4056
f 1464/4051 2403/4050 2406/4057
f 2407/4058 2406/4057 2403/4050
f 2406/4057 2407/4058 2408/4059
f 2409/4060 2408/4059 2407/4058
f 2410/4061 2407/4062 2405/4063
f 2411/4064 2405/4065 1453/4066
f 2412/4067 2411/4068 1452/4069
f 2413/4070 1452/2481 1450/2478
f 2414/4071 1450/4072 1448/4073
f 2415/4074 1448/2475 1447/2474
f 2416/4075 1447/2473 1446/2472
f 2417/4076 1446/2470 1445/2469
f 2418/4077 1445/2467 1443/2465
f 1442/4078 2419/4079 2418/4080
f 2417/4081 2418/4082 2420/4083
f 2420/4083 2421/4084 2417/4081
f 2422/4085 2417/4081 2421/4084
f 2420/4083 2423/4086 2421/4084
f 2424/4087 2421/4084 2423/4086
f 2423/4086 2420/4083 2425/4088
f 2426/4089 2425/4088 2420/4083
f 2425/4088 2426/4089 2427/4090
f 2428/4091 2427/4090 2426/4089
f 2429/4092 2426/4093 2419/4094
f 2430/4095 2428/4096 2429/4097
f 2430/4095 2431/4098 2428/4096
f 2431/4098 2430/4095 2432/4099
f 2432/4100 2433/4101 2434/4102
f 2435/4103 2434/4102 2433/4101
f 1440/4104 2436/4105 2433/4106
f 2437/4107 2433/4106 2436/4105
f 2437/4107 2436/4105 2438/4108
f 2439/4109 2438/4110 1434/4111
f 2438/4110 2439/4109 2440/4112
f 2441/4113 2442/4114 2440/4115
f 2440/4116 2443/4117 2437/4118
f 2443/4119 2442/4120 2444/4121
f 2445/4122 2444/4121 2442/4120
f 2446/4123 2442/4114 2441/4113
f 2447/4124 2441/4125 2448/4126
f 2449/4127 2448/4128 1433/4129
f 2450/4130 2447/4124 2448/4126
f 2451/4131 2452/4132 2447/4133
f 2446/4134 2452/4135 2453/4136
f 2445/4137 2453/4138 2454/4139
f 2454/4139 2455/4140 2445/4137
f 2454/4139 2456/4141 2455/4140
f 2444/4142 2455/4143 2457/4144
f 2444/4142 2457/4144 2458/4145
f 2443/4146 2458/4147 2459/4148
f 2459/4148 2458/4147 2460/4149
f 2458/4147 2461/4150 2460/4149
f 2459/4148 2460/4149 2462/4151
f 2463/4152 2459/4148 2462/4151
f 2457/4153 2464/4154 2461/4155
f 2464/4154 2457/4153 2465/4156
f 2450/4157 2466/4158 2451/4159
f 2466/4158 2450/4157 2467/4160
f 2458/4147 2457/4144 2461/4150
f 2457/4153 2456/4161 2465/4156
f 2456/4141 2457/4153 2455/4140
f 2443/4146 2444/4121 2458/4147
f 2444/4142 2445/4122 2455/4143
f 2451/4159 2447/4133 2450/4157
f 2453/4136 2445/4137 2446/4134
f 2452/4135 2446/4134 2447/4133
f 2442/4114 2446/4123 2445/4122
f 2441/4113 2447/4124 2446/4123
f 2442/4114 2443/4119 2440/4115
f 2441/4113 2440/4115 2439/4109
f 2448/4126 2441/4125 2439/4109
f 2448/4128 2439/4109 1433/4129
f 1433/2448 2439/4109 1434/2450
f 2450/4130 2448/4126 2449/4127
f 2467/4160 2450/4157 2449/4127
f 2449/4127 1433/4129 1430/2447
f 2467/4160 2449/4127 1376/4162
f 1376/4162 2449/4127 1430/2447
f 1376/4162 1430/2447 1377/2355
f 1377/2355 1429/2444 1379/2358
f 1430/2443 1432/2449 1429/2444
f 1379/2358 1428/2439 1381/2360
f 2467/4160 1376/4162 1374/4163
f 1374/4163 2466/4158 2467/4160
f 2466/4158 1374/4163 1373/4164
f 1369/2347 1373/2350 1374/2351
f 1374/4163 1376/4162 1375/2352
f 1369/2353 1375/2352 1367/2343
f 1375/2356 1378/2357 1367/2343
f 1367/2343 1378/2357 1365/2341
f 1378/2357 1380/2359 1365/2341
f 1365/2341 1380/2359 1363/2339
f 1380/2359 1382/2361 1363/2339
f 1363/2339 1382/2361 1361/2337
f 1382/2361 1359/2335 1361/2337
f 1359/2335 1382/2361 1384/2363
f 1384/2363 1357/2333 1359/2335
f 1357/2333 1384/2363 1385/2364
f 1385/2364 1356/2332 1357/2333
f 1356/2332 1385/2364 1387/2366
f 1356/2332 1353/2328 1354/2330
f 1387/2366 1353/2328 1356/2332
f 1353/2328 1387/2366 1389/2369
f 1389/2369 1351/2326 1353/2328
f 1351/2326 1389/2369 1391/2372
f 1391/2372 1349/2324 1351/2326
f 1349/2324 1391/2372 1393/2375
f 1393/2375 1347/2322 1349/2324
f 1347/2322 1393/2375 1395/2378
f 1395/2378 1346/2321 1347/2322
f 1346/2321 1395/2378 1397/2381
f 1397/2381 1344/2319 1346/2321
f 1344/2319 1397/2381 1399/2384
f 1399/2384 1341/2316 1344/2319
f 1341/2316 1399/2384 1401/2387
f 1401/2387 1339/2312 1341/2316
f 1339/2312 1401/2387 1457/4165
f 1457/4165 1338/2311 1339/2312
f 1457/4165 1401/2387 1402/2488
f 1338/2311 1457/4165 1326/2295
f 1326/2295 1457/4165 1456/2489
f 1456/2487 1402/2488 1403/2390
f 1456/2489 1327/2296 1326/2295
f 1327/2296 1456/2489 1455/2486
f 1404/2392 1402/2391 1400/2394
f 1455/2493 1458/2492 1327/2296
f 1458/2495 1329/2494 1327/2296
f 1400/2386 1399/2388 1398/2383
f 1405/2398 1400/2394 1398/2396
f 1397/2385 1396/2380 1398/2383
f 1406/2397 1398/2396 1396/2380
f 1411/2405 1405/2395 1406/2407
f 1396/2380 1415/2411 1406/2397
f 1415/2411 1396/2380 1394/2414
f 1395/2378 1394/2377 1396/2380
f 1417/2415 1413/2408 1415/2413
f 1444/4166 1413/2408 1417/2415
f 1417/2415 1419/2417 1444/4166
f 1413/2408 1444/4166 1414/2410
f 1445/2469 1414/2468 1444/2466
f 1411/2405 1414/2410 1412/2406
f 1446/2472 1412/2471 1414/2468
f 1445/2469 2418/4077 2417/4076
f 1446/2472 2417/4076 2416/4075
f 2468/4167 2416/4168 2422/4169
f 2469/4170 2422/4171 2424/4172
f 2470/4173 2468/4174 2469/4175
f 2471/4176 2415/4177 2468/4178
f 2471/4179 2472/4180 2413/4181
f 2473/4182 2413/4181 2472/4180
f 2471/4179 2474/4183 2472/4180
f 2474/4184 2475/4185 2473/4186
f 2476/4187 2412/4188 2473/4189
f 2477/4190 2473/4186 2475/4185
f 2478/4191 2476/4192 2477/4193
f 2412/4188 2476/4187 2479/4194
f 2410/4195 2479/4196 2480/4197
f 2409/4198 2480/4199 2481/4200
f 2481/4200 2482/4201 2409/4198
f 2483/4202 2408/4203 2482/4204
f 2482/4204 2484/4205 2483/4202
f 2484/4206 2485/4207 1977/4208
f 2485/4207 2484/4206 2486/4209
f 2484/4206 2487/4210 2486/4209
f 2488/4211 2486/4212 2489/4213
f 2489/4214 2487/4215 2490/4216
f 2490/4217 2481/4218 2491/4219
f 2491/4220 2480/4221 2492/4222
f 2493/4223 2492/4224 2478/4225
f 2494/4226 2491/4227 2493/4228
f 2495/4229 2490/4230 2494/4231
f 2495/4232 2496/4233 2488/4234
f 2497/4235 2488/4234 2496/4233
f 1975/4236 2497/4237 2498/4238
f 2498/4238 2499/4239 1975/4236
f 1973/3267 1975/3269 2500/4240
f 1974/4241 2500/4242 2501/4243
f 2501/4243 2502/4244 1974/4241
f 2502/4244 2501/4243 2503/4245
f 1943/4246 2503/4247 2504/4248
f 1941/4249 2504/4250 2505/4251
f 1940/4252 2505/4253 2506/4254
f 2506/4254 2507/4255 1940/4252
f 1938/4256 2507/4257 2508/4258
f 1936/4259 2508/4260 2509/4261
f 2509/4262 2510/4263 2511/4264
f 2512/4265 2511/4266 2513/4267
f 2514/4268 2512/4265 2513/4267
f 2510/4269 2515/4270 2513/4271
f 2516/4272 2513/4271 2515/4270
f 2515/4270 2510/4269 2517/4273
f 2507/4274 2518/4275 2517/4276
f 2518/4275 2507/4274 2519/4277
f 2520/4278 2518/4275 2519/4277
f 2515/4279 2518/4280 2521/4281
f 2516/4282 2521/4283 2522/4284
f 2522/4284 2523/4285 2516/4282
f 2524/4286 1898/4287 2523/4288
f 2523/4285 2522/4284 2525/4289
f 2525/4289 2526/4290 2523/4285
f 2526/4291 2527/4292 2524/4293
f 2528/4294 1893/4295 2527/4296
f 2527/4292 2526/4291 2529/4297
f 2528/4298 2529/4299 2530/4300
f 2530/4300 2531/4301 2528/4298
f 2532/4302 1864/4303 2531/4304
f 2533/4305 2531/4301 2530/4300
f 2534/4306 2530/4300 2529/4299
f 2535/4307 2529/4297 2526/4291
f 2536/4308 2526/4290 2525/4289
f 2537/4309 2525/4289 2522/4284
f 2538/4310 2522/4284 2521/4283
f 2539/4311 2521/4281 2518/4280
f 2540/4312 1861/4313 1864/4314
f 2541/4315 1858/4316 1861/4317
f 2542/4318 2543/4319 1858/4320
f 2543/4321 2544/4322 1857/4323
f 2544/4324 2545/4325 1853/4326
f 1852/3068 1853/3069 2546/4327
f 2546/4327 1853/3069 2545/4325
f 1853/4326 1857/4323 2544/4324
f 1857/3076 1858/3077 2543/4321
f 1858/4320 2541/4315 2542/4318
f 1861/4317 2540/4312 2541/4315
f 1856/3080 1861/3081 1858/3077
f 1857/4323 1853/4326 1854/3075
f 1851/3072 1854/3071 1853/3069
f 1860/3079 1864/3085 1861/3081
f 1864/4314 2532/4302 2540/4312
f 1850/3066 1849/3064 1851/3067
f 2531/4304 2533/4305 2532/4302
f 2530/4300 2534/4306 2533/4305
f 2529/4299 2535/4307 2534/4306
f 2526/4290 2536/4308 2535/4307
f 2525/4289 2537/4309 2536/4308
f 2522/4284 2538/4310 2537/4309
f 2521/4283 2539/4311 2538/4310
f 2518/4280 2520/4278 2539/4311
f 2547/4328 2520/4329 2506/4330
f 2548/4331 2506/4254 2505/4253
f 2549/4332 2505/4251 2504/4250
f 2504/4250 2550/4333 2549/4332
f 2503/4334 2551/4335 2550/4336
f 2505/4251 2549/4332 2548/4331
f 2506/4330 2548/4331 2547/4328
f 2550/4336 2504/4250 2503/4334
f 2519/4277 2506/4330 2520/4278
f 2507/4255 2506/4254 2519/4277
f 2551/4335 2503/4334 2501/4243
f 2501/4243 2499/4337 2551/4335
f 2499/4337 2501/4243 2500/4242
f 1975/4236 2499/4239 2500/4240
f 2500/4242 1974/4241 1973/3267
f 1969/3263 1974/3268 1967/3261
f 2502/4244 1967/3261 1974/4241
f 2503/4245 1943/4246 2502/4244
f 1967/3261 2502/4244 1944/3259
f 1943/3221 1944/3222 2502/4244
f 2504/4250 1941/4249 1943/4246
f 2505/4253 1940/4252 1941/4249
f 1942/3220 1941/3219 1939/3217
f 1942/3224 1945/3223 1944/3222
f 1939/3217 1946/3225 1942/3220
f 1966/3258 1944/3259 1945/3256
f 1939/3215 1940/3216 1938/3213
f 2507/4255 1938/4256 1940/4252
f 1939/3215 1937/3214 1946/3225
f 1946/3227 1947/3226 1945/3223
f 1937/3214 1948/3228 1946/3225
f 1965/3257 1945/3256 1947/3226
f 1938/3213 1936/3210 1937/3214
f 1937/3212 1935/3211 1948/3228
f 2508/4260 1936/4259 1938/4256
f 2517/4276 2508/4258 2507/4274
f 2518/4280 2515/4279 2517/4276
f 2508/4258 2517/4276 2510/4269
f 2521/4281 2516/4282 2515/4279
f 2510/4269 2509/4262 2508/4258
f 2511/4264 2552/4338 2509/4262
f 2552/4339 2553/4340 1927/4341
f 2554/4342 1926/4343 2553/4344
f 2510/4269 2513/4271 2511/4264
f 2553/4344 1926/4343 1927/4341
f 2552/4338 2511/4264 2553/4340
f 2512/4265 2553/4340 2511/4266
f 2553/4340 2512/4265 2554/4342
f 2513/4271 2516/4272 2514/4268
f 2523/4285 2514/4268 2516/4282
f 2514/4268 2523/4285 1898/4287
f 2523/4288 2526/4290 2524/4286
f 1898/4287 2524/4286 1896/3142
f 1898/4287 1899/3145 2514/4268
f 2512/4265 2514/4268 1899/3145
f 1899/3145 2554/4342 2512/4265
f 2524/4286 1893/3138 1896/3142
f 1893/3138 2524/4286 2527/4296
f 2529/4299 2528/4298 2527/4292
f 1893/4295 2528/4294 1867/4345
f 1867/4345 1891/3136 1893/4295
f 1866/3090 1867/3089 2528/4294
f 1866/3090 2528/4294 2531/4301
f 2531/4301 1864/4303 1866/3090
f 1863/3083 1866/3087 1864/3085
f 1866/3090 1865/3086 1868/3091
f 1863/3083 1862/3082 1865/3086
f 1860/3084 1859/3078 1862/3082
f 1872/3099 1862/3097 1859/3101
f 1871/3098 1870/3093 1865/3096
f 1870/3093 1871/3098 1876/3105
f 1868/3094 1870/3093 1869/3092
f 1876/3105 1878/3107 1870/3093
f 1878/3107 1869/3092 1870/3093
f 1867/3134 1869/3092 1890/3135
f 1869/3133 1878/3107 1888/3131
f 1890/3132 1888/3131 1889/3129
f 1878/3107 1877/3106 1885/3125
f 1876/3108 1879/3109 1877/3106
f 1888/3130 1885/3125 1887/3128
f 1890/3132 1889/3129 1894/3140
f 1889/3129 1887/3128 1911/4346
f 1911/4346 1894/3140 1889/3129
f 1913/3165 1911/3163 1887/3128
f 1887/3128 1886/3122 1913/3165
f 1885/3124 1884/3120 1886/3122
f 1913/3170 1886/3122 1917/3172
f 1884/3120 1918/3173 1886/3122
f 1913/3170 1915/3169 1912/3164
f 1883/4347 1918/3173 1884/3120
f 1880/3116 1883/3119 1884/3120
f 1879/3112 1881/3113 1880/3110
f 1883/4347 1830/4348 1918/3173
f 1830/4348 1828/3037 1918/3173
f 1918/3173 1828/3037 1917/3174
f 1832/3041 1830/3039 1883/4347
f 1828/3037 1826/3035 1917/3174
f 1883/4347 1882/3118 1832/3041
f 1824/3033 1917/3174 1826/3035
f 1834/3043 1832/3041 1882/3118
f 1917/3174 1824/3033 1916/3171
f 1822/3031 1916/3171 1824/3033
f 1916/3171 1822/3031 1915/3169
f 1820/3029 1915/3169 1822/3031
f 1915/3169 1820/3029 1914/3166
f 1818/3027 1914/3166 1820/3029
f 1912/3167 1914/3166 1910/3162
f 1914/3166 1818/3027 1919/3176
f 1816/3025 1919/3176 1818/3027
f 1910/3161 1919/3176 1908/3159
f 1919/3176 1816/3025 1920/3179
f 1814/3023 1920/3179 1816/3025
f 1908/3180 1920/3179 1906/3154
f 1920/3184 1814/3023 1921/3182
f 1906/3183 1921/3182 1905/3155
f 1812/3021 1921/3182 1814/3023
f 1921/3187 1812/3021 1922/3185
f 1811/3020 1922/3185 1812/3021
f 1905/3153 1922/3185 1904/3151
f 1922/3190 1811/3020 1923/3188
f 1809/3019 1923/3188 1811/3020
f 1904/3189 1923/3188 1924/3191
f 1923/3188 1809/3019 1929/4349
f 1923/3188 1929/4349 1924/3191
f 1805/3016 1929/4349 1809/3017
f 1805/3016 1808/3015 2555/4350
f 2556/4351 2557/4352 2555/4353
f 2557/4354 2558/4355 1804/4356
f 2558/4357 2559/4358 1801/4359
f 2559/4360 2560/4361 1799/4362
f 1796/3005 1799/3004 2561/4363
f 2560/4364 2562/4365 2561/4366
f 2562/4367 2563/4368 1797/4369
f 2563/4370 2564/4371 1791/4372
f 2564/4373 2565/4374 1789/4375
f 2565/4376 2566/4377 1787/4378
f 2567/4379 2556/4380 1808/4381
f 2568/4382 2567/4383 1810/4384
f 2569/4385 2568/4386 1813/4387
f 2570/4388 2569/4389 1815/4390
f 2571/4391 2570/4392 1817/4393
f 2572/4394 2571/4395 1819/4396
f 2573/4397 2572/4398 1821/4399
f 2574/4400 2573/4401 1823/4402
f 2575/4403 2574/4404 1825/4405
f 2576/4406 2575/4407 1827/4408
f 2577/4409 1827/3036 1829/3038
f 2578/4410 1829/3038 1831/3040
f 2579/4411 2578/4412 1833/4413
f 2580/4414 2579/4415 1835/4416
f 2581/4417 1835/4418 1836/4419
f 1835/4418 2581/4417 2580/4414
f 1833/3042 1835/3044 2579/4411
f 1831/3040 1833/3042 2578/4410
f 1829/3038 2578/4410 2577/4409
f 1827/3036 2577/4409 2576/4406
f 1825/3034 1827/3036 2575/4403
f 1823/3032 1825/3034 2574/4400
f 1821/4399 1823/3032 2573/4397
f 1819/4396 1821/3030 2572/4394
f 1817/4393 1819/3028 2571/4391
f 1815/4390 1817/3026 2570/4388
f 1813/4387 1815/3024 2569/4385
f 1810/4384 1813/3022 2568/4382
f 1808/4381 1810/4384 2567/4379
f 1809/3017 1810/3018 1808/3015
f 2555/4353 1808/3015 2556/4351
f 1804/4356 2555/4353 2557/4354
f 1804/4356 1805/3012 2555/4353
f 1801/4359 1804/3011 2558/4357
f 1929/3200 1805/3016 1807/3198
f 1799/4362 1801/4359 2559/4360
f 1800/3006 1801/3007 1799/3004
f 2561/4366 1799/3004 2560/4364
f 1924/3191 1929/4349 1928/3199
f 1926/3196 1924/3191 1928/3197
f 1927/3195 1928/3197 1930/3204
f 1797/4369 2561/4366 2562/4367
f 2561/4363 1797/4369 1796/3005
f 1791/4372 1797/4369 2563/4370
f 1797/3001 1791/4372 1793/3002
f 1789/4375 1791/4372 2564/4373
f 1790/2995 1791/2994 1789/2991
f 1788/2992 2582/4420 1790/2993
f 2583/4421 2584/4422 2582/4423
f 2585/4424 2582/4423 2584/4422
f 2584/4422 2583/4421 2586/4425
f 2586/4426 2587/4427 2588/4428
f 2588/4429 2589/4430 2590/4431
f 2590/4432 2591/4433 2592/4434
f 2588/4435 2592/4436 2593/4437
f 2586/4438 2593/4439 2594/4440
f 2584/4441 2594/4442 2595/4443
f 2596/4444 2595/4443 2594/4442
f 2597/4445 2594/4440 2593/4439
f 2598/4446 2593/4437 2592/4436
f 2599/4447 2592/4434 2591/4433
f 2591/4433 2600/4448 2599/4447
f 2601/4449 2602/4450 2600/4451
f 2603/4452 1999/4453 2602/4454
f 2604/4455 2603/4452 2602/4454
f 2605/4456 2001/4457 2603/4458
f 2606/4459 2605/4456 2603/4458
f 2607/4460 2003/4461 2605/4462
f 2607/4460 2605/4462 2608/4463
f 2609/4464 2608/4465 2610/4466
f 2609/4464 2610/4466 2611/4467
f 2612/4468 2611/4469 2613/4470
f 2614/4471 2612/4468 2613/4470
f 2611/4469 2615/4472 2613/4470
f 2614/4471 2613/4470 2616/4473
f 2617/4474 2616/4475 2618/4476
f 2619/4477 2189/4478 2618/4479
f 2618/4476 2616/4475 2620/4480
f 2619/4481 2620/4482 2621/4483
f 2189/4478 2619/4477 2622/4484
f 2188/4485 2622/4486 2623/4487
f 2624/4488 2188/4485 2623/4487
f 2616/4475 2617/4474 2625/4489
f 2013/4490 2626/4491 2614/4492
f 2626/4493 2008/4494 2627/4495
f 2615/4472 2611/4469 2628/4496
f 2628/4497 2610/4498 2629/4499
f 2630/4500 2629/4499 2610/4498
f 2629/4499 2630/4500 2631/4501
f 2632/4502 2631/4501 2630/4500
f 2631/4501 2632/4502 2633/4503
f 2634/4504 2633/4503 2632/4502
f 2633/4503 2634/4504 2635/4505
f 2636/4506 2635/4505 2634/4504
f 2635/4505 2636/4506 2637/4507
f 2637/4507 2638/4508 2635/4505
f 2635/4505 2639/4509 2633/4503
f 2633/4503 2640/4510 2631/4501
f 1781/4511 2638/4512 2641/4513
f 1784/4514 2641/4515 2642/4516
f 2640/4510 2633/4503 2639/4509
f 2639/4509 2635/4505 2638/4508
f 1781/2980 1784/2984 1782/2981
f 2641/4515 1784/4514 1781/4511
f 2638/4512 1781/4511 1779/2978
f 2638/4512 2637/4507 2641/4513
f 1779/2978 1777/4517 2638/4512
f 1777/2975 1779/2978 1778/2976
f 2639/4509 2638/4508 1777/4517
f 1777/4517 1774/4518 2639/4509
f 1774/2972 1777/4517 1776/2973
f 2640/4510 2639/4509 1774/4518
f 1770/2963 1774/2967 1775/2970
f 1768/2960 1770/2963 1771/2964
f 1767/2961 1771/2964 1766/2958
f 1774/2967 1773/2966 2640/4510
f 1773/2966 2631/4501 2640/4510
f 2631/4501 1773/2966 2629/4499
f 2628/4497 2629/4499 1773/2966
f 2628/4497 1773/2966 1769/2962
f 1772/2965 2628/4497 1769/2962
f 1767/2961 1763/2956 1772/2965
f 2628/4496 1772/2965 2615/4472
f 2610/4466 2628/4497 2611/4467
f 2621/4519 2615/4472 1772/2965
f 2621/4519 1772/2965 1763/2956
f 1763/2950 1764/2955 1761/2951
f 1763/2956 1762/2949 2621/4519
f 2615/4472 2621/4519 2620/4482
f 2620/4482 2613/4470 2615/4472
f 2613/4470 2620/4482 2616/4473
f 2619/4481 2621/4483 1762/2949
f 2618/4476 2620/4480 2619/4477
f 2622/4484 2619/4477 1762/2949
f 1761/2951 1760/2946 1762/2949
f 2622/4484 1762/2949 1760/2946
f 1761/2953 1759/2952 1758/2948
f 1754/2939 1759/2945 1757/2943
f 1758/2944 1755/2941 1760/2946
f 1751/2940 1757/2943 1753/2938
f 1750/2935 1753/2938 1752/2937
f 1746/2931 1752/2937 1748/2933
f 1744/2929 1748/2933 1747/2932
f 1741/2925 1747/2932 2643/4520
f 1740/4521 2643/4522 2644/4523
f 1738/4524 2644/4525 2645/4526
f 2643/4520 1740/4521 1741/2925
f 2644/4523 1738/4524 1740/4521
f 2645/4526 1734/2917 1738/4524
f 1734/2917 2645/4526 1735/2919
f 1731/2913 1735/2919 1732/2915
f 1729/2914 1732/2915 1728/2910
f 1729/2914 1725/2908 1730/2912
f 2226/3678 1730/2912 1725/2902
f 2223/3672 1730/2912 2226/3678
f 1730/2912 2223/3672 2222/3669
f 1731/2913 1730/2912 1733/2916
f 1733/2916 1730/2912 2222/3669
f 1733/2916 2222/3669 2220/3666
f 1736/2920 1733/2916 2220/3666
f 1736/2920 2220/3666 2221/3667
f 1737/2921 1736/2920 2221/3667
f 1737/2921 2221/3667 2210/4527
f 1739/2923 1737/2921 2210/4527
f 2211/4528 2210/4527 2221/3667
f 2221/3667 2218/3663 2211/4528
f 2210/4527 2211/4528 2208/3648
f 2211/4528 2218/3663 2213/3654
f 2210/3650 2209/3649 1739/2923
f 2218/3663 2217/3665 2213/3654
f 2217/3662 2215/3659 2213/3654
f 2214/3655 2213/3654 2215/3656
f 2217/3665 2149/3550 2216/3660
f 2216/3660 2149/3550 2158/4529
f 2158/3564 2161/3568 2216/3660
f 2156/3565 2158/3564 2149/3550
f 2163/3570 2215/3656 2161/3568
f 2208/3651 2212/3653 2206/3646
f 2212/3653 2205/3644 2206/3646
f 2205/3644 2212/3653 2214/3655
f 2166/4530 2214/3658 2163/3657
f 2214/3658 2166/4530 2205/3644
f 2166/4530 2163/3657 2164/3576
f 2167/3577 2205/3641 2166/3575
f 2164/3571 2163/3657 2162/3572
f 2201/3645 2205/3644 2202/3643
f 2202/3643 2200/3635 2201/3645
f 2203/3637 2202/3636 2167/3642
f 2203/3637 2199/3632 2200/3635
f 2167/3642 2168/3640 2203/3637
f 2165/3574 2168/3578 2167/3577
f 2199/3632 2203/3637 2204/3638
f 2201/3645 2198/3631 2207/3647
f 2198/3631 2209/3681 2207/3647
f 2168/3640 2170/4531 2204/3638
f 2169/3582 2170/3581 2168/3578
f 2183/4532 2204/3638 2170/4531
f 2192/4533 2204/3638 2183/4532
f 2204/3638 2192/4533 2199/3632
f 2170/4531 2182/3610 2183/4532
f 2183/4532 2184/3611 2192/4533
f 2193/3624 2199/3632 2192/3622
f 2199/3632 2193/3624 2196/3630
f 2171/3583 2182/3610 2170/3581
f 2196/3630 2227/3683 2198/3631
f 2182/3607 2171/3583 2175/3592
f 2227/3683 2196/3630 2197/3629
f 2173/3586 2175/3588 2171/3584
f 2032/3590 2033/3365 2175/3588
f 2173/3589 2034/3366 2032/3590
f 2034/3366 2173/3589 2174/3587
f 2174/3587 2036/3369 2034/3366
f 2036/3369 2174/3587 2056/3402
f 2057/3404 2056/3403 2174/3587
f 2174/3587 2172/3585 2057/3404
f 2172/3585 2171/3584 2169/3582
f 2065/3413 2057/3404 2172/3585
f 2169/3582 2065/3413 2172/3585
f 2065/3413 2169/3582 2165/3579
f 2164/3576 2065/3413 2165/3574
f 2066/3573 2065/3413 2164/3571
f 2068/3416 2066/3414 2162/3572
f 2162/3569 2160/3567 2068/3416
f 2075/3425 2068/3416 2160/3567
f 2160/3567 2159/3566 2075/3425
f 2076/3426 2075/3425 2159/3566
f 2159/3566 2157/4534 2076/3426
f 2159/3566 2156/3565 2157/4534
f 2076/3426 2157/4534 2078/3428
f 2080/3432 2077/3431 2078/3428
f 2080/3561 2078/3428 2155/3559
f 2078/3428 2152/3553 2155/3559
f 2157/4534 2152/3553 2078/3428
f 2157/3563 2150/3551 2152/3553
f 2148/3549 2153/3555 2150/3551
f 2153/3555 2148/3549 2107/3485
f 2145/3546 2107/3485 2148/3549
f 2145/3546 2143/3542 2107/3485
f 2143/3542 2105/3482 2107/3485
f 2143/3542 2141/3540 2105/3482
f 2141/3540 2108/3486 2105/3482
f 2108/3486 2141/3540 2140/3539
f 2140/3539 2239/3712 2108/3486
f 2239/3712 2140/3539 2134/3710
f 2135/3530 2134/3529 2140/3539
f 2140/3539 2139/3538 2135/3530
f 2136/3536 2133/3531 2135/3534
f 1709/3527 2133/3526 2137/3533
f 1712/2884 2137/3533 2136/3536
f 2137/3533 1704/2876 1709/3527
f 1712/2884 1710/2882 2137/3533
f 1704/2876 2137/3533 1710/2882
f 2408/4059 2409/4060 2482/4204
f 2487/4210 2484/4206 2482/4204
f 2482/4204 2481/4200 2487/4210
f 2481/4200 2490/4217 2487/4210
f 2487/4215 2489/4214 2486/4209
f 2490/4230 2495/4229 2489/4214
f 2488/4234 2489/4213 2495/4232
f 2491/4227 2494/4226 2490/4217
f 2480/4221 2491/4220 2481/4200
f 2492/4224 2493/4223 2491/4220
f 2486/4212 2488/4211 2485/4207
f 2479/4196 2492/4222 2480/4197
f 2480/4199 2409/4198 2410/4195
f 2407/4058 2410/4061 2409/4060
f 2492/4222 2479/4196 2476/4187
f 2476/4187 2478/4191 2492/4222
f 2473/4189 2477/4190 2476/4187
f 2473/4186 2472/4180 2474/4184
f 2479/4196 2410/4195 2411/4535
f 2411/4068 2412/4067 2479/4196
f 2405/4063 2411/4064 2410/4061
f 2413/4181 2473/4182 2412/4188
f 2403/4050 2405/4054 2407/4058
f 1452/4069 2413/4070 2412/4067
f 1453/4066 1452/2481 2411/4064
f 1453/4066 2405/4065 2404/4056
f 1459/2496 2404/4053 2403/4050
f 1464/2503 1460/2499 1459/4052
f 1453/4066 2404/4056 1454/4536
f 1454/4536 2404/4056 1458/2492
f 1451/2483 1453/2482 1454/2484
f 1409/2401 1454/2484 1455/2486
f 1409/2485 1449/2480 1451/2483
f 1449/2480 1409/2485 1408/2400
f 1408/2403 1404/2392 1407/2404
f 1408/2403 1410/2402 1449/2480
f 1407/2404 1412/2406 1410/2402
f 1412/2406 1447/2473 1410/2402
f 1449/2480 1448/2475 1450/2478
f 1450/4072 2414/4071 2413/4070
f 1448/4073 2415/4074 2414/4071
f 2413/4070 2414/4071 2471/4179
f 2415/4074 2471/4176 2414/4071
f 1447/2473 2416/4075 2415/4074
f 2416/4075 2468/4167 2415/4074
f 2417/4081 2422/4085 2416/4075
f 2422/4169 2469/4170 2468/4167
f 2421/4084 2424/4087 2422/4085
f 2468/4174 2470/4173 2471/4176
f 2474/4183 2471/4179 2470/4173
f 1468/2508 1464/2503 2406/4057
f 2408/4059 1468/2508 2406/4057
f 1468/2508 2408/4059 2483/4202
f 2484/4206 1977/4208 2483/4202
f 2483/4202 1979/4537 1468/2508
f 1979/4537 2483/4202 1977/4208
f 1469/4538 1468/2508 1979/4537
f 1469/2510 1467/2509 1468/2508
f 1978/3275 1979/3274 1977/3271
f 1980/3278 1469/3277 1979/3274
f 1977/3271 2485/4207 1972/3272
f 1970/3264 1978/3273 1972/3266
f 2485/4207 1976/3270 1972/3272
f 1976/3270 2485/4207 2488/4211
f 2488/4234 2497/4235 1976/3270
f 2497/4235 1975/4236 1976/3270
f 1971/3265 1976/3270 1975/3269
f 1986/4539 1978/3273 1970/3264
f 1978/3273 1986/4539 1980/3276
f 1968/3262 1986/4539 1970/3264
f 1985/3291 1980/3276 1986/3292
f 1964/3290 1986/3292 1968/3262
f 1980/3278 1985/3291 1981/3279
f 1966/3260 1964/3290 1968/3262
f 1964/3254 1966/3260 1965/3255
f 1963/3288 1985/3287 1964/3254
f 1984/3289 1981/3279 1985/3287
f 1981/3279 1470/3280 1469/3277
f 1981/3279 1984/3289 1982/3282
f 1982/3282 1471/2514 1470/3280
f 1471/2514 1982/3282 1474/3284
f 1470/2513 1465/2512 1467/2509
f 1465/2504 1463/2506 1467/2509
f 1474/2519 1473/2518 1471/2514
f 1471/2514 1472/2515 1465/2512
f 1466/2505 1465/2504 1472/2515
f 1462/2501 1463/2502 1466/2505
f 1473/2517 1561/4540 1472/2515
f 1472/2515 1563/4541 1466/2505
f 1563/4541 1472/2515 1561/2669
f 1561/2668 1473/2517 1476/2666
f 1475/2522 1476/2521 1473/2518
f 1562/2675 1561/2669 1560/2673
f 1560/2667 1476/2666 1478/2663
f 1477/2523 1478/2524 1476/2521
f 1565/2679 1560/2673 1559/2677
f 1559/2664 1478/2663 1480/2660
f 1479/2528 1480/2527 1478/2524
f 1989/3296 1477/2523 1475/3297
f 1988/3298 1475/3297 1474/2519
f 1988/3298 1474/2519 1983/3295
f 1992/3301 1477/2523 1989/3302
f 1992/3301 1479/2526 1477/2523
f 1994/3304 1479/2526 1992/3305
f 1994/3304 1481/2529 1479/2526
f 1996/3307 1481/2529 1994/3308
f 1481/2529 1482/2530 1480/2527
f 1996/3307 1483/2532 1481/2529
f 1558/2659 1480/2660 1482/2657
f 1483/2532 1996/3307 1998/3310
f 1483/2534 1484/2533 1482/2530
f 1998/3310 1485/2535 1483/2532
f 1557/2658 1482/2657 1484/2533
f 2000/3313 1485/2535 1998/3314
f 1484/2533 1521/2656 1557/2658
f 1485/2535 1486/2536 1484/2533
f 1521/2656 1484/2533 1486/2596
f 2000/3313 1487/2538 1485/2535
f 1521/2656 1522/2599 1555/2654
f 2002/3316 1487/2538 2000/3317
f 1557/2655 1555/2654 1556/2652
f 1556/2652 1558/2659 1557/2655
f 1555/2653 1549/2648 1554/2651
f 1558/2659 1556/2652 1567/4542
f 1567/4542 1559/2677 1558/2659
f 1556/2652 1569/4543 1567/4542
f 1556/2652 1554/2651 1569/4543
f 1567/2678 1569/4543 1568/2680
f 1553/4544 1569/4543 1554/2651
f 1554/2651 1550/2643 1553/4544
f 1569/2681 1553/4544 1570/2682
f 1565/2674 1568/2680 1566/2676
f 1568/2680 1571/2684 1566/2676
f 1553/2686 1552/2645 1573/2687
f 1570/2682 1573/2687 1572/2685
f 1566/2676 1571/2684 2374/3971
f 1571/3972 1572/2685 2373/3970
f 2374/3971 1564/4545 1566/2676
f 1562/2670 1566/2676 1564/2672
f 1564/4545 2374/3971 2375/3979
f 2374/3975 2373/3970 2372/3973
f 2353/3936 2373/3969 1572/2685
f 2354/3967 2372/3966 2373/3969
f 1572/2685 2351/3934 2353/3936
f 1573/2687 2351/3934 1572/2685
f 1573/2687 1574/2689 2351/3934
f 1552/2645 1575/2692 1574/2689
f 2352/3942 2351/3934 2350/3943
f 2350/3945 1574/3931 2349/3946
f 2352/3935 2358/3941 2357/3940
f 2350/3943 2359/3944 2358/3941
f 2360/3949 2349/3946 2348/3950
f 2354/3967 2356/3939 2366/3968
f 2363/3954 2356/3955 2355/3938
f 2366/3968 2371/3965 2372/3966
f 2375/3974 2372/3973 2371/3976
f 2361/3948 2348/3950 1580/3951
f 1580/3951 2348/3950 1575/3928
f 1575/2692 1576/2693 1580/3951
f 1579/2702 1580/2701 1576/2693
f 1576/2693 1577/2696 1579/2702
f 2362/3952 1580/3951 1581/2703
f 1588/4546 2362/3952 1581/2703
f 1588/4546 1581/2703 1583/2706
f 1584/2707 1588/2711 1583/2706
f 1582/2705 1581/2704 1579/2702
f 1579/2700 1578/2698 1582/2705
f 1578/2698 1585/2708 1582/2705
f 1578/2698 1543/2697 1541/2630
f 1541/2630 1540/2628 1578/2698
f 1585/2708 1578/2698 1540/2628
f 1540/2628 1539/4547 1585/2708
f 1539/2625 1540/2628 1537/2621
f 1585/2708 1539/4547 1586/2709
f 1538/2715 1586/2714 1539/4547
f 1536/2620 1538/2624 1539/2625
f 1590/2713 1586/2709 1591/2716
f 2646/4548 1590/2713 1591/2716
f 2646/4549 1595/4550 2647/4551
f 2646/4548 1591/2716 1593/2719
f 1595/2722 2646/4549 1593/2720
f 1592/2718 1591/2717 1538/2715
f 1535/2619 1592/2718 1538/2624
f 1594/2721 1593/2720 1592/2718
f 2052/3396 1592/2718 1535/2619
f 1592/2718 2052/3396 1594/2721
f 1597/2725 2647/4551 1595/2723
f 1596/2724 1595/2723 1594/2721
f 2052/3396 1596/2724 1594/2721
f 2647/4551 1597/2725 1602/4552
f 1599/2728 1602/2731 1597/2726
f 1596/2724 2052/3396 2051/3395
f 1598/2727 1597/2726 1596/2724
f 2051/3393 1598/2727 1596/2724
f 1520/2595 1486/2596 1488/2593
f 1487/2540 1488/2539 1486/2536
f 1519/2594 1488/2593 1490/2590
f 1489/2541 1490/2542 1488/2539
f 2002/3316 1489/2541 1487/2538
f 1518/2591 1490/2590 1492/2587
f 1489/2541 2002/3316 2004/3319
f 1491/2546 1492/2545 1490/2542
f 2004/3319 1491/2544 1489/2541
f 1517/2586 1492/2587 1494/2584
f 1491/2544 2004/3319 2006/3322
f 1493/2547 1494/2548 1492/2545
f 2006/3322 1493/2547 1491/2544
f 1493/2547 2006/3322 2007/3324
f 1495/2550 1493/2549 2007/3324
f 1495/2550 2007/3324 2010/3328
f 1495/2552 1496/2551 1494/2548
f 1516/2583 1494/2584 1496/2581
f 1497/2553 1495/2552 2010/3328
f 1497/2553 2010/3328 2012/3330
f 1499/3334 1497/2555 2012/3335
f 1497/2555 1498/2554 1496/2551
f 1515/2582 1496/2581 1498/2554
f 1498/2554 1508/2571 1515/2582
f 1508/2571 1502/2567 1507/2572
f 1508/2568 1498/2554 1500/2569
f 1499/2558 1500/2557 1498/2554
f 1501/2559 1502/2560 1500/2557
f 1501/2559 1499/2558 2015/3333
f 2015/3333 2012/3335 2014/3336
f 1505/4553 1501/2559 2015/3333
f 1503/2562 1501/2561 1505/2564
f 1505/4553 2015/3333 2016/3339
f 2016/3339 2014/3336 2020/3344
f 2011/3329 2020/3344 2014/3332
f 2020/3344 2011/3329 2013/3331
f 2020/3344 2013/3331 2625/4554
f 2625/4554 2019/3343 2020/3344
f 2013/3331 2614/4492 2625/4554
f 2625/4554 2614/4492 2616/4475
f 2019/3343 2625/4554 2617/4474
f 2617/4474 2021/3345 2019/3343
f 2013/4490 2009/3327 2626/4491
f 2008/4494 2626/4493 2009/3327
f 2626/4491 2612/4468 2614/4492
f 2626/4493 2627/4495 2612/4468
f 2006/3322 2005/3321 2008/3326
f 2005/3321 2627/4495 2008/3326
f 2612/4468 2609/4464 2611/4469
f 2627/4495 2609/4464 2612/4468
f 2627/4495 2607/4555 2609/4464
f 2627/4495 2005/3321 2607/4555
f 2607/4460 2608/4463 2609/4464
f 2003/4461 2607/4460 2005/3321
f 2004/3319 2003/3318 2005/3321
f 2608/4465 2630/4500 2610/4466
f 2002/3320 2001/3315 2003/3318
f 2001/4457 2605/4456 2003/3318
f 2605/4456 2606/4459 2608/4463
f 2608/4465 2606/4459 2630/4500
f 2606/4459 2632/4502 2630/4500
f 2000/3317 1999/3312 2001/3315
f 1999/4453 2603/4452 2001/3315
f 2603/4458 2604/4455 2606/4459
f 2606/4459 2604/4455 2632/4502
f 2604/4455 2634/4504 2632/4502
f 2634/4504 2604/4455 2601/4556
f 2602/4450 2601/4449 2604/4455
f 2601/4556 2636/4506 2634/4504
f 2602/4454 1999/4453 1997/4557
f 1998/3310 1997/3309 1999/3312
f 1997/4557 2600/4451 2602/4454
f 2636/4506 2601/4556 2591/4558
f 2600/4451 2591/4433 2601/4449
f 2591/4558 2590/4432 2636/4506
f 2637/4507 2636/4506 2590/4432
f 1995/4559 2600/4451 1997/4557
f 1996/3307 1995/3306 1997/3309
f 2600/4451 1995/4559 2599/4447
f 2590/4432 2589/4430 2637/4507
f 2641/4513 2637/4507 2589/4430
f 2589/4430 2642/4516 2641/4513
f 2592/4434 2588/4435 2590/4432
f 2592/4436 2599/4447 2598/4446
f 2589/4430 2588/4429 2587/4427
f 2587/4427 2642/4516 2589/4430
f 2593/4439 2586/4438 2588/4435
f 2593/4437 2598/4446 2597/4445
f 2587/4427 2586/4426 2583/4421
f 2594/4440 2584/4441 2586/4438
f 2594/4442 2597/4445 2596/4444
f 2583/4421 1786/4560 2587/4427
f 2642/4516 2587/4427 1786/4560
f 1786/4560 1784/2986 2642/4516
f 1786/4560 2583/4421 1788/2990
f 2582/4423 1788/2992 2583/4421
f 1784/2986 1785/2985 1783/2982
f 1785/2985 2566/4561 1783/2982
f 1786/2989 1787/2988 1785/2985
f 1785/2985 1787/2988 2566/4561
f 1788/2990 1789/2991 1787/2988
f 1787/4378 1789/2991 2565/4376
f 1794/2998 1790/2995 2582/4420
f 2582/4423 2585/4424 1794/2998
f 2595/4443 2585/4424 2584/4441
f 1956/4562 1794/2998 2585/4424
f 1794/2998 1956/4562 1795/3242
f 1795/3242 1792/2996 1794/2998
f 1956/4562 2585/4424 1958/3245
f 1958/3245 2585/4424 2595/4443
f 1798/3003 1793/3002 1795/2999
f 1795/3242 1955/3241 1798/3003
f 2595/4443 1961/4563 1958/3245
f 1959/3250 1958/3245 1961/3248
f 1961/4563 2595/4443 2596/4444
f 1959/3250 1963/3251 1960/3247
f 2596/4444 1987/4564 1961/4563
f 1962/3249 1961/3248 1987/4564
f 1962/3249 1984/3289 1963/3251
f 1962/3249 1983/3283 1984/3289
f 1983/3295 1962/3249 1987/3293
f 1987/4564 2596/4444 1990/4565
f 1988/3298 1987/3293 1990/3299
f 2597/4445 1990/4565 2596/4444
f 1990/4565 2597/4445 1991/4566
f 1989/3302 1990/3299 1991/3300
f 2598/4446 1991/4566 2597/4445
f 1991/4566 2598/4446 1993/4567
f 1992/3301 1991/3300 1993/3303
f 2599/4447 1993/4567 2598/4446
f 1993/4567 2599/4447 1995/4559
f 1994/3308 1993/3303 1995/3306
f 1947/3226 1960/3252 1965/3257
f 1960/3252 1947/3226 1949/4568
f 1957/3244 1960/3247 1949/4568
f 1948/3228 1949/3229 1947/3226
f 1949/4568 1955/3241 1957/3244
f 1955/3240 1949/4568 1951/3238
f 1950/3233 1951/3232 1949/3229
f 1935/3211 1950/3231 1948/3228
f 1935/3209 1933/3208 1950/3231
f 1933/3208 1952/3234 1950/3231
f 1936/3210 1934/3207 1935/3211
f 2509/4261 1934/3207 1936/4259
f 1934/3207 2509/4261 2552/4338
f 1934/3207 1931/3202 1933/3208
f 1934/3207 2552/4338 1931/3202
f 2552/4339 1927/4341 1931/3202
f 1933/3208 1932/3205 1952/3234
f 1952/3237 1954/3236 1951/3232
f 1951/3238 1954/3236 1798/3239
f 1954/3236 1796/3000 1798/3239
f 1796/3000 1954/3236 1800/3006
f 1953/3235 1800/3006 1954/3236
f 1932/3205 1953/3235 1952/3234
f 1800/3006 1953/3235 1802/3009
f 1806/3013 1802/3009 1953/3235
f 1806/3013 1953/3235 1932/3205
f 1930/3204 1806/3013 1932/3205
f 1807/3198 1806/3013 1930/3201
f 1807/3014 1803/3010 1806/3013
f 2376/3977 2371/3976 2370/3964
f 2370/3964 1461/4049 2376/3977
f 1461/2500 1462/2501 2376/3977
f 1462/2501 2377/4569 2376/3977
f 2377/3980 2375/3979 2376/3977
f 1462/2501 1466/2505 2377/4569
f 1466/2505 1563/4541 2377/4569
f 1563/4541 1564/2672 2377/4569
f 1441/2464 1438/2459 1442/2462
f 1442/2462 2418/4080 1443/2465
f 2419/4079 2420/4083 2418/4080
f 2420/4083 2419/4079 2426/4089
f 1442/4078 2429/4092 2419/4079
f 2429/4092 1442/4078 1438/2459
f 2426/4093 2429/4092 2428/4091
f 2427/4090 2428/4091 2431/4098
f 1438/2455 1440/2458 2429/4092
f 2429/4092 1440/2458 2430/4095
f 2433/4101 2432/4100 2430/4095
f 2433/4101 2430/4095 1440/4104
f 2433/4101 2437/4107 2435/4103
f 2443/4117 2435/4103 2437/4118
f 2435/4103 2443/4117 2459/4148
f 2459/4148 2463/4152 2435/4103
f 2434/4102 2435/4103 2463/4152
f 2437/4107 2438/4108 2440/4116
f 2438/4110 1436/4570 1434/4111
f 2436/4105 1436/4570 2438/4108
f 1436/4570 2436/4105 1440/4104
f 1436/2453 1440/4104 1437/2454
f 1434/4111 1436/4570 1435/2451
f 1435/2452 1437/2454 1439/2456
f 1432/2449 1435/2451 1431/2445
f 1431/2445 1435/2451 1439/2456
f 1439/2456 1438/2455 1426/2461
f 1439/2456 1427/4571 1431/2445
f 1426/2461 1427/4571 1439/2456
f 1427/4571 1428/2439 1431/2445
f 1428/2438 1427/4571 1424/2436
f 1427/2433 1426/2461 1425/2434
f 1425/2434 1423/2431 1424/2435
f 1381/2437 1424/2436 1383/2362
f 1423/2427 1386/4572 1383/2428
f 1385/2367 1383/2362 1386/2365
f 1423/2424 1388/2423 1386/4572
f 1387/2366 1386/2365 1388/2368
f 1422/2422 1421/2420 1423/2431
f 1421/2425 1390/2419 1388/2423
f 1389/2369 1388/2368 1390/2371
f 1422/2430 1426/2432 1441/2460
f 1441/2460 1418/4573 1422/2430
f 1418/2416 1441/2460 1419/2417
f 1420/2418 1422/2422 1418/2416
f 1420/2421 1392/4574 1390/2419
f 1391/2376 1390/2371 1392/2374
f 1392/4574 1420/2421 1416/2412
f 1394/2414 1392/4574 1416/2412
f 1393/2379 1392/2374 1394/2377
f 376/593 398/592 379/591
f 379/562 374/561 376/593
f 375/556 374/555 378/560
f 378/560 969/1569 375/556
f 969/1571 378/560 381/1572
f 380/563 381/564 378/560
f 392/582 379/591 393/583
f 379/591 392/582 377/559
f 392/582 380/563 377/559
f 380/563 392/582 385/581
f 385/571 382/570 380/563
f 387/574 386/573 385/571
f 385/571 391/580 387/574
f 391/579 396/586 390/577
f 387/578 390/577 389/576
f 882/1419 390/577 396/586
f 884/1422 389/1429 390/577
f 390/577 882/1419 884/1422
f 1213/2025 164/2027 166/223
f 1194/1994 1213/2024 166/223
f 1194/1994 166/223 1193/1991
f 1193/1991 166/223 167/224
f 1191/1995 1194/1994 1192/1990
f 1192/1990 1189/1987 1191/1995
f 1193/1991 167/224 170/4575
f 169/227 170/228 167/225
f 170/4575 286/1992 1193/1991
f 286/419 285/418 1192/1990
f 285/1989 1188/1984 1189/1987
f 286/1992 170/4575 172/4576
f 172/4576 284/420 286/1992
f 171/230 172/231 170/228
f 171/230 169/229 1273/2142
f 1274/2145 171/230 1273/2146
f 284/417 172/4576 174/415
f 173/235 174/234 172/231
f 173/233 171/232 1274/2145
f 284/420 287/421 285/418
f 1188/1984 285/1989 287/421
f 174/415 176/237 282/416
f 1155/1943 1188/1981 287/421
f 1156/1980 1187/1979 1188/1981
f 287/421 290/4577 1155/1943
f 290/427 291/428 1155/1943
f 283/414 290/4577 287/421
f 290/4577 283/414 288/425
f 280/423 283/422 282/416
f 282/416 281/411 280/423
f 177/238 281/411 176/237
f 278/4578 288/424 280/423
f 280/409 279/408 278/4578
f 288/425 278/4578 292/429
f 200/4579 279/408 281/410
f 281/411 177/238 200/4579
f 279/408 200/4579 1275/2158
f 1275/2158 277/2159 279/408
f 179/276 200/275 177/239
f 278/406 277/405 276/4580
f 276/4580 292/429 278/406
f 277/404 271/395 276/4580
f 292/431 276/4580 274/432
f 276/4580 272/398 274/432
f 266/397 271/396 268/392
f 268/392 264/385 266/397
f 264/388 267/389 265/386
f 266/387 265/386 275/402
f 272/398 275/402 273/399
f 274/400 273/399 293/430
f 292/429 293/430 289/426
f 1152/4581 289/426 293/430
f 289/426 1152/4581 291/428
f 1153/1941 291/1940 1152/1938
f 293/434 294/433 1152/4581
f 273/437 295/436 294/433
f 1150/1934 294/1935 295/1932
f 275/440 296/439 295/436
f 1149/1933 295/1932 296/1929
f 265/443 297/442 296/439
f 1148/1930 296/1929 297/1926
f 267/444 298/445 297/442
f 1147/1927 297/1926 298/1923
f 258/449 299/448 298/445
f 1146/1922 298/1923 299/1920
f 256/450 300/451 299/448
f 1145/1919 299/1920 300/1917
f 1164/1954 1146/1924 1145/1955
f 1147/1925 1164/1952 1163/1951
f 1166/1956 1163/1951 1164/1954
f 1148/1930 1163/1951 1162/1950
f 1163/1951 1166/1956 1167/1957
f 1167/1957 1162/1950 1163/1951
f 1162/1950 1167/1957 1170/1961
f 1149/1931 1162/1950 1161/1949
f 1170/1961 1161/1949 1162/1950
f 1161/1949 1170/1961 1172/1963
f 1172/1963 1160/4582 1161/1949
f 1150/1934 1161/1949 1160/1948
f 1160/4582 1172/1963 1174/1965
f 1174/1965 1159/4583 1160/4582
f 1151/1937 1160/1948 1159/1947
f 1159/4583 1174/1965 1176/1967
f 1176/1967 1158/4584 1159/4583
f 1153/1941 1159/1947 1158/1946
f 1158/4584 1176/1967 1178/1969
f 1178/1969 1157/4585 1158/4584
f 1154/1942 1158/1946 1157/1945
f 1157/4585 1178/1969 1180/1971
f 1180/1971 1185/1976 1157/4585
f 1156/1944 1157/1945 1185/1978
f 1187/1979 1185/1978 1186/1977
f 1186/1977 1190/1985 1187/1979
f 1190/2002 1186/1977 1199/2000
f 1191/1995 1190/1985 1196/1997
f 1196/1997 1199/2000 1198/1999
f 1200/2005 1198/1999 1199/2003
f 1198/1999 1200/2005 1202/2007
f 1202/2007 1205/2011 1198/1999
f 1205/2017 1210/2019 1198/1999
f 1197/2022 1198/1999 1210/2020
f 8/648 431/647 10/4586
f 439/669 10/4586 431/654
f 430/651 432/650 431/647
f 10/4586 439/669 441/671
f 5/6 430/646 8/648
f 8/648 7/10 5/6
f 10/4586 9/13 8/648
f 9/12 454/695 7/10
f 441/671 11/15 10/4586
f 454/695 9/12 12/4587
f 11/17 12/16 9/13
f 456/697 454/695 12/4587
f 12/4587 512/781 456/697
f 512/781 12/4587 13/782
f 14/20 13/19 11/17
f 11/17 441/671 14/20
f 442/673 14/20 441/671
f 14/20 442/673 16/23
f 442/673 444/677 443/674
f 16/23 443/674 18/26
f 446/681 18/26 443/679
f 18/26 446/681 20/29
f 448/683 20/29 446/681
f 20/29 448/683 22/32
f 304/4588 22/32 448/683
f 22/32 304/4588 24/35
f 303/456 24/35 304/457
f 448/683 306/460 304/4588
f 306/460 448/683 447/682
f 447/682 308/465 306/460
f 303/456 255/369 302/454
f 255/369 303/456 305/458
f 306/460 307/461 305/458
f 307/461 255/369 305/458
f 308/465 309/464 307/461
f 307/461 301/452 255/369
f 309/464 301/452 307/461
f 254/366 301/452 300/451
f 1144/1918 300/1917 301/452
f 309/464 1144/1915 301/452
f 312/468 309/1916 310/469
f 1165/1953 1145/1955 1144/1918
f 1144/1915 312/1914 1261/4589
f 1261/4589 1165/1953 1144/1915
f 326/2120 1261/2122 312/1914
f 323/488 326/492 312/468
f 1260/2121 1165/1953 1261/2122
f 1260/2121 1166/1956 1165/1953
f 1260/2118 1168/2117 1166/1956
f 326/2120 328/494 1260/2121
f 328/2119 1259/2116 1168/2117
f 1259/2116 328/2119 330/4590
f 327/493 330/496 328/494
f 1032/1696 1028/1695 1027/4591
f 1025/1828 1032/1830 1027/4591
f 1028/1690 992/1692 1027/4591
f 1026/1689 1025/1685 1027/1687
f 991/1615 1026/1689 992/1616
f 1028/1695 1033/1697 1031/1694
f 1036/1701 1031/1694 1033/1698
f 1031/1694 1036/1701 1126/1861
f 1045/1712 1126/1861 1036/1701
f 1036/1701 1037/1702 1045/1712
f 991/1615 1002/4592 1026/1689
f 1026/1689 1002/4592 1023/1684
f 991/1615 993/1617 1002/4592
f 350/521 429/4593 351/524
f 429/4593 350/521 430/651
f 3/3 429/645 430/646
f 429/4593 359/535 351/524
f 429/4593 427/4594 359/535
f 427/643 429/4593 2/644
f 360/637 359/535 427/641
f 427/643 428/642 425/638
f 859/1369 425/638 428/685
f 425/638 859/1369 426/640
f 860/1371 859/1370 857/1365
f 857/1365 1313/2248 860/1371
f 863/1377 860/1374 1313/2248
f 864/1378 861/1375 863/1377
f 866/1382 862/1381 864/1378
f 860/1371 423/1373 426/1372
f 424/636 426/640 423/634
f 423/1373 862/1376 422/1380
f 421/631 423/634 422/633
f 419/632 422/633 420/629
f 422/1380 865/1379 420/629
f 417/628 420/629 415/623
f 420/1384 867/1383 415/623
f 865/1385 868/1386 867/1383
f 414/622 415/623 867/1383
f 414/622 867/1383 868/1387
f 2247/3764 2268/3763 2249/3761
f 2249/3761 2248/3731 2247/3764
f 2249/3761 2267/3760 2265/3758
f 2265/3758 2250/3733 2249/3761
f 2250/3733 2265/3758 2258/3752
f 2258/3752 2251/3745 2250/3733
f 2252/3735 2248/3730 2251/3734
f 2251/3734 2255/3743 2252/3735
f 2265/3756 2266/3757 2263/3754
f 2266/3757 2264/3772 2263/3754
f 2257/3742 2278/3793 2255/3743
f 2257/3742 2276/3783 2278/3793
f 2276/3783 2257/3742 2260/3777
f 2259/3747 2257/3742 2251/3745
f 2259/3749 2260/3748 2257/3742
f 2258/3746 2261/3751 2259/3747
f 2274/3778 2260/3777 2261/3750
f 2262/3753 2274/3776 2261/3751
f 1004/1639 1020/1675 1021/1678
f 1120/1838 1021/1678 1020/1675
f 1123/1847 1120/1849 1020/1675
f 1019/4595 1123/1847 1020/1675
f 1020/1675 1006/1677 1019/4595
f 2031/3596 2178/3597 2177/3594
f 2022/3346 2018/3342 2178/3597
f 2178/3597 2018/3342 2021/3345
f 2021/3345 2179/3602 2178/3597
f 2187/3614 2179/3602 2021/3345
f 2021/3345 2617/4474 2187/3614
f 2618/4476 2187/3614 2617/4474
f 2187/3614 2618/4476 2189/4478
f 2189/3618 2186/3617 2187/3614
f 2622/4486 2188/4485 2189/4478
f 2180/3603 2186/3613 2185/3612
f 2176/3606 2177/3600 2180/3604
f 2033/3593 2177/3594 2176/3591
f 2182/3607 2176/3591 2181/3608
f 2181/3608 2185/3612 2184/3611
f 2185/3616 2191/3620 2184/3611
f 2194/3626 2193/3625 2191/3621
f 2190/3619 2194/3626 2191/3620
f 2188/3615 2624/4488 2190/3619
f 2194/3626 2190/3619 2624/4488
f 2624/4488 1749/4596 2194/3626
f 1749/4596 2195/3627 2194/3626
f 1749/4596 2624/4488 1756/4597
f 1751/2940 1749/2934 1756/2942
f 2195/3627 1749/4596 1745/2930
f 2623/4487 1756/4597 2624/4488
f 1745/2930 2197/3629 2195/3627
f 1756/4597 2623/4487 1755/2941
f 2197/3629 1745/2930 1743/2928
f 2623/4487 1760/2946 1755/2941
f 1760/2946 2623/4487 2622/4484
f 1742/2927 2197/3629 1743/2928
f 2197/3629 1742/2927 2227/3683
f 1739/4598 2227/3683 1742/2927
f 2227/3683 1739/4598 2209/3681
f 1739/4598 1742/2927 1740/2924
f 1874/3102 1859/3101 1855/4599
f 1856/3074 1855/3073 1859/3078
f 1849/3070 1855/3073 1854/3071
f 1847/4600 1855/3073 1849/3070
f 1849/3070 1848/3063 1847/4600
f 1855/4599 1847/4600 1874/3102
f 1845/4601 1874/3102 1847/4600
f 1847/4600 1846/3060 1845/4601
f 1874/3102 1845/4601 1875/3104
f 1845/3058 1844/3057 1841/3052
f 1841/3052 1875/3104 1845/3058
f 1875/3104 1841/3052 1843/3055
f 1872/3099 1875/3104 1873/3100
f 1843/3055 1873/3100 1875/3104
f 1873/3100 1843/3055 1879/3109
f 1843/3055 1842/3054 1881/3113
f 1881/3113 1842/3054 1839/4602
f 1840/3050 1839/3049 1842/3054
f 1839/4602 1882/3118 1881/3113
f 1882/3118 1839/4602 1834/3043
f 1838/3051 1834/3046 1839/3049
f 1834/3043 1836/3045 1835/3044
f 553/4603 563/860 555/851
f 553/4603 555/851 481/849
f 483/847 481/849 479/734
f 552/4604 563/860 553/4603
f 552/4604 553/4603 483/846
f 563/860 552/4604 565/862
f 483/735 484/736 551/844
f 550/842 552/845 551/843
f 548/840 551/843 484/736
f 552/845 550/842 618/941
f 618/941 565/862 552/845
f 549/841 548/840 484/736
f 618/945 567/944 565/862
f 567/865 566/864 565/862
f 486/738 484/736 482/733
f 549/841 484/736 486/738
f 549/841 486/738 490/744
f 550/942 546/837 617/940
f 545/836 617/939 546/837
f 618/941 617/940 619/943
f 616/938 619/943 617/939
f 619/943 569/947 567/944
f 569/947 568/869 567/944
f 616/938 620/946 619/943
f 621/949 569/867 620/946
f 612/931 620/946 616/936
f 614/932 616/936 545/937
f 612/929 610/928 620/946
f 610/928 621/949 620/946
f 614/932 545/937 543/935
f 543/833 545/937 544/835
f 621/949 610/928 607/925
f 607/925 622/950 621/949
f 622/950 607/925 606/921
f 610/926 611/927 609/924
f 607/922 609/924 608/923
f 628/967 608/966 609/924
f 609/924 611/927 628/967
f 629/970 605/969 608/966
f 612/931 613/930 611/927
f 611/927 613/930 627/963
f 614/932 615/933 613/930
f 613/962 625/957 626/960
f 543/833 542/832 615/933
f 615/933 542/832 625/957
f 625/957 542/832 1312/4605
f 542/832 540/2244 1312/4605
f 541/834 540/830 542/832
f 541/831 534/823 536/826
f 541/834 544/835 534/823
f 544/838 547/839 534/823
f 534/823 547/839 535/824
f 547/839 549/841 535/824
f 535/824 549/841 490/744
f 535/824 490/744 492/4606
f 492/4606 490/744 491/749
f 533/825 535/824 492/820
f 532/819 492/820 493/817
f 537/827 533/825 532/821
f 537/827 532/821 539/829
f 539/829 532/821 531/818
f 531/814 493/817 497/815
f 1308/2239 538/2238 539/829
f 539/829 529/811 1308/2239
f 539/829 531/818 529/811
f 529/811 531/818 530/813
f 530/816 497/815 498/757
f 530/816 498/757 502/763
f 527/812 530/813 502/763
f 527/809 502/763 526/808
f 526/808 502/763 504/765
f 526/808 504/765 522/807
f 523/804 524/805 522/803
f 1297/2220 524/2219 523/804
f 523/804 1296/2213 1297/2220
f 523/804 521/2216 1296/2213
f 523/804 505/768 521/2216
f 1296/2215 1298/2217 1294/2211
f 62/86 1294/2211 58/80
f 1294/2211 1298/2217 58/80
f 1298/2217 54/76 58/80
f 1298/2217 55/77 54/76
f 521/2216 55/77 1298/2217
f 521/2216 506/769 55/77
f 508/771 55/77 506/769
f 55/77 508/771 52/73
f 515/787 52/73 508/771
f 508/771 509/772 515/787
f 179/241 178/240 180/243
f 180/243 1274/2145 183/246
f 178/240 1274/2145 180/243
f 178/240 173/233 1274/2145
f 175/236 173/235 178/240
f 177/239 175/236 178/240
f 1903/3152 1904/3151 1925/3192
f 1902/3156 1905/3155 1903/3149
f 1926/3194 2554/4342 1925/3192
f 1925/3192 1901/4607 1903/3152
f 1901/4607 1925/3192 2554/4342
f 2554/4342 1899/3145 1901/4607
f 1897/3143 1901/3147 1899/3145
f 1900/3150 1903/3149 1901/3147
f 1895/4608 1902/3148 1900/3150
f 1900/3150 1892/3137 1895/4608
f 1902/3156 1895/4608 1907/3157
f 1895/3141 1891/3139 1894/3140
f 1894/3140 1907/3157 1895/3141
f 1907/3157 1894/3140 1909/4609
f 1909/3160 1908/3159 1907/3157
f 1894/3140 1911/4346 1909/4609
f 1911/4346 1910/3162 1909/4609
f 593/903 592/902 591/900
f 591/900 623/956 593/903
f 623/953 591/900 572/951
f 573/872 572/871 591/900
f 591/900 590/899 573/872
f 592/901 1325/2284 590/899
f 571/873 568/866 572/871
f 570/952 572/951 568/869
f 622/950 623/953 570/868
f 622/950 624/954 623/953
f 606/921 624/954 622/950
f 606/921 604/920 624/954
f 1325/2284 592/901 683/4610
f 683/4610 684/1047 1325/2284
f 594/904 683/4610 592/902
f 683/4610 594/904 682/1045
f 594/904 597/908 682/1045
f 597/908 680/1042 682/1045
f 595/905 594/907 593/903
f 624/954 595/905 593/955
f 604/920 595/905 624/954
f 604/920 600/917 595/905
f 599/912 595/905 600/913
f 595/905 599/912 596/906
f 596/910 598/909 597/908
f 604/920 605/919 603/916
f 603/975 605/919 631/973
f 600/917 603/916 602/915
f 602/915 603/916 632/974
f 632/974 601/976 602/915
f 601/976 634/979 599/912
f 598/909 599/911 634/979
f 634/979 633/978 788/1217
f 636/982 634/981 787/1215
f 634/981 635/980 598/909
f 638/985 636/984 786/1210
f 638/1212 780/1211 639/986
f 636/982 637/983 635/980
f 781/1197 637/983 639/988
f 781/1197 677/1039 637/983
f 635/980 637/983 677/1039
f 635/980 677/1039 678/1040
f 598/909 635/980 678/1040
f 598/909 678/1040 597/908
f 597/908 678/1040 680/1042
f 678/1040 676/1038 680/1042
f 2648/4611 2649/4612 2650/4613
f 2651/4614 2648/4611 2650/4613
f 2649/4612 2652/4615 2650/4613
f 2653/4616 2651/4614 2650/4613
f 2648/4611 2651/4614 2654/4617
f 2655/4618 2654/4617 2651/4614
f 2654/4617 2655/4618 2656/4619
f 2655/4618 2657/4620 2656/4619
f 2658/4621 2654/4617 2656/4619
f 2659/4622 2656/4619 2657/4620
f 2657/4620 2655/4618 2660/4623
f 2660/4624 2661/4625 2662/4626
f 2661/4625 2663/4627 2662/4626
f 2663/4627 2661/4625 2664/4628
f 2664/4629 2653/4630 2665/4631
f 2653/4630 2666/4632 2665/4631
f 2667/4633 2664/4629 2665/4631
f 2668/4634 2665/4631 2666/4632
f 2652/4635 2669/4636 2666/4637
f 2652/4635 2670/4638 2669/4636
f 2670/4638 2671/4639 2669/4636
f 2669/4640 2672/4641 2668/4642
f 2672/4643 2671/4644 2673/4645
f 2671/4644 2674/4646 2673/4645
f 2674/4647 2675/4648 2676/4649
f 2677/4650 2676/4649 2675/4648
f 2675/4648 2678/4651 2677/4650
f 2678/4651 2679/4652 2677/4650
f 2676/4649 2677/4650 2680/4653
f 2680/4654 2679/4655 2681/4656
f 2681/4656 2679/4655 2682/4657
f 2682/4658 2683/4659 2684/4660
f 2685/4661 2684/4660 2683/4659
f 2683/4659 2682/4658 2686/4662
f 2687/4663 2686/4662 2682/4658
f 2682/4657 2688/4664 2681/4656
f 2684/4665 2689/4666 2688/4667
f 2684/4665 2690/4668 2689/4666
f 2690/4668 2691/4669 2689/4666
f 2692/4670 2683/4659 2686/4662
f 2693/4671 2686/4662 2687/4663
f 2694/4672 2687/4673 2678/4674
f 2678/4651 2675/4648 2695/4675
f 2696/4676 2695/4675 2675/4648
f 2695/4675 2696/4676 2697/4677
f 2696/4676 2698/4678 2697/4677
f 2699/4679 2697/4677 2698/4678
f 2699/4679 2698/4678 2700/4680
f 2701/4681 2702/4682 2700/4683
f 2703/4684 2700/4683 2702/4682
f 2703/4684 2702/4682 2704/4685
f 2704/4685 2705/4686 2703/4684
f 2703/4687 2706/4688 2707/4689
f 2694/4690 2706/4691 2708/4692
f 2709/4693 2694/4690 2708/4692
f 2710/4694 2709/4693 2708/4692
f 2711/4695 2693/4696 2709/4697
f 2712/4698 2711/4695 2709/4697
f 2711/4699 2713/4700 2692/4701
f 2714/4702 2715/4703 2713/4704
f 2715/4703 2714/4702 2716/4705
f 2717/4706 2716/4705 2714/4702
f 2718/4707 2714/4708 2711/4709
f 2716/4705 2717/4706 2719/4710
f 2710/4711 2706/4712 2720/4713
f 2702/4682 2721/4714 2704/4685
f 2701/4715 2722/4716 2721/4717
f 2648/4718 2723/4719 2722/4720
f 2721/4717 2702/4682 2701/4715
f 2722/4720 2701/4715 2648/4718
f 2714/4708 2718/4707 2717/4706
f 2711/4709 2712/4698 2718/4707
f 2713/4704 2711/4699 2714/4702
f 2709/4693 2710/4694 2712/4698
f 2706/4712 2710/4711 2708/4692
f 2693/4696 2711/4695 2692/4701
f 2686/4662 2693/4671 2692/4670
f 2683/4659 2692/4670 2713/4700
f 2694/4690 2709/4693 2693/4696
f 2713/4700 2685/4661 2683/4659
f 2685/4661 2713/4700 2715/4703
f 2684/4660 2685/4661 2690/4668
f 2682/4658 2684/4660 2688/4664
f 2687/4673 2694/4672 2693/4671
f 2687/4663 2682/4658 2679/4655
f 2679/4655 2678/4651 2687/4663
f 2677/4650 2679/4652 2680/4653
f 2694/4672 2678/4674 2695/4675
f 2695/4675 2707/4721 2694/4672
f 2706/4691 2694/4690 2707/4689
f 2707/4721 2695/4675 2697/4677
f 2707/4721 2697/4677 2699/4679
f 2707/4689 2699/4679 2703/4687
f 2703/4687 2720/4713 2706/4688
f 2720/4713 2703/4687 2705/4686
f 2700/4680 2703/4684 2699/4679
f 2700/4683 2649/4722 2701/4681
f 2649/4612 2648/4611 2701/4681
f 2723/4719 2648/4718 2654/4617
f 2654/4617 2658/4621 2723/4719
f 2656/4619 2659/4622 2658/4621
f 2700/4683 2670/4723 2649/4722
f 2652/4615 2649/4612 2670/4638
f 2700/4683 2698/4678 2670/4723
f 2671/4639 2670/4638 2698/4678
f 2698/4678 2696/4676 2671/4639
f 2674/4646 2671/4644 2696/4676
f 2675/4648 2674/4647 2696/4676
f 2671/4644 2672/4643 2669/4636
f 2669/4640 2668/4642 2666/4637
f 2665/4631 2668/4634 2667/4633
f 2664/4629 2667/4633 2724/4724
f 2664/4629 2724/4724 2725/4725
f 2663/4627 2664/4628 2725/4725
f 2653/4630 2652/4635 2666/4632
f 2653/4630 2650/4613 2652/4635
f 2653/4630 2664/4629 2661/4625
f 2655/4726 2653/4630 2661/4625
f 2653/4616 2655/4726 2651/4614
f 2661/4625 2660/4624 2655/4726
f 2726/4727 2727/4728 2728/4729
f 2726/4727 2728/4729 2729/4730
f 2730/4731 2726/4727 2729/4730
f 2730/4731 2729/4730 2731/4732
f 2732/4733 2730/4731 2731/4732
f 2732/4733 2731/4732 2733/4734
f 2734/4735 2732/4733 2733/4734
f 2734/4735 2733/4734 2735/4736
f 2735/4736 2736/4737 2734/4735
f 2737/4738 2734/4735 2736/4737
f 2736/4737 2735/4736 2738/4739
f 2738/4739 2739/4740 2736/4737
f 2740/4741 2736/4737 2739/4740
f 2741/4742 2742/4743 2739/4744
f 2739/4740 2743/4745 2740/4741
f 2740/4741 2743/4745 2744/4746
f 2740/4741 2744/4746 2745/4747
f 2737/4748 2745/4749 2746/4750
f 2746/4750 2747/4751 2737/4748
f 2747/4751 2746/4750 2748/4752
f 2748/4752 2749/4753 2747/4751
f 2749/4754 2750/4755 2751/4756
f 2750/4755 2752/4757 2751/4756
f 2753/4758 2752/4759 2754/4760
f 2753/4758 2754/4760 2755/4761
f 2755/4762 2756/4763 2757/4764
f 2758/4765 2757/4764 2756/4763
f 2756/4763 2759/4766 2758/4765
f 2760/4767 2758/4765 2759/4766
f 2759/4766 2761/4768 2760/4767
f 2762/4769 2758/4765 2760/4767
f 2763/4770 2760/4767 2761/4768
f 2761/4771 2764/4772 2765/4773
f 2766/4774 2765/4775 2767/4776
f 2768/4777 2767/4778 2769/4779
f 2770/4780 2769/4781 2771/4782
f 2772/4783 2771/4784 2773/4785
f 2774/4786 2773/4787 2775/4788
f 2775/4788 2776/4789 2774/4786
f 2772/4790 2774/4791 2777/4792
f 2777/4792 2778/4793 2772/4790
f 2779/4794 2778/4793 2777/4792
f 2780/4795 2777/4792 2774/4791
f 2777/4792 2781/4796 2779/4794
f 2782/4797 2783/4798 2779/4799
f 2784/4800 2782/4797 2779/4799
f 2782/4797 2785/4801 2783/4798
f 2785/4801 2786/4802 2783/4798
f 2787/4803 2783/4798 2786/4802
f 2788/4804 2786/4805 2789/4806
f 2790/4807 2791/4808 2789/4809
f 2791/4810 2792/4811 2788/4812
f 2793/4813 2794/4814 2788/4815
f 2794/4814 2793/4813 2795/4816
f 2795/4817 2796/4818 2762/4819
f 2796/4818 2797/4820 2762/4819
f 2798/4821 2799/4822 2797/4823
f 2799/4822 2798/4821 2800/4824
f 2801/4825 2802/4826 2800/4827
f 2802/4828 2803/4829 2728/4830
f 2803/4831 2804/4832 2729/4833
f 2804/4834 2805/4835 2731/4836
f 2805/4837 2806/4838 2733/4839
f 2806/4840 2807/4841 2735/4842
f 2807/4843 2808/4844 2738/4845
f 2808/4846 2809/4847 2741/4848
f 2742/4743 2741/4742 2810/4849
f 2742/4850 2811/4851 2743/4852
f 2811/4853 2812/4854 2813/4855
f 2811/4853 2813/4855 2814/4856
f 2815/4857 2801/4858 2798/4859
f 2816/4860 2815/4861 2796/4862
f 2811/4853 2742/4850 2812/4854
f 2798/4859 2796/4862 2815/4857
f 2743/4852 2739/4740 2742/4850
f 2810/4849 2741/4742 2809/4847
f 2739/4744 2738/4739 2741/4742
f 2741/4848 2738/4739 2808/4846
f 2738/4845 2735/4736 2807/4843
f 2735/4842 2733/4734 2806/4840
f 2733/4839 2731/4732 2805/4837
f 2731/4836 2729/4730 2804/4834
f 2729/4833 2728/4729 2803/4831
f 2728/4830 2800/4827 2802/4828
f 2800/4824 2798/4821 2801/4825
f 2727/4728 2800/4827 2728/4729
f 2800/4824 2727/4728 2799/4822
f 2797/4823 2796/4818 2798/4821
f 2753/4863 2799/4822 2727/4728
f 2757/4864 2797/4823 2799/4822
f 2799/4822 2753/4863 2757/4864
f 2797/4823 2757/4864 2758/4765
f 2758/4765 2762/4769 2797/4823
f 2757/4864 2753/4863 2755/4762
f 2817/4865 2818/4866 2755/4867
f 2819/4868 2817/4869 2754/4870
f 2820/4871 2819/4872 2750/4873
f 2750/4755 2749/4754 2821/4874
f 2822/4875 2820/4876 2821/4877
f 2823/4878 2822/4879 2748/4880
f 2824/4881 2823/4882 2746/4883
f 2825/4884 2824/4885 2745/4886
f 2745/4886 2826/4887 2825/4884
f 2746/4883 2745/4749 2824/4881
f 2748/4880 2746/4750 2823/4878
f 2826/4887 2745/4886 2744/4746
f 2821/4877 2748/4880 2822/4875
f 2750/4755 2821/4874 2820/4871
f 2749/4754 2748/4752 2821/4874
f 2754/4870 2750/4873 2819/4868
f 2755/4867 2754/4760 2817/4865
f 2752/4759 2750/4755 2754/4760
f 2756/4763 2755/4762 2818/4866
f 2764/4888 2756/4763 2818/4866
f 2756/4763 2764/4888 2759/4766
f 2764/4888 2761/4771 2759/4766
f 2727/4728 2752/4759 2753/4863
f 2752/4759 2727/4728 2726/4727
f 2726/4727 2751/4756 2752/4759
f 2751/4756 2726/4727 2730/4731
f 2730/4731 2749/4754 2751/4756
f 2749/4754 2730/4731 2732/4733
f 2732/4733 2747/4751 2749/4754
f 2747/4751 2732/4733 2734/4735
f 2734/4735 2737/4738 2747/4751
f 2737/4748 2740/4741 2745/4749
f 2736/4737 2740/4741 2737/4738
f 2765/4773 2766/4774 2761/4771
f 2766/4889 2768/4890 2827/4891
f 2761/4768 2766/4774 2763/4770
f 2767/4778 2768/4777 2766/4774
f 2827/4891 2763/4770 2766/4889
f 2769/4779 2770/4780 2768/4777
f 2794/4892 2763/4770 2827/4891
f 2768/4777 2770/4780 2787/4893
f 2787/4893 2827/4891 2768/4777
f 2763/4770 2794/4892 2795/4816
f 2795/4816 2760/4767 2763/4770
f 2760/4767 2795/4816 2762/4769
f 2827/4891 2786/4894 2794/4892
f 2786/4802 2827/4891 2787/4803
f 2786/4894 2788/4804 2794/4892
f 2789/4806 2791/4808 2788/4804
f 2786/4802 2785/4801 2789/4806
f 2782/4797 2828/4895 2785/4801
f 2828/4895 2782/4797 2829/4896
f 2829/4897 2784/4898 2830/4899
f 2830/4900 2831/4901 2832/4902
f 2832/4903 2833/4904 2834/4905
f 2834/4906 2835/4907 2836/4908
f 2836/4909 2837/4910 2838/4911
f 2837/4910 2839/4912 2838/4911
f 2839/4912 2837/4910 2840/4913
f 2841/4914 2840/4915 2842/4916
f 2842/4916 2843/4917 2841/4914
f 2844/4918 2841/4914 2843/4917
f 2843/4917 2845/4919 2844/4918
f 2846/4920 2844/4918 2845/4919
f 2845/4919 2847/4921 2846/4920
f 2848/4922 2846/4920 2847/4921
f 2847/4921 2849/4923 2848/4922
f 2850/4924 2848/4922 2849/4923
f 2849/4923 2851/4925 2850/4924
f 2852/4926 2850/4924 2851/4925
f 2851/4925 2853/4927 2852/4926
f 2854/4928 2852/4926 2853/4927
f 2853/4927 2855/4929 2854/4928
f 2856/4930 2854/4928 2855/4929
f 2857/4931 2855/4929 2853/4927
f 2858/4932 2853/4927 2851/4925
f 2859/4933 2851/4925 2849/4923
f 2860/4934 2849/4923 2847/4921
f 2861/4935 2847/4921 2845/4919
f 2862/4936 2845/4919 2843/4917
f 2863/4937 2843/4917 2842/4916
f 2864/4938 2842/4916 2840/4915
f 2840/4913 2865/4939 2839/4912
f 2841/4940 2866/4941 2865/4942
f 2844/4943 2867/4944 2866/4945
f 2846/4946 2868/4947 2867/4948
f 2848/4949 2869/4950 2868/4951
f 2850/4952 2870/4953 2869/4954
f 2852/4955 2871/4956 2870/4957
f 2854/4958 2872/4959 2871/4960
f 2872/4959 2854/4958 2873/4961
f 2874/4962 2873/4963 2856/4964
f 2875/4965 2856/4930 2855/4929
f 2876/4966 2874/4962 2856/4964
f 2877/4967 2878/4968 2874/4969
f 2879/4970 2877/4967 2874/4969
f 2878/4968 2877/4967 2880/4971
f 2881/4972 2880/4971 2877/4967
f 2882/4973 2881/4972 2877/4967
f 2883/4974 2884/4975 2881/4976
f 2885/4977 2883/4974 2881/4976
f 2884/4975 2883/4974 2886/4978
f 2886/4979 2887/4980 2888/4981
f 2888/4982 2889/4983 2890/4984
f 2890/4985 2891/4986 2892/4987
f 2892/4988 2893/4989 2894/4990
f 2894/4991 2895/4992 2896/4993
f 2896/4994 2897/4995 2898/4996
f 2899/4997 2898/4996 2897/4995
f 2897/4995 2900/4998 2899/4997
f 2901/4999 2899/4997 2900/4998
f 2900/4998 2902/5000 2901/4999
f 2903/5001 2901/4999 2902/5000
f 2902/5000 2904/5002 2903/5001
f 2904/5002 2905/5003 2903/5001
f 2906/5004 2901/4999 2903/5001
f 2907/5005 2903/5001 2905/5003
f 2904/5002 2908/5006 2905/5003
f 2908/5006 2909/5007 2905/5003
f 2910/5008 2905/5003 2909/5007
f 2911/5009 2909/5010 2912/5011
f 2911/5009 2912/5011 2913/5012
f 2914/5013 2911/5009 2913/5012
f 2913/5012 2915/5014 2914/5013
f 2914/5015 2916/5016 2917/5017
f 2917/5018 2918/5019 2919/5020
f 2920/5021 2919/5020 2918/5019
f 2918/5019 2921/5022 2920/5021
f 2922/5023 2920/5021 2921/5022
f 2921/5022 2923/5024 2922/5023
f 2924/5025 2922/5023 2923/5024
f 2923/5024 2925/5026 2924/5025
f 2926/5027 2924/5025 2925/5026
f 2926/5027 2925/5026 2927/5028
f 2928/5029 2926/5027 2927/5028
f 2929/5030 2927/5028 2925/5026
f 2930/5031 2925/5026 2923/5024
f 2931/5032 2923/5024 2921/5022
f 2932/5033 2921/5022 2918/5019
f 2933/5034 2918/5035 2916/5036
f 2934/5037 2916/5038 2915/5039
f 2935/5040 2915/5014 2913/5012
f 2936/5041 2913/5012 2912/5011
f 2937/5042 2912/5043 2908/5044
f 2938/5045 2939/5046 2937/5047
f 2939/5046 2938/5045 2940/5048
f 2940/5049 2941/5050 2942/5051
f 2942/5052 2943/5053 2944/5054
f 2944/5055 2945/5056 2946/5057
f 2946/5058 2947/5059 2948/5060
f 2949/5061 2948/5060 2947/5059
f 2948/5060 2949/5061 2950/5062
f 2951/5063 2950/5062 2949/5061
f 2950/5062 2951/5063 2952/5064
f 2953/5065 2952/5064 2951/5063
f 2952/5064 2953/5065 2954/5066
f 2953/5065 2955/5067 2954/5066
f 2956/5068 2952/5064 2954/5066
f 2954/5066 2957/5069 2956/5068
f 2952/5064 2956/5068 2958/5070
f 2950/5071 2958/5072 2959/5073
f 2948/5074 2959/5075 2960/5076
f 2946/5077 2960/5078 2961/5079
f 2962/5080 2946/5077 2961/5079
f 2962/5081 2963/5082 2944/5083
f 2963/5084 2964/5085 2942/5086
f 2964/5087 2965/5088 2940/5089
f 2939/5090 2965/5091 2966/5092
f 2966/5093 2967/5094 2968/5095
f 2935/5096 2968/5097 2969/5098
f 2934/5099 2969/5100 2970/5101
f 2970/5102 2971/5103 2933/5104
f 2971/5105 2972/5106 2932/5107
f 2972/5108 2973/5109 2931/5110
f 2973/5111 2974/5112 2930/5113
f 2974/5114 2975/5115 2929/5116
f 2929/5117 2976/5118 2977/5119
f 2978/5120 2977/5119 2976/5118
f 2978/5120 2976/5118 2979/5121
f 2979/5121 2976/5118 2980/5122
f 2981/5123 2980/5122 2976/5118
f 2982/5124 2981/5125 2975/5126
f 2983/5127 2982/5128 2974/5129
f 2974/5129 2984/5130 2983/5127
f 2973/5131 2985/5132 2984/5133
f 2972/5134 2986/5135 2985/5136
f 2971/5137 2987/5138 2986/5139
f 2985/5132 2973/5131 2972/5134
f 2986/5139 2972/5134 2971/5137
f 2984/5130 2974/5129 2973/5131
f 2975/5115 2974/5114 2982/5124
f 2976/5118 2975/5126 2981/5123
f 2976/5118 2929/5117 2975/5126
f 2929/5116 2930/5113 2974/5114
f 2925/5026 2930/5031 2929/5030
f 2930/5113 2931/5110 2973/5111
f 2923/5024 2931/5032 2930/5031
f 2931/5110 2932/5107 2972/5108
f 2921/5022 2932/5033 2931/5032
f 2927/5028 2929/5030 2977/5119
f 2977/5119 2928/5029 2927/5028
f 2926/5027 2928/5029 2988/5140
f 2989/5141 2926/5027 2988/5140
f 2990/5142 2924/5025 2926/5027
f 2991/5143 2924/5144 2992/5145
f 2993/5146 2922/5147 2991/5148
f 2994/5149 2920/5150 2993/5151
f 2995/5152 2919/5153 2994/5154
f 2996/5155 2917/5156 2995/5157
f 2997/5158 2914/5159 2996/5160
f 2917/5156 2919/5020 2995/5157
f 2919/5153 2920/5021 2994/5154
f 2920/5150 2922/5023 2993/5151
f 2924/5144 2991/5143 2922/5023
f 2924/5144 2990/5142 2992/5145
f 2926/5027 2989/5141 2990/5142
f 2928/5029 2977/5119 2978/5120
f 2914/5159 2917/5017 2996/5160
f 2918/5019 2917/5018 2916/5036
f 2916/5016 2914/5015 2915/5039
f 2914/5159 2997/5158 2911/5009
f 2910/5161 2911/5009 2997/5158
f 2911/5009 2910/5161 2909/5010
f 2905/5003 2910/5008 2907/5005
f 2903/5001 2907/5005 2906/5004
f 2901/4999 2906/5004 2998/5162
f 2899/5163 2998/5164 2999/5165
f 2898/5166 2999/5167 3000/5168
f 2896/5169 3000/5170 3001/5171
f 2894/5172 3001/5173 3002/5174
f 2892/5175 3002/5176 3003/5177
f 2890/5178 3003/5179 3004/5180
f 3005/5181 2890/5178 3004/5180
f 3006/5182 2888/5183 3005/5184
f 3007/5185 2886/5186 3006/5187
f 3007/5188 3008/5189 2884/5190
f 3008/5191 3009/5192 2880/5193
f 2886/4978 3007/5185 2884/4975
f 2884/5190 3008/5189 2880/5193
f 2888/4981 3006/5182 2886/4979
f 2880/5193 2881/4972 2884/5190
f 2890/4984 3005/5181 2888/4982
f 3003/5179 2890/5178 2892/5175
f 3002/5174 2892/5175 2894/5172
f 3001/5173 2894/5172 2896/5169
f 3000/5170 2896/5169 2898/5166
f 2999/5165 2898/5166 2899/5163
f 2998/5162 2899/5163 2901/4999
f 2878/4968 2880/4971 3009/5192
f 3009/5192 2873/5194 2878/4968
f 2873/4961 3009/5192 2872/4959
f 2873/5194 2874/4962 2878/4968
f 2854/4928 2856/4930 2873/4961
f 2871/4956 2852/4955 2854/4958
f 2870/4957 2850/4952 2852/4955
f 2869/4950 2848/4949 2850/4952
f 2868/4947 2846/4946 2848/4949
f 2867/4948 2844/4943 2846/4946
f 2866/4941 2841/4940 2844/4943
f 2865/4942 2840/4913 2841/4940
f 2840/4913 2837/4910 2864/4938
f 3010/5195 2864/4938 2837/4910
f 3010/5195 3011/5196 2864/4938
f 3012/5197 2864/4938 3011/5196
f 3013/5198 3011/5199 3014/5200
f 3014/5201 3015/5202 3016/5203
f 3016/5204 3017/5205 3018/5206
f 3018/5207 3019/5208 3020/5209
f 3021/5210 3020/5211 3022/5212
f 3022/5213 2776/5214 3023/5215
f 3024/5216 3018/5217 3021/5218
f 3025/5219 3016/5220 3024/5221
f 3026/5222 3014/5223 3025/5224
f 3027/5225 3013/5226 3026/5227
f 3028/5228 3012/5229 3013/5230
f 3029/5231 2863/5232 3028/5233
f 3029/5231 3028/5233 3030/5234
f 3031/5235 3029/5231 3030/5234
f 3032/5236 2862/5237 3029/5238
f 3033/5239 2861/5240 3032/5241
f 3033/5239 3032/5241 3034/5242
f 3035/5243 3033/5239 3034/5242
f 3036/5244 2860/5245 3033/5246
f 3037/5247 2859/5248 3036/5249
f 3038/5250 2858/5251 3037/5252
f 3039/5253 3038/5250 3037/5252
f 3040/5254 2857/5255 3038/5256
f 3041/5257 3040/5254 3038/5256
f 3040/5258 3042/5259 2876/5260
f 2879/5261 3042/5262 3043/5263
f 2882/5264 3043/5265 3044/5266
f 2885/5267 3044/5268 3045/5269
f 3045/5269 3046/5270 2885/5267
f 3047/5271 2955/5272 3045/5273
f 3045/5273 3048/5274 3047/5271
f 3044/5275 3049/5276 3048/5277
f 3043/5278 3050/5279 3049/5280
f 3042/5281 3051/5282 3050/5283
f 3049/5276 3044/5275 3043/5278
f 3050/5279 3043/5278 3042/5281
f 3048/5277 3045/5273 3044/5275
f 3044/5266 2885/5267 2882/5264
f 3043/5263 2882/5264 2879/5261
f 2885/5267 2881/4976 2882/5264
f 2882/4973 2877/4967 2879/5261
f 3042/5262 2879/5261 2876/5260
f 2879/4970 2874/4969 2876/5260
f 3051/5282 3042/5281 3040/5258
f 3040/5254 3041/5257 3051/5282
f 3038/5250 3039/5253 3041/5257
f 3040/5258 2876/5260 2875/5284
f 2876/5260 2856/4964 2875/5284
f 2857/5255 3040/5254 2875/5284
f 2875/5284 2855/4929 2857/5255
f 2858/5251 3038/5250 2857/5255
f 2857/5255 2853/4927 2858/5251
f 2858/4932 2851/4925 2859/4933
f 2859/4933 3037/5247 2858/4932
f 3037/5252 3035/5285 3039/5253
f 3035/5285 3037/5252 3036/5249
f 3036/5244 3033/5246 3035/5285
f 2860/5245 3036/5244 2859/5248
f 2859/5248 2849/4923 2860/5245
f 2861/5240 3033/5239 2860/5245
f 2860/4934 2847/4921 2861/5240
f 2861/4935 2845/4919 2862/4936
f 2862/4936 3032/5236 2861/4935
f 3034/5242 3032/5241 3031/5286
f 3032/5241 3029/5238 3031/5286
f 2863/5232 3029/5231 2862/5237
f 2862/4936 2843/4917 2863/5232
f 2863/4937 2842/4916 3012/5287
f 2864/4938 3012/5197 2842/4916
f 3012/5229 3028/5228 2863/4937
f 3030/5234 3028/5233 3027/5288
f 3028/5228 3013/5230 3027/5288
f 3011/5196 3013/5198 3012/5197
f 3013/5226 3014/5200 3026/5227
f 3015/5202 3014/5201 3011/5199
f 3016/5203 3025/5219 3014/5201
f 3011/5196 3010/5195 3015/5202
f 3052/5289 3010/5290 2835/5291
f 3053/5292 3052/5293 2833/5294
f 2835/4907 2834/4906 2833/4904
f 2835/4907 2833/4904 3052/5289
f 2837/4910 2835/5291 3010/5195
f 2837/4910 2836/4909 2835/5291
f 3010/5195 3017/5295 3015/5202
f 3017/5295 3010/5195 3052/5289
f 3017/5295 3016/5204 3015/5202
f 3018/5206 3024/5216 3016/5204
f 3052/5289 3019/5296 3017/5295
f 3019/5296 3018/5207 3017/5295
f 3019/5296 3052/5289 3053/5292
f 3020/5209 3021/5210 3018/5207
f 3053/5292 2780/5297 3019/5296
f 2780/5297 3020/5209 3019/5296
f 2776/5214 3022/5213 3020/5211
f 3020/5209 2780/5297 2776/5214
f 2776/4789 2775/4788 3023/5215
f 2774/4786 2776/4789 2780/4795
f 2773/4785 2774/4786 2772/4783
f 2771/4784 2772/4783 2770/4780
f 2770/4780 2772/4783 2778/4793
f 2778/4793 2787/4893 2770/4780
f 2783/4798 2787/4803 2778/4793
f 2778/4793 2779/4794 2783/4798
f 2781/4796 2777/4792 2780/4795
f 2780/4795 3053/5292 2781/4796
f 2784/4800 2779/4799 2781/4796
f 2784/4800 2829/4897 2782/4797
f 2831/5298 2781/4796 3053/5292
f 2831/5298 2784/4800 2781/4796
f 2831/5298 2830/4900 2784/4800
f 2833/5294 2831/5298 3053/5292
f 2833/5294 2832/4903 2831/5298
f 2891/4986 2890/4985 2889/4983
f 2893/4989 2892/4988 2891/4986
f 2951/5299 2891/4986 2889/4983
f 2891/4986 2951/5299 2949/5061
f 2949/5061 2893/4989 2891/4986
f 2889/4983 2953/5065 2951/5299
f 2949/5061 2895/5300 2893/4989
f 2895/5300 2894/4991 2893/4989
f 2895/5300 2949/5061 2947/5059
f 2889/4983 2888/4982 2887/4980
f 2953/5065 2889/4983 2887/4980
f 2947/5059 2897/5301 2895/5300
f 2897/5301 2896/4994 2895/5300
f 2897/5301 2947/5059 2945/5302
f 2947/5059 2946/5058 2945/5302
f 2960/5078 2946/5077 2948/5074
f 2959/5073 2948/5074 2950/5071
f 2958/5070 2950/5071 2952/5064
f 2946/5077 2962/5080 2944/5055
f 2944/5083 2963/5082 2942/5052
f 2945/5056 2944/5055 2943/5053
f 2897/5301 2945/5302 2943/5053
f 2897/5301 2943/5053 2900/4998
f 2940/5049 2942/5051 2964/5087
f 2943/5053 2942/5052 2941/5050
f 2900/4998 2943/5053 2941/5050
f 2900/4998 2941/5050 2902/5000
f 2941/5050 2940/5049 2938/5045
f 2938/5045 2902/5000 2941/5050
f 2902/5000 2938/5045 2904/5002
f 2939/5046 2940/5048 2965/5091
f 2937/5047 2904/5002 2938/5045
f 2904/5002 2937/5047 2908/5006
f 2908/5044 2912/5043 2909/5007
f 2912/5011 2937/5042 2936/5041
f 2939/5046 2936/5041 2937/5047
f 2968/5095 2939/5090 2966/5093
f 2936/5041 2939/5046 2968/5095
f 2968/5097 2935/5096 2936/5041
f 2913/5012 2936/5041 2935/5040
f 2969/5098 2968/5097 2967/5094
f 2934/5099 2935/5096 2969/5100
f 2915/5014 2935/5040 2934/5037
f 2967/5094 2970/5101 2969/5098
f 2970/5101 2967/5094 2987/5303
f 2987/5303 2971/5137 2970/5101
f 2933/5104 2934/5099 2970/5102
f 2916/5038 2934/5037 2933/5034
f 2932/5107 2933/5104 2971/5105
f 2918/5019 2933/5034 2932/5033
f 2887/4980 2886/4979 2883/4974
f 3046/5304 2887/4980 2883/4974
f 2883/4974 2885/4977 3046/5304
f 2887/4980 3046/5304 2953/5065
f 2955/5067 2953/5065 3046/5304
f 3046/5304 3045/5269 2955/5067
f 2957/5069 2954/5066 2955/5067
f 2955/5272 3047/5271 2957/5069
f 2793/4813 2788/4815 2792/4811
f 2792/4811 2816/5305 2793/4813
f 2796/4862 2793/4813 2816/4860
f 2796/4862 2795/4817 2793/4813
f 3054/5306 3055/5307 3056/5308
f 3056/5308 3057/5309 3054/5306
f 3055/5307 3054/5306 3058/5310
f 3058/5310 3059/5311 3055/5307
f 3060/5312 3061/5313 3059/5314
f 3062/5315 3063/5316 3061/5317
f 3064/5318 3065/5319 3063/5320
f 3066/5321 3067/5322 3065/5323
f 3068/5324 3069/5325 3067/5326
f 3070/5327 3071/5328 3069/5329
f 3071/5330 3072/5331 3073/5332
f 3072/5331 3074/5333 3073/5332
f 3074/5333 3072/5331 3075/5334
f 3076/5335 3075/5336 3077/5337
f 3078/5338 3077/5339 3079/5340
f 3080/5341 3079/5342 3081/5343
f 3082/5344 3081/5345 3083/5346
f 3084/5347 3082/5344 3083/5346
f 3084/5347 3085/5348 3082/5344
f 3085/5349 3086/5350 3087/5351
f 3086/5350 3088/5352 3087/5351
f 3088/5352 3086/5350 3089/5353
f 3090/5354 3089/5355 3091/5356
f 3092/5357 3091/5358 3093/5359
f 3094/5360 3093/5361 3095/5362
f 3095/5362 3096/5363 3094/5360
f 3096/5363 3095/5362 3097/5364
f 3097/5364 3098/5365 3096/5363
f 3098/5365 3097/5364 3099/5366
f 3099/5366 3100/5367 3098/5365
f 3100/5367 3099/5366 3101/5368
f 3101/5368 3102/5369 3100/5367
f 3102/5369 3101/5368 3103/5370
f 3103/5370 3104/5371 3102/5369
f 3104/5371 3103/5370 3105/5372
f 3105/5372 3106/5373 3104/5371
f 3106/5373 3105/5372 3107/5374
f 3107/5374 3108/5375 3106/5373
f 3108/5375 3107/5374 3109/5376
f 3109/5376 3110/5377 3108/5375
f 3110/5377 3109/5376 3111/5378
f 3111/5378 3112/5379 3110/5377
f 3112/5379 3111/5378 3113/5380
f 3113/5380 3114/5381 3112/5379
f 3114/5381 3113/5380 3115/5382
f 3115/5382 3116/5383 3114/5381
f 3116/5383 3115/5382 3117/5384
f 3117/5384 3118/5385 3116/5383
f 3118/5385 3117/5384 3119/5386
f 3119/5386 3120/5387 3118/5385
f 3120/5387 3119/5386 3121/5388
f 3122/5389 3120/5387 3121/5388
f 3120/5387 3122/5389 3123/5390
f 3124/5391 3123/5390 3122/5389
f 3123/5390 3124/5391 3125/5392
f 3126/5393 3125/5392 3124/5391
f 3126/5393 3127/5394 3125/5392
f 3128/5395 3127/5394 3126/5393
f 3128/5395 3129/5396 3127/5394
f 3130/5397 3129/5396 3128/5395
f 3130/5397 3131/5398 3129/5396
f 3132/5399 3131/5398 3130/5397
f 3132/5399 3133/5400 3131/5398
f 3134/5401 3133/5400 3132/5399
f 3133/5400 3134/5401 3135/5402
f 3136/5403 3135/5402 3134/5401
f 3135/5402 3136/5403 3137/5404
f 3138/5405 3137/5404 3136/5403
f 3137/5404 3138/5405 3139/5406
f 3140/5407 3139/5406 3138/5405
f 3139/5406 3140/5407 3141/5408
f 3142/5409 3141/5408 3140/5407
f 3141/5408 3142/5409 3143/5410
f 3144/5411 3143/5410 3142/5409
f 3143/5410 3144/5411 3145/5412
f 3146/5413 3145/5412 3144/5411
f 3146/5413 3147/5414 3145/5412
f 3148/5415 3147/5414 3146/5413
f 3148/5415 3149/5416 3147/5414
f 3150/5417 3149/5416 3148/5415
f 3150/5417 3151/5418 3149/5416
f 3152/5419 3151/5418 3150/5417
f 3152/5419 3153/5420 3151/5418
f 3154/5421 3153/5420 3152/5419
f 3154/5421 3155/5422 3153/5420
f 3156/5423 3155/5422 3154/5421
f 3156/5423 3157/5424 3155/5422
f 3158/5425 3157/5424 3156/5423
f 3158/5425 3159/5426 3157/5424
f 3160/5427 3159/5426 3158/5425
f 3159/5426 3160/5427 3161/5428
f 3060/5312 3059/5314 3058/5310
f 3062/5315 3061/5317 3060/5312
f 3064/5318 3063/5320 3062/5315
f 3066/5321 3065/5323 3064/5318
f 3068/5324 3067/5326 3066/5321
f 3070/5327 3069/5329 3068/5324
f 3072/5331 3071/5330 3070/5327
f 3075/5336 3076/5335 3074/5333
f 3077/5337 3078/5338 3076/5335
f 3079/5340 3080/5341 3078/5338
f 3081/5345 3082/5344 3080/5341
f 3086/5350 3085/5349 3084/5347
f 3089/5355 3090/5354 3088/5352
f 3091/5356 3092/5357 3090/5354
f 3093/5359 3094/5360 3092/5357
f 2828/4895 2790/5429 2785/4801
f 2785/4801 2790/5429 2789/4806
f 3162/5430 3163/5431 3164/5432
f 3164/5433 3165/5434 3166/5435
f 3167/5436 3164/5433 3166/5435
f 3166/5437 3168/5438 3169/5439
f 3169/5440 3170/5441 3171/5442
f 3172/5443 3171/5442 3170/5441
f 3173/5444 3174/5445 3170/5446
f 3174/5445 3173/5444 3175/5447
f 3174/5445 3175/5447 3176/5448
f 3176/5449 3177/5450 3178/5451
f 3177/5450 3179/5452 3178/5451
f 3179/5452 3180/5453 3178/5451
f 3181/5454 3172/5455 3180/5456
f 3182/5457 3180/5458 3183/5459
f 3184/5460 3183/5461 3185/5462
f 3186/5463 3185/5464 3187/5465
f 3187/5465 3188/5466 3186/5463
f 3189/5467 3184/5468 3186/5469
f 3190/5470 3186/5463 3188/5466
f 3188/5466 3187/5465 3191/5471
f 3191/5471 3192/5472 3188/5466
f 3193/5473 3188/5466 3192/5472
f 3192/5472 3191/5471 3194/5474
f 3194/5474 3195/5475 3192/5472
f 3196/5476 3192/5472 3195/5475
f 3197/5477 3198/5478 3195/5479
f 3199/5480 3195/5479 3198/5478
f 3198/5478 3197/5477 3200/5481
f 3201/5482 3200/5483 3202/5484
f 3202/5484 3203/5485 3201/5482
f 3204/5486 3198/5487 3201/5488
f 3204/5489 3203/5490 3205/5491
f 3206/5492 3205/5493 3207/5494
f 3203/5495 3208/5496 3207/5497
f 3207/5498 3209/5499 3210/5500
f 3210/5501 3211/5502 3212/5503
f 3212/5504 3213/5505 3214/5506
f 3214/5507 3215/5508 3216/5509
f 3216/5510 3217/5511 3218/5512
f 3218/5513 3219/5514 3220/5515
f 3220/5516 3221/5517 3222/5518
f 3223/5519 3222/5518 3221/5517
f 3221/5517 3224/5520 3223/5519
f 3225/5521 3223/5519 3224/5520
f 3224/5520 3226/5522 3225/5521
f 3227/5523 3225/5521 3226/5522
f 3226/5522 3228/5524 3227/5523
f 3228/5524 3229/5525 3227/5523
f 3230/5526 3225/5521 3227/5523
f 3227/5523 3231/5527 3230/5526
f 3225/5521 3230/5526 3232/5528
f 3223/5529 3232/5530 3233/5531
f 3234/5532 3223/5529 3233/5531
f 3235/5533 3222/5534 3234/5535
f 3236/5536 3220/5537 3235/5538
f 3237/5539 3218/5540 3236/5541
f 3238/5542 3216/5543 3237/5544
f 3239/5545 3214/5546 3238/5547
f 3239/5548 3240/5549 3212/5550
f 3229/5551 3241/5552 3231/5553
f 3241/5552 3229/5551 3242/5554
f 3243/5555 3244/5556 3242/5557
f 3244/5556 3245/5558 3242/5557
f 3246/5559 3242/5557 3245/5558
f 3244/5556 3247/5560 3245/5558
f 3247/5560 3248/5561 3245/5558
f 3249/5562 3245/5558 3248/5561
f 3248/5561 3247/5560 3250/5563
f 3251/5564 3248/5561 3250/5563
f 3250/5563 3252/5565 3251/5564
f 3248/5561 3251/5564 3253/5566
f 3254/5567 3253/5566 3251/5564
f 3251/5564 3255/5568 3254/5567
f 3256/5569 3257/5570 3254/5571
f 3256/5569 3254/5571 3258/5572
f 3259/5573 3256/5569 3258/5572
f 3258/5572 3260/5574 3259/5573
f 3261/5575 3262/5576 3259/5577
f 3259/5573 3260/5574 3263/5578
f 3264/5579 3265/5580 3263/5581
f 3266/5582 3263/5581 3265/5580
f 3265/5580 3267/5583 3266/5582
f 3268/5584 3266/5582 3267/5583
f 3267/5583 3269/5585 3268/5584
f 3269/5585 3270/5586 3268/5584
f 3268/5587 3271/5588 3272/5589
f 3272/5590 3273/5591 3274/5592
f 3274/5593 3275/5594 3261/5595
f 3262/5596 3275/5597 3276/5598
f 3277/5599 3262/5596 3276/5598
f 3276/5598 3275/5597 3278/5600
f 3273/5601 3279/5602 3278/5603
f 3280/5604 3279/5605 3281/5606
f 3272/5607 3282/5608 3281/5609
f 3271/5610 3283/5611 3282/5612
f 3284/5613 3280/5614 3282/5615
f 3285/5616 3282/5612 3283/5611
f 3283/5611 3271/5610 3286/5617
f 3287/5618 3286/5619 3288/5620
f 3289/5621 3288/5622 3290/5623
f 3290/5623 3291/5624 3289/5621
f 3292/5625 3287/5626 3289/5627
f 3293/5628 3289/5621 3291/5624
f 3294/5629 3295/5630 3291/5631
f 3296/5632 3291/5631 3295/5630
f 3297/5633 3298/5634 3295/5635
f 3299/5636 3295/5635 3298/5634
f 3298/5634 3297/5633 3300/5637
f 3301/5638 3298/5634 3300/5637
f 3302/5639 3301/5638 3300/5637
f 3303/5640 3300/5637 3297/5633
f 3304/5641 3297/5642 3294/5643
f 3305/5644 3294/5645 3290/5646
f 3306/5647 3290/5623 3288/5622
f 3307/5648 3288/5620 3286/5619
f 3307/5649 3308/5650 3309/5651
f 3310/5652 3307/5649 3309/5651
f 3310/5652 3309/5651 3311/5653
f 3312/5654 3310/5652 3311/5653
f 3311/5653 3309/5651 3313/5655
f 3308/5656 3314/5657 3313/5658
f 3308/5656 3315/5659 3314/5657
f 3269/5660 3316/5661 3315/5662
f 3267/5663 3317/5664 3316/5665
f 3265/5666 3318/5667 3317/5668
f 3264/5669 3319/5670 3318/5671
f 3319/5670 3264/5669 3320/5672
f 3321/5673 3322/5674 3320/5675
f 3323/5676 3320/5675 3322/5674
f 3322/5677 3252/5678 3324/5679
f 3324/5680 3325/5681 3326/5682
f 3327/5683 3326/5682 3325/5681
f 3326/5682 3327/5683 3328/5684
f 3329/5685 3328/5684 3327/5683
f 3328/5684 3329/5685 3330/5686
f 3331/5687 3330/5686 3329/5685
f 3330/5686 3331/5687 3332/5688
f 3331/5687 3333/5689 3332/5688
f 3334/5690 3332/5691 3335/5692
f 3336/5693 3335/5694 3333/5695
f 3337/5696 3338/5697 3333/5698
f 3338/5697 3337/5696 3339/5699
f 3340/5700 3339/5701 3341/5702
f 3341/5702 3342/5703 3340/5700
f 3343/5704 3340/5705 3344/5706
f 3344/5707 3342/5708 3345/5709
f 3345/5710 3346/5711 3347/5712
f 3346/5711 3348/5713 3347/5712
f 3348/5713 3346/5711 3349/5714
f 3349/5715 3350/5716 3351/5717
f 3351/5718 3352/5719 3353/5720
f 3354/5721 3353/5720 3352/5719
f 3352/5719 3355/5722 3354/5721
f 3354/5723 3356/5724 3357/5725
f 3357/5726 3358/5727 3359/5728
f 3359/5729 3360/5730 3361/5731
f 3361/5732 3362/5733 3363/5734
f 3363/5735 3364/5736 3365/5737
f 3366/5738 3365/5737 3364/5736
f 3365/5737 3366/5738 3367/5739
f 3368/5740 3367/5739 3366/5738
f 3367/5739 3368/5740 3369/5741
f 3370/5742 3369/5741 3368/5740
f 3369/5741 3370/5742 3371/5743
f 3372/5744 3371/5743 3370/5742
f 3371/5743 3372/5744 3373/5745
f 3374/5746 3373/5745 3372/5744
f 3373/5745 3374/5746 3375/5747
f 3375/5748 3179/5749 3376/5750
f 3377/5751 3376/5752 3378/5753
f 3376/5752 3379/5754 3378/5753
f 3177/5755 3380/5756 3379/5757
f 3176/5758 3381/5759 3380/5760
f 3175/5761 3382/5762 3381/5763
f 3382/5762 3175/5761 3383/5764
f 3173/5765 3384/5766 3383/5767
f 3385/5768 3383/5769 3386/5770
f 3387/5771 3386/5772 3388/5773
f 3386/5772 3387/5771 3389/5774
f 3389/5775 3390/5776 3391/5777
f 3392/5778 3393/5779 3391/5780
f 3391/5781 3394/5782 3395/5783
f 3396/5784 3395/5783 3394/5782
f 3394/5782 3397/5785 3396/5784
f 3398/5786 3396/5784 3397/5785
f 3397/5785 3399/5787 3398/5786
f 3400/5788 3398/5786 3399/5787
f 3399/5787 3401/5789 3400/5788
f 3402/5790 3400/5788 3401/5789
f 3401/5789 3403/5791 3402/5790
f 3404/5792 3402/5790 3403/5791
f 3403/5791 3405/5793 3404/5792
f 3406/5794 3404/5792 3405/5793
f 3405/5793 3407/5795 3406/5794
f 3408/5796 3404/5792 3406/5794
f 3409/5797 3406/5794 3407/5795
f 3407/5798 3410/5799 3411/5800
f 3410/5799 3412/5801 3411/5800
f 3411/5802 3413/5803 3414/5804
f 3414/5805 3415/5806 3416/5807
f 3417/5808 3414/5805 3416/5807
f 3416/5807 3418/5809 3417/5808
f 3419/5810 3417/5811 3420/5812
f 3421/5813 3409/5814 3420/5815
f 3409/5814 3421/5813 3422/5816
f 3418/5809 3416/5807 3423/5817
f 3424/5818 3418/5809 3423/5817
f 3418/5809 3424/5818 3425/5819
f 3415/5820 3413/5821 3426/5822
f 3427/5823 3426/5822 3413/5821
f 3428/5824 3427/5825 3412/5826
f 3412/5801 3410/5799 3429/5827
f 3430/5828 3429/5827 3410/5799
f 3429/5827 3430/5828 3431/5829
f 3432/5830 3431/5829 3430/5828
f 3431/5829 3432/5830 3433/5831
f 3434/5832 3433/5831 3432/5830
f 3433/5831 3434/5832 3435/5833
f 3436/5834 3435/5833 3434/5832
f 3435/5833 3436/5834 3437/5835
f 3437/5836 3438/5837 3439/5838
f 3440/5839 3441/5840 3439/5841
f 3442/5842 3439/5843 3162/5844
f 3163/5431 3162/5430 3443/5845
f 3162/5844 3444/5846 3442/5842
f 3441/5847 3445/5848 3437/5849
f 3445/5850 3446/5851 3435/5852
f 3446/5853 3447/5854 3433/5855
f 3447/5856 3448/5857 3431/5858
f 3433/5831 3435/5833 3446/5853
f 3431/5829 3433/5831 3447/5856
f 3435/5833 3437/5835 3445/5850
f 3439/5843 3442/5842 3440/5839
f 3439/5841 3441/5840 3437/5836
f 3429/5827 3431/5829 3448/5857
f 3448/5857 3428/5859 3429/5827
f 3412/5826 3429/5827 3428/5824
f 3413/5821 3412/5826 3427/5823
f 3413/5821 3411/5802 3412/5826
f 3415/5820 3414/5805 3413/5821
f 3414/5804 3419/5860 3411/5802
f 3414/5805 3417/5808 3419/5860
f 3407/5798 3411/5800 3419/5860
f 3407/5795 3419/5860 3409/5797
f 3420/5815 3409/5814 3419/5810
f 3422/5816 3406/5794 3409/5814
f 3406/5794 3422/5816 3408/5796
f 3404/5792 3408/5796 3449/5861
f 3402/5862 3449/5863 3450/5864
f 3400/5865 3450/5866 3451/5867
f 3398/5868 3451/5869 3452/5870
f 3396/5871 3452/5872 3453/5873
f 3453/5874 3454/5875 3395/5876
f 3452/5870 3396/5871 3398/5868
f 3395/5876 3396/5784 3453/5874
f 3451/5867 3398/5868 3400/5865
f 3450/5864 3400/5865 3402/5862
f 3449/5863 3402/5862 3404/5792
f 3454/5875 3391/5781 3395/5876
f 3391/5781 3454/5875 3392/5778
f 3410/5799 3407/5798 3405/5793
f 3405/5793 3430/5828 3410/5799
f 3430/5828 3405/5793 3403/5791
f 3403/5791 3432/5830 3430/5828
f 3432/5830 3403/5791 3401/5789
f 3401/5789 3434/5832 3432/5830
f 3434/5832 3401/5789 3399/5787
f 3397/5785 3434/5832 3399/5787
f 3436/5834 3434/5832 3397/5785
f 3394/5782 3436/5834 3397/5785
f 3438/5837 3437/5836 3436/5834
f 3438/5837 3436/5834 3394/5782
f 3390/5877 3438/5837 3394/5782
f 3394/5782 3391/5781 3390/5877
f 3443/5878 3438/5837 3390/5877
f 3443/5878 3439/5838 3438/5837
f 3439/5838 3443/5878 3162/5844
f 3387/5879 3443/5878 3390/5877
f 3390/5877 3389/5775 3387/5879
f 3163/5431 3443/5845 3387/5879
f 3391/5777 3393/5779 3389/5775
f 3387/5771 3388/5773 3163/5431
f 3393/5779 3386/5772 3389/5775
f 3386/5772 3393/5779 3385/5768
f 3383/5769 3385/5768 3382/5762
f 3384/5766 3386/5770 3383/5767
f 3386/5772 3384/5766 3388/5773
f 3173/5444 3383/5767 3175/5447
f 3381/5763 3176/5758 3175/5761
f 3380/5756 3177/5755 3176/5758
f 3379/5754 3376/5752 3177/5755
f 3179/5452 3177/5450 3376/5750
f 3176/5448 3178/5451 3174/5445
f 3376/5750 3377/5751 3375/5748
f 3377/5751 3455/5880 3375/5748
f 3455/5881 3456/5882 3373/5883
f 3456/5884 3457/5885 3371/5886
f 3457/5887 3458/5888 3369/5889
f 3458/5890 3459/5891 3367/5892
f 3459/5893 3460/5894 3365/5895
f 3460/5896 3461/5897 3363/5898
f 3461/5899 3462/5900 3361/5901
f 3462/5902 3463/5903 3359/5904
f 3463/5905 3464/5906 3357/5907
f 3464/5908 3465/5909 3354/5910
f 3465/5911 3466/5912 3353/5913
f 3357/5907 3464/5906 3354/5723
f 3354/5910 3465/5909 3353/5720
f 3359/5904 3463/5903 3357/5726
f 3361/5901 3462/5900 3359/5729
f 3363/5898 3461/5897 3361/5732
f 3365/5895 3460/5894 3363/5735
f 3367/5892 3459/5891 3365/5737
f 3369/5889 3458/5888 3367/5739
f 3371/5886 3457/5885 3369/5741
f 3373/5883 3456/5882 3371/5743
f 3375/5748 3455/5880 3373/5745
f 3179/5749 3375/5748 3374/5746
f 3374/5746 3183/5914 3179/5749
f 3179/5452 3183/5914 3180/5453
f 3374/5746 3185/5462 3183/5914
f 3372/5744 3185/5462 3374/5746
f 3372/5744 3187/5465 3185/5462
f 3372/5744 3370/5742 3187/5465
f 3370/5742 3191/5471 3187/5465
f 3370/5742 3194/5474 3191/5471
f 3194/5474 3370/5742 3368/5740
f 3368/5740 3197/5915 3194/5474
f 3195/5479 3194/5474 3197/5477
f 3197/5915 3368/5740 3366/5738
f 3366/5738 3200/5481 3197/5915
f 3195/5475 3199/5480 3196/5476
f 3192/5472 3196/5476 3193/5473
f 3188/5466 3193/5473 3190/5470
f 3198/5478 3204/5486 3199/5480
f 3200/5481 3201/5482 3198/5478
f 3203/5485 3204/5489 3201/5482
f 3208/5496 3203/5495 3467/5916
f 3200/5481 3366/5738 3364/5736
f 3364/5736 3202/5484 3200/5481
f 3203/5495 3202/5484 3467/5916
f 3207/5494 3205/5493 3203/5495
f 3202/5484 3364/5736 3362/5917
f 3364/5736 3363/5735 3362/5917
f 3362/5917 3467/5916 3202/5484
f 3186/5463 3190/5470 3189/5467
f 3184/5468 3189/5467 3468/5918
f 3182/5919 3468/5920 3469/5921
f 3469/5921 3470/5922 3182/5919
f 3470/5923 3471/5924 3181/5925
f 3172/5455 3181/5454 3472/5926
f 3471/5927 3473/5928 3472/5929
f 3473/5930 3474/5931 3171/5932
f 3472/5926 3181/5454 3471/5927
f 3171/5932 3472/5929 3473/5930
f 3181/5925 3182/5919 3470/5923
f 3171/5932 3172/5443 3472/5929
f 3468/5918 3182/5919 3184/5468
f 3185/5464 3186/5463 3184/5460
f 3183/5459 3184/5460 3182/5457
f 3180/5458 3182/5457 3181/5454
f 3178/5451 3180/5453 3172/5455
f 3178/5451 3172/5455 3174/5445
f 3174/5445 3172/5455 3170/5446
f 3169/5440 3171/5442 3474/5931
f 3474/5931 3166/5437 3169/5440
f 3166/5437 3474/5931 3167/5436
f 3170/5441 3169/5440 3168/5438
f 3173/5444 3170/5446 3168/5438
f 3384/5766 3173/5765 3168/5438
f 3168/5438 3166/5437 3165/5434
f 3168/5438 3165/5434 3384/5766
f 3388/5773 3384/5766 3165/5434
f 3165/5434 3163/5431 3388/5773
f 3165/5434 3164/5433 3163/5431
f 3164/5433 3167/5436 3444/5933
f 3444/5933 3162/5844 3164/5433
f 3360/5730 3359/5729 3358/5727
f 3362/5733 3361/5732 3360/5730
f 3467/5916 3362/5917 3360/5730
f 3360/5730 3208/5496 3467/5916
f 3208/5496 3360/5730 3358/5727
f 3358/5727 3357/5726 3356/5724
f 3208/5496 3358/5727 3356/5724
f 3356/5724 3209/5934 3208/5496
f 3209/5499 3207/5498 3208/5496
f 3356/5724 3211/5935 3209/5934
f 3211/5502 3210/5501 3209/5934
f 3210/5500 3206/5492 3207/5498
f 3240/5936 3206/5492 3210/5500
f 3212/5503 3240/5549 3210/5501
f 3214/5506 3239/5545 3212/5504
f 3213/5505 3212/5504 3211/5502
f 3216/5509 3238/5542 3214/5507
f 3215/5508 3214/5507 3213/5505
f 3218/5512 3237/5539 3216/5510
f 3217/5511 3216/5510 3215/5508
f 3475/5937 3219/5938 3217/5939
f 3219/5940 3476/5941 3221/5942
f 3477/5943 3342/5944 3476/5945
f 3219/5514 3218/5513 3217/5939
f 3476/5941 3219/5940 3477/5943
f 3220/5515 3236/5536 3218/5513
f 3221/5942 3220/5516 3219/5940
f 3219/5940 3475/5937 3477/5943
f 3222/5518 3235/5533 3220/5516
f 3223/5519 3234/5532 3222/5518
f 3232/5528 3223/5529 3225/5521
f 3341/5946 3221/5942 3476/5941
f 3342/5944 3341/5702 3476/5945
f 3221/5942 3341/5946 3224/5520
f 3224/5520 3341/5946 3339/5701
f 3224/5520 3339/5701 3226/5522
f 3226/5522 3339/5701 3337/5696
f 3226/5522 3337/5696 3228/5524
f 3339/5699 3340/5700 3338/5697
f 3342/5703 3344/5707 3340/5700
f 3340/5700 3343/5704 3338/5697
f 3343/5704 3336/5947 3338/5697
f 3333/5695 3338/5697 3336/5693
f 3332/5691 3333/5689 3335/5692
f 3333/5698 3331/5687 3337/5696
f 3331/5687 3228/5524 3337/5696
f 3332/5691 3334/5690 3330/5686
f 3478/5948 3330/5686 3334/5690
f 3479/5949 3328/5950 3478/5951
f 3324/5952 3479/5953 3480/5954
f 3330/5686 3478/5948 3328/5684
f 3328/5950 3479/5949 3326/5682
f 3479/5949 3324/5952 3326/5682
f 3480/5954 3322/5677 3324/5952
f 3322/5677 3480/5954 3323/5676
f 3320/5672 3323/5676 3319/5670
f 3325/5681 3324/5680 3252/5678
f 3252/5678 3250/5563 3325/5681
f 3247/5560 3325/5681 3250/5563
f 3325/5681 3247/5560 3327/5683
f 3244/5556 3327/5683 3247/5560
f 3327/5683 3244/5556 3329/5685
f 3243/5555 3329/5685 3244/5556
f 3329/5685 3243/5555 3331/5687
f 3228/5524 3331/5687 3243/5555
f 3228/5524 3243/5555 3229/5525
f 3243/5555 3242/5557 3229/5525
f 3231/5527 3227/5523 3229/5551
f 3242/5554 3246/5559 3241/5552
f 3245/5558 3249/5562 3246/5559
f 3248/5561 3481/5955 3249/5562
f 3253/5956 3482/5957 3481/5958
f 3481/5958 3248/5561 3253/5956
f 3482/5957 3253/5956 3257/5959
f 3253/5956 3254/5567 3257/5959
f 3257/5959 3277/5960 3482/5957
f 3277/5960 3257/5959 3256/5569
f 3262/5596 3277/5599 3256/5569
f 3256/5569 3259/5573 3262/5596
f 3262/5576 3261/5575 3275/5597
f 3263/5578 3261/5575 3259/5573
f 3275/5597 3273/5601 3278/5600
f 3275/5597 3274/5593 3273/5601
f 3261/5575 3263/5578 3266/5582
f 3266/5582 3274/5593 3261/5575
f 3266/5582 3272/5590 3274/5593
f 3272/5589 3266/5582 3268/5587
f 3273/5591 3272/5590 3281/5609
f 3273/5591 3281/5609 3279/5602
f 3281/5606 3282/5608 3280/5604
f 3282/5608 3272/5607 3271/5610
f 3282/5615 3285/5616 3284/5613
f 3283/5611 3483/5961 3285/5616
f 3271/5588 3268/5587 3270/5586
f 3483/5961 3283/5611 3287/5962
f 3287/5962 3292/5625 3483/5961
f 3286/5619 3287/5618 3283/5611
f 3270/5586 3286/5617 3271/5588
f 3288/5620 3289/5621 3287/5618
f 3289/5627 3293/5628 3292/5625
f 3286/5619 3270/5586 3307/5648
f 3291/5631 3296/5632 3293/5628
f 3288/5622 3307/5648 3306/5647
f 3306/5963 3484/5964 3305/5965
f 3305/5966 3485/5967 3304/5968
f 3304/5969 3486/5970 3303/5971
f 3303/5972 3487/5973 3302/5974
f 3488/5975 3302/5974 3487/5973
f 3488/5975 3487/5973 3489/5976
f 3488/5975 3489/5976 3490/5977
f 3491/5978 3490/5979 3492/5980
f 3493/5981 3492/5982 3494/5983
f 3495/5984 3496/5985 3494/5986
f 3496/5987 3497/5988 3493/5989
f 3493/5990 3498/5991 3491/5992
f 3491/5993 3499/5994 3488/5995
f 3499/5996 3500/5997 3301/5998
f 3298/5634 3301/5638 3501/5999
f 3501/6000 3500/6001 3502/6002
f 3502/6003 3503/6004 3504/6005
f 3504/6006 3505/6007 3506/6008
f 3507/6009 3506/6008 3505/6007
f 3508/6010 3507/6009 3505/6007
f 3508/6010 3505/6007 3509/6011
f 3510/6012 3509/6013 3496/6014
f 3511/6015 3508/6016 3510/6017
f 3512/6018 3510/6019 3495/6020
f 3513/6021 3511/6022 3512/6023
f 3514/6024 3515/6025 3511/6026
f 3515/6025 3514/6024 3516/6027
f 3514/6024 3517/6028 3516/6027
f 3517/6028 3518/6029 3516/6027
f 3516/6027 3518/6029 3519/6030
f 3518/6029 3520/6031 3519/6030
f 3519/6032 3521/6033 3507/6034
f 3522/6035 3523/6036 3521/6037
f 3523/6038 3524/6039 3506/6040
f 3502/6041 3524/6042 3525/6043
f 3501/6044 3525/6045 3526/6046
f 3527/6047 3522/6048 3520/6049
f 3520/6031 3518/6029 3528/6050
f 3529/6051 3528/6050 3518/6029
f 3528/6050 3529/6051 3530/6052
f 3531/6053 3528/6050 3530/6052
f 3532/6054 3527/6055 3528/6056
f 3514/6024 3533/6057 3517/6028
f 3533/6057 3514/6024 3534/6058
f 3517/6028 3529/6051 3518/6029
f 3528/6050 3531/6053 3532/6054
f 3520/6031 3528/6050 3527/6047
f 3534/6058 3514/6024 3513/6059
f 3514/6024 3511/6026 3513/6059
f 3521/6037 3520/6049 3522/6035
f 3521/6033 3519/6032 3520/6049
f 3521/6037 3523/6036 3506/6040
f 3506/6040 3507/6009 3521/6037
f 3515/6060 3519/6032 3507/6034
f 3516/6027 3519/6030 3515/6025
f 3515/6060 3507/6034 3508/6010
f 3508/6010 3511/6015 3515/6060
f 3511/6022 3510/6017 3512/6023
f 3509/6013 3510/6012 3508/6010
f 3496/5985 3495/5984 3510/6012
f 3497/5988 3496/5987 3509/6013
f 3496/5985 3493/5989 3494/5986
f 3505/6007 3497/5988 3509/6011
f 3493/5990 3491/5992 3492/5982
f 3498/5991 3493/5990 3497/5988
f 3491/5993 3488/5995 3490/5979
f 3499/5994 3491/5993 3498/5991
f 3302/5974 3488/5975 3499/5994
f 3301/5998 3302/5639 3499/5996
f 3300/5637 3303/5640 3302/5639
f 3500/5997 3499/5996 3498/5991
f 3500/5997 3501/6000 3301/5998
f 3498/5991 3503/6061 3500/5997
f 3503/6061 3498/5991 3497/5988
f 3497/5988 3505/6007 3503/6061
f 3503/6061 3502/6003 3500/5997
f 3505/6007 3504/6006 3503/6061
f 3525/6043 3501/6044 3502/6041
f 3524/6042 3502/6041 3504/6005
f 3506/6040 3524/6039 3504/6006
f 3526/6046 3298/5634 3501/6044
f 3298/5634 3526/6046 3299/5636
f 3295/5635 3299/5636 3296/5632
f 3295/5635 3294/5629 3297/5633
f 3291/5631 3290/5623 3294/5629
f 3297/5633 3304/5641 3303/5640
f 3294/5643 3305/5644 3304/5641
f 3290/5646 3306/5647 3305/5644
f 3487/5973 3303/5972 3486/5970
f 3487/5973 3486/5970 3535/6062
f 3535/6062 3486/5970 3536/6063
f 3536/6064 3485/6065 3537/6066
f 3489/5976 3487/5973 3535/6062
f 3486/5970 3485/6065 3536/6063
f 3486/5970 3304/5969 3485/6065
f 3485/5967 3305/5966 3484/5964
f 3485/5967 3484/5964 3537/6066
f 3537/6066 3484/5964 3312/6067
f 3484/5964 3310/5652 3312/6067
f 3484/5964 3306/5963 3310/5652
f 3307/5649 3310/5652 3306/5647
f 3308/5650 3307/5649 3270/5586
f 3309/5651 3308/5650 3313/5655
f 3270/5586 3269/5585 3308/5650
f 3315/5659 3308/5656 3269/5660
f 3316/5661 3269/5660 3267/5663
f 3317/5668 3267/5663 3265/5666
f 3318/5667 3265/5666 3264/5669
f 3263/5578 3260/5574 3264/5579
f 3260/5574 3320/5672 3264/5579
f 3260/5574 3321/5673 3320/5672
f 3260/5574 3258/5572 3321/5673
f 3254/5571 3321/5673 3258/5572
f 3321/5673 3254/5571 3255/5568
f 3322/5674 3321/5673 3255/5568
f 3252/5678 3322/5677 3255/5568
f 3255/5568 3251/5564 3252/5678
f 3356/5724 3354/5723 3355/5722
f 3211/5935 3356/5724 3355/5722
f 3355/5722 3213/5505 3211/5935
f 3213/5505 3355/5722 3352/5719
f 3352/5719 3215/5508 3213/5505
f 3215/5508 3352/5719 3350/6068
f 3350/6068 3217/5511 3215/5508
f 3352/5719 3351/5718 3350/6068
f 3217/5939 3350/6068 3475/5937
f 3350/6068 3349/5715 3475/5937
f 3353/5913 3466/5912 3351/5718
f 3466/5912 3349/5715 3351/5718
f 3349/5715 3466/5912 3348/5713
f 3346/5711 3475/5937 3349/5714
f 3475/5937 3346/5711 3477/5943
f 3342/5944 3477/5943 3346/5711
f 3346/5711 3345/5710 3342/5944
f 3538/6069 3539/6070 3540/6071
f 3538/6069 3541/6072 3539/6070
f 3541/6073 3542/6074 3543/6075
f 3544/6076 3545/6077 3543/6078
f 3546/6079 3545/6077 3544/6076
f 3546/6079 3547/6080 3545/6077
f 3548/6081 3547/6080 3546/6079
f 3548/6081 3549/6082 3547/6080
f 3550/6083 3551/6084 3549/6085
f 3550/6083 3552/6086 3551/6084
f 3552/6086 3550/6083 3553/6087
f 3554/6088 3553/6089 3555/6090
f 3556/6091 3555/6092 3557/6093
f 3558/6094 3557/6095 3559/6096
f 3560/6097 3559/6098 3561/6099
f 3562/6100 3561/6101 3563/6102
f 3564/6103 3563/6104 3565/6105
f 3566/6106 3565/6107 3567/6108
f 3568/6109 3567/6110 3569/6111
f 3570/6112 3569/6113 3571/6114
f 3572/6115 3571/6116 3573/6117
f 3574/6118 3573/6119 3575/6120
f 3576/6121 3575/6122 3577/6123
f 3576/6121 3577/6123 3578/6124
f 3576/6121 3578/6124 3579/6125
f 3579/6125 3578/6124 3580/6126
f 3579/6125 3580/6126 3581/6127
f 3582/6128 3581/6129 3583/6130
f 3582/6128 3583/6130 3584/6131
f 3585/6132 3582/6128 3584/6131
f 3585/6132 3584/6131 3586/6133
f 3586/6133 3587/6134 3585/6132
f 3588/6135 3589/6136 3587/6137
f 3588/6135 3590/6138 3589/6136
f 3590/6138 3588/6135 3591/6139
f 3590/6138 3591/6139 3592/6140
f 3590/6138 3592/6140 3593/6141
f 3594/6142 3595/6143 3593/6144
f 3596/6145 3597/6146 3595/6147
f 3598/6148 3599/6149 3597/6150
f 3600/6151 3601/6152 3599/6153
f 3600/6151 3602/6154 3601/6152
f 3602/6154 3600/6151 3603/6155
f 3604/6156 3603/6157 3605/6158
f 3606/6159 3605/6160 3607/6161
f 3608/6162 3607/6163 3609/6164
f 3610/6165 3609/6166 3611/6167
f 3612/6168 3611/6169 3613/6170
f 3614/6171 3613/6172 3615/6173
f 3616/6174 3615/6175 3617/6176
f 3618/6177 3617/6178 3619/6179
f 3620/6180 3619/6181 3621/6182
f 3622/6183 3621/6184 3623/6185
f 3624/6186 3623/6187 3625/6188
f 3625/6188 3626/6189 3624/6186
f 3626/6189 3625/6188 3627/6190
f 3627/6190 3628/6191 3626/6189
f 3628/6191 3627/6190 3629/6192
f 3630/6193 3628/6191 3629/6192
f 3628/6191 3630/6193 3631/6194
f 3632/6195 3631/6194 3630/6193
f 3631/6194 3632/6195 3633/6196
f 3634/6197 3633/6196 3632/6195
f 3634/6197 3635/6198 3633/6196
f 3636/6199 3635/6198 3634/6197
f 3636/6199 3637/6200 3635/6198
f 3638/6201 3639/6202 3637/6203
f 3640/6204 3639/6202 3638/6201
f 3639/6202 3640/6204 3641/6205
f 3642/6206 3641/6205 3640/6204
f 3641/6205 3642/6206 3643/6207
f 3644/6208 3643/6207 3642/6206
f 3643/6207 3644/6208 3645/6209
f 3646/6210 3645/6209 3644/6208
f 3646/6210 3647/6211 3645/6209
f 3648/6212 3647/6211 3646/6210
f 3647/6211 3648/6212 3649/6213
f 3650/6214 3649/6213 3648/6212
f 3649/6213 3650/6214 3651/6215
f 3652/6216 3651/6215 3650/6214
f 3651/6215 3652/6216 3653/6217
f 3652/6216 3654/6218 3653/6217
f 3654/6218 3652/6216 3655/6219
f 3656/6220 3655/6221 3657/6222
f 3658/6223 3657/6224 3659/6225
f 3660/6226 3659/6227 3661/6228
f 3655/6221 3656/6220 3654/6218
f 3659/6227 3660/6226 3658/6223
f 3657/6224 3658/6223 3656/6220
f 3638/6201 3637/6203 3636/6199
f 3543/6078 3542/6074 3544/6076
f 3542/6074 3541/6073 3538/6069
f 3550/6083 3549/6085 3548/6081
f 3553/6089 3554/6088 3552/6086
f 3555/6090 3556/6091 3554/6088
f 3557/6095 3558/6094 3556/6091
f 3559/6096 3560/6097 3558/6094
f 3561/6101 3562/6100 3560/6097
f 3563/6102 3564/6103 3562/6100
f 3565/6107 3566/6106 3564/6103
f 3567/6108 3568/6109 3566/6106
f 3569/6113 3570/6112 3568/6109
f 3571/6114 3572/6115 3570/6112
f 3573/6119 3574/6118 3572/6115
f 3575/6120 3576/6121 3574/6118
f 3581/6127 3580/6126 3583/6130
f 3587/6137 3586/6133 3588/6135
f 3593/6144 3592/6140 3594/6142
f 3595/6143 3594/6142 3596/6145
f 3597/6146 3596/6145 3598/6148
f 3599/6153 3598/6148 3600/6151
f 3603/6155 3604/6156 3602/6154
f 3605/6158 3606/6159 3604/6156
f 3607/6161 3608/6162 3606/6159
f 3609/6166 3610/6165 3608/6162
f 3611/6169 3612/6168 3610/6165
f 3613/6170 3614/6171 3612/6168
f 3615/6175 3616/6174 3614/6171
f 3617/6178 3618/6177 3616/6174
f 3619/6179 3620/6180 3618/6177
f 3621/6182 3622/6183 3620/6180
f 3623/6185 3624/6186 3622/6183
f 3662/6229 3663/6230 3664/6231
f 3663/6230 3665/6232 3664/6231
f 3666/6233 3664/6231 3665/6232
f 3665/6232 3667/6234 3666/6233
f 3664/6231 3666/6233 3668/6235
f 3666/6233 3669/6236 3668/6235
f 3668/6235 3670/6237 3664/6231
f 3664/6231 3670/6237 3671/6238
f 3671/6239 3672/6240 3662/6241
f 3662/6242 3673/6243 3674/6244
f 3673/6243 3675/6245 3674/6244
f 3674/6246 3676/6247 3663/6248
f 3663/6230 3677/6249 3665/6232
f 3677/6250 3678/6251 3667/6252
f 3667/6252 3678/6251 3679/6253
f 3680/6254 3667/6252 3679/6253
f 3680/6254 3679/6253 3681/6255
f 3682/6256 3680/6254 3681/6255
f 3683/6257 3682/6256 3681/6255
f 3684/6258 3681/6255 3679/6253
f 3684/6259 3678/6260 3685/6261
f 3685/6262 3686/6263 3687/6264
f 3686/6263 3688/6265 3687/6264
f 3687/6264 3688/6265 3689/6266
f 3688/6265 3690/6267 3689/6266
f 3689/6266 3690/6267 3691/6268
f 3690/6267 3692/6269 3691/6268
f 3692/6269 3690/6267 3693/6270
f 3693/6271 3694/6272 3695/6273
f 3696/6274 3693/6271 3695/6273
f 3697/6275 3695/6276 3698/6277
f 3699/6278 3700/6279 3698/6280
f 3697/6281 3700/6282 3701/6283
f 3701/6283 3702/6284 3697/6281
f 3702/6285 3703/6286 3704/6287
f 3704/6288 3705/6289 3706/6290
f 3706/6291 3707/6292 3708/6293
f 3708/6294 3709/6295 3710/6296
f 3710/6296 3711/6297 3708/6294
f 3708/6293 3712/6298 3706/6291
f 3706/6290 3713/6299 3704/6288
f 3696/6300 3713/6301 3714/6302
f 3715/6303 3696/6300 3714/6302
f 3713/6301 3716/6304 3714/6302
f 3715/6303 3714/6302 3717/6305
f 3714/6302 3718/6306 3717/6305
f 3718/6307 3716/6308 3719/6309
f 3716/6308 3720/6310 3719/6309
f 3720/6310 3716/6308 3721/6311
f 3721/6312 3722/6313 3723/6314
f 3724/6315 3721/6312 3723/6314
f 3709/6316 3725/6317 3726/6318
f 3707/6319 3727/6320 3725/6321
f 3705/6322 3728/6323 3727/6324
f 3728/6325 3703/6326 3729/6327
f 3729/6327 3730/6328 3728/6325
f 3701/6329 3731/6330 3730/6331
f 3700/6332 3732/6333 3731/6334
f 3732/6335 3699/6336 3733/6337
f 3701/6329 3700/6282 3731/6330
f 3699/6336 3732/6335 3700/6279
f 3730/6331 3729/6327 3701/6329
f 3728/6323 3705/6322 3703/6326
f 3702/6284 3701/6283 3729/6327
f 3703/6326 3702/6285 3729/6327
f 3727/6324 3707/6319 3705/6322
f 3705/6289 3704/6288 3703/6326
f 3725/6321 3709/6316 3707/6319
f 3707/6319 3706/6291 3705/6322
f 3709/6295 3708/6294 3707/6319
f 3721/6311 3724/6315 3720/6310
f 3716/6304 3718/6307 3714/6302
f 3716/6308 3711/6338 3721/6311
f 3722/6313 3721/6312 3711/6338
f 3711/6297 3710/6296 3722/6313
f 3712/6298 3708/6293 3711/6297
f 3711/6338 3716/6308 3712/6298
f 3716/6308 3713/6301 3712/6298
f 3713/6301 3706/6290 3712/6298
f 3696/6300 3704/6288 3713/6301
f 3704/6288 3696/6300 3702/6285
f 3702/6284 3696/6300 3697/6281
f 3695/6273 3697/6275 3696/6274
f 3700/6279 3697/6281 3698/6280
f 3694/6272 3698/6277 3695/6273
f 3690/6339 3734/6340 3694/6341
f 3694/6341 3693/6271 3690/6339
f 3693/6271 3696/6274 3715/6303
f 3692/6269 3693/6270 3715/6303
f 3692/6269 3715/6303 3717/6305
f 3734/6340 3690/6339 3688/6265
f 3698/6277 3694/6272 3675/6342
f 3734/6340 3675/6342 3694/6341
f 3699/6278 3698/6280 3675/6342
f 3675/6245 3734/6340 3674/6244
f 3673/6243 3699/6278 3675/6245
f 3699/6278 3673/6243 3733/6337
f 3672/6343 3733/6337 3673/6243
f 3673/6243 3662/6242 3672/6343
f 3664/6231 3671/6238 3662/6229
f 3674/6244 3663/6248 3662/6242
f 3676/6247 3674/6246 3734/6340
f 3688/6265 3676/6247 3734/6340
f 3677/6249 3663/6230 3676/6247
f 3676/6247 3688/6265 3686/6263
f 3686/6263 3677/6249 3676/6247
f 3667/6252 3665/6232 3677/6250
f 3677/6250 3686/6263 3678/6251
f 3686/6263 3685/6262 3678/6251
f 3684/6258 3679/6253 3678/6260
f 3681/6255 3684/6258 3683/6257
f 3682/6256 3683/6257 3735/6344
f 3736/6345 3735/6346 3737/6347
f 3738/6348 3737/6349 3739/6350
f 3738/6351 3740/6352 3736/6353
f 3736/6354 3741/6355 3682/6356
f 3740/6357 3742/6358 3741/6359
f 3743/6360 3669/6361 3742/6362
f 3742/6362 3744/6363 3743/6360
f 3745/6364 3743/6360 3744/6363
f 3744/6363 3746/6365 3745/6364
f 3747/6366 3743/6360 3745/6364
f 3748/6367 3669/6361 3743/6360
f 3669/6236 3749/6368 3668/6235
f 3749/6368 3669/6236 3750/6369
f 3744/6363 3751/6370 3746/6365
f 3670/6237 3668/6235 3749/6368
f 3743/6360 3747/6366 3748/6367
f 3669/6236 3748/6367 3750/6369
f 3735/6344 3736/6345 3682/6256
f 3737/6349 3738/6348 3736/6345
f 3740/6352 3738/6351 3751/6371
f 3751/6370 3744/6363 3740/6352
f 3741/6359 3736/6354 3740/6357
f 3742/6358 3740/6357 3744/6363
f 3680/6254 3682/6256 3741/6355
f 3666/6233 3742/6362 3669/6236
f 3666/6233 3741/6359 3742/6362
f 3741/6355 3666/6233 3680/6254
f 3680/6254 3666/6233 3667/6252