# Exported from MakeClothes (TM)
# author punkduck
# license CC BY 3.0
# homepage http://www.makehuman.org/
v 0.0268 3.0564 1.5070
v 0.0150 3.0196 1.5013
v 0.3095 2.9751 1.5466
v 0.2299 2.8296 1.5778
v 0.1659 2.8936 1.5577
v 0.2794 2.9290 1.5555
v 0.2662 2.8890 1.5721
v 0.0205 3.0499 1.5100
v 0.0179 3.0452 1.5095
v 0.0151 3.0397 1.5086
v 0.0927 3.0541 1.5187
v 0.0847 3.0397 1.5267
v 0.0839 3.0254 1.5191
v 0.0860 3.0032 1.5454
v 0.0595 2.9823 1.5279
v 0.2343 3.0245 1.5402
v 0.2203 3.0002 1.5450
v 0.2180 2.9728 1.5418
v 0.2084 2.9336 1.5729
v 0.2891 2.9549 1.5631
v -0.0395 3.0266 1.5043
v -0.1579 2.7484 1.5492
v -0.0018 3.0057 1.5170
v -0.0135 2.6989 1.5785
v -0.0858 2.7472 1.5576
v -0.0756 2.8400 1.5399
v -0.1261 2.8589 1.5271
v -0.1120 2.7702 1.5490
v -0.1132 2.7591 1.5513
v -0.0862 2.7246 1.5625
v -0.0571 2.7488 1.5556
v -0.0548 2.7349 1.5590
v -0.0539 2.8312 1.5393
v -0.1547 2.7701 1.5442
v -0.0965 2.8482 1.5347
v -0.0391 2.9294 1.5184
v -0.0156 2.7218 1.5733
v -0.0191 2.9215 1.5314
v -0.0230 2.8196 1.5516
v -0.0515 2.9364 1.5250
v -0.0822 2.9496 1.5133
v -0.0632 2.9418 1.5228
v -0.0204 3.0194 1.5133
v -0.0249 3.0221 1.5123
v -0.0172 3.0106 1.5044
v 0.0175 3.0311 1.5042
v 0.1421 2.7529 1.5949
v -0.0201 3.0176 1.5021
v 0.0169 2.7095 1.5954
v 0.0802 2.7289 1.5966
v 0.0448 2.7536 1.5935
v 0.0466 2.7399 1.5971
v 0.0729 2.7503 1.5909
v 0.0115 2.7324 1.5887
v 0.0434 2.8396 1.5664
v 0.0883 2.8594 1.5674
v 0.0921 2.7729 1.5871
v 0.0962 2.7623 1.5899
v 0.0242 2.8365 1.5699
v 0.1329 2.7739 1.5899
v 0.0620 2.8478 1.5667
v -0.0042 2.8298 1.5628
v -0.0007 3.0263 1.4995
v 0.0161 2.9395 1.5376
v -0.0146 2.9321 1.5376
v 0.0039 3.0279 1.4991
v -0.0050 3.0223 1.5114
v 0.0445 2.9483 1.5433
v 0.0270 2.9421 1.5376
v 0.0047 2.9384 1.5466
v -0.0528 3.0690 1.5061
v -0.2948 3.0113 1.5171
v -0.1653 2.9125 1.5103
v -0.2602 2.9345 1.5119
v -0.2453 2.9212 1.4817
v -0.2236 2.8657 1.4987
v -0.2835 2.9890 1.4924
v -0.0418 3.0511 1.5045
v -0.0350 3.0435 1.5110
v -0.0330 3.0395 1.5098
v -0.0287 3.0331 1.5121
v -0.1194 3.0741 1.5060
v -0.1066 3.0482 1.5049
v -0.0885 3.0278 1.5205
v -0.0890 3.0153 1.4988
v -0.0732 2.9980 1.5135
v -0.2421 3.0484 1.5097
v -0.2377 3.0214 1.4960
v -0.1979 2.9762 1.5245
v -0.1958 2.9574 1.4914
v -0.0566 3.0201 1.4919
v -0.0456 3.0162 1.5158
v -0.0612 3.0434 1.4938
v -0.0471 3.0370 1.5261
v -0.0495 3.0782 1.4988
v -0.0442 3.0691 1.5253
v 0.0332 3.0090 1.5019
v 0.0238 3.0109 1.5169
v 0.0378 3.0312 1.5015
v 0.0237 3.0287 1.5291
v -0.0130 3.0021 1.5180
v -0.0117 3.0320 1.5361
v -0.0145 2.9973 1.4947
v 0.0254 3.0689 1.5035
v 0.0193 3.0599 1.5304
v -0.0124 3.0678 1.5341
v -0.0123 3.0821 1.5069
v -0.3157 5.3915 -0.4021
v -0.4688 5.3931 -0.3935
v -0.3193 5.4061 -0.4001
v -0.3215 5.4015 -0.4075
v -0.3953 5.5453 -0.3351
v -0.4087 5.4616 -0.3736
v -0.3388 5.4649 -0.3669
v -0.4525 5.5805 -0.2585
v -0.4026 5.5575 -0.3384
v -0.4078 5.5502 -0.3164
v -0.4501 5.5802 -0.2746
v -0.4448 5.5671 -0.2807
v -0.4199 5.4524 -0.3868
v -0.3373 5.4586 -0.3760
v -0.4241 5.4359 -0.3858
v -0.4549 5.4050 -0.3941
v -0.3322 5.4457 -0.3752
v -0.4625 5.4035 -0.3999
v -0.2044 5.5292 -0.3093
v -0.2117 5.5401 -0.3151
v -0.2147 5.5356 -0.3064
v -0.3143 5.5849 -0.2987
v -0.2979 5.6566 -0.1989
v -0.3107 5.5998 -0.2956
v -0.3015 5.6375 -0.2173
v -0.3017 5.6526 -0.2187
v -0.3074 5.6014 -0.2797
v -0.0553 5.7368 -0.2245
v -0.2508 5.5702 -0.2829
v -0.0924 5.7240 -0.1993
v -0.0615 5.7851 -0.1891
v -0.0629 5.7097 -0.2290
v -0.0562 5.7451 -0.2209
v -0.0577 5.7719 -0.2004
v -0.0556 5.7477 -0.2155
v -0.0691 5.7771 -0.1986
v -0.2401 5.5574 -0.2931
v -0.2457 5.5675 -0.2944
v -0.0704 5.7180 -0.2293
v -0.0707 5.7152 -0.2229
v -0.0869 5.7208 -0.2033
v -0.0898 5.7237 -0.2060
v -0.4165 5.5074 -0.3587
v -0.5058 5.4818 -0.3339
v -0.4287 5.5084 -0.3717
v -0.4883 5.4878 -0.3416
v -0.4354 5.5020 -0.3533
v -0.4982 5.4877 -0.3482
v -0.3704 5.4471 -0.3736
v -0.3837 5.3763 -0.4315
v -0.3736 5.4403 -0.3871
v -0.3820 5.3891 -0.4238
v -0.3743 5.4252 -0.3899
v -0.3840 5.3871 -0.4325
v -0.0477 5.7940 -0.2023
v -0.0492 5.7798 -0.1569
v -0.0509 5.7386 -0.2254
v -0.0481 5.7128 -0.2281
v -0.0486 5.7081 -0.2036
v 0.0460 5.7930 -0.1891
v 0.0395 5.7657 -0.1556
v 0.0476 5.7255 -0.2268
v 0.0437 5.7086 -0.2307
v 0.0370 5.6979 -0.2063
v -0.0065 5.7006 -0.2037
v -0.0027 5.7062 -0.2397
v -0.0032 5.7283 -0.2354
v 0.0004 5.8178 -0.1914
v -0.0031 5.8021 -0.1541
v 0.0420 5.7090 -0.1959
v -0.0519 5.7239 -0.1951
v 0.3514 5.3320 -0.3831
v 0.3541 5.3543 -0.3821
v 0.3515 5.3429 -0.3909
v 0.3451 5.4255 -0.3640
v 0.2024 5.6336 -0.2442
v 0.3268 5.5525 -0.2518
v 0.3843 5.4391 -0.3328
v 0.1560 5.5763 -0.2704
v 0.3458 5.4168 -0.3728
v 0.3472 5.4047 -0.3593
v 0.1924 5.6278 -0.2456
v 0.1664 5.5899 -0.2634
v 0.1638 5.5869 -0.2763
v 0.1917 5.6201 -0.2442
v 0.3622 5.6064 -0.2253
v 0.4421 5.3678 -0.3522
v 0.4371 5.3781 -0.3563
v 0.4389 5.3798 -0.3447
v 0.3940 5.4169 -0.3365
v 0.3912 5.4295 -0.3402
v 0.3307 5.5570 -0.2486
v 0.3560 5.5914 -0.2241
v 0.3402 5.5546 -0.2414
v 0.3599 5.5989 -0.2316
v 0.0951 5.7260 -0.1885
v 0.0652 5.7075 -0.2180
v 0.0905 5.7303 -0.1945
v 0.0736 5.7133 -0.2013
v 0.0867 5.7251 -0.1887
v 0.0684 5.7128 -0.2192
v 0.0670 5.7284 -0.2354
v 0.0743 5.7858 -0.1944
v 0.0706 5.7842 -0.2034
v 0.0689 5.7762 -0.2025
v 0.0669 5.7402 -0.2205
v 0.0655 5.7393 -0.2323
v 0.3909 5.4913 -0.2994
v 0.4689 5.5054 -0.2914
v 0.3980 5.4932 -0.2992
v 0.4570 5.4989 -0.2861
v 0.4055 5.4878 -0.2886
v 0.4594 5.5067 -0.2961
v 0.2921 5.4601 -0.3379
v 0.2505 5.3909 -0.3538
v 0.2857 5.4514 -0.3439
v 0.2553 5.4038 -0.3620
v 0.2612 5.4086 -0.3513
v 0.2848 5.4443 -0.3343
v 0.2107 5.6343 -0.2340
v 0.2342 5.7003 -0.1926
v 0.2158 5.6405 -0.2177
v 0.2313 5.6946 -0.2007
v 0.2297 5.6835 -0.1966
v 0.2133 5.6421 -0.2296
v 0.4136 5.4593 -0.3084
v 0.3972 5.4657 -0.3174
v 0.4831 5.4503 -0.3163
v 0.4065 5.4650 -0.3197
v 0.4732 5.4497 -0.3107
v 0.4737 5.4545 -0.3225
v 0.1281 4.9754 -0.5453
v 0.2322 5.0123 -0.4649
v 0.1445 5.3849 -0.3785
v 0.1599 5.3970 -0.3948
v 0.1686 5.3913 -0.3802
v 0.0563 5.6138 -0.2796
v 0.0433 5.6059 -0.2698
v 0.0331 5.7504 -0.2015
v 0.0281 5.7466 -0.1981
v 0.0624 5.6071 -0.2654
v 0.0354 5.7472 -0.1956
v 0.1065 5.5975 -0.2570
v 0.0517 5.7446 -0.1912
v 0.1184 5.6057 -0.2667
v 0.0562 5.7470 -0.1952
v 0.1249 5.5996 -0.2518
v 0.0586 5.7420 -0.1898
v 0.1404 4.9892 -0.5322
v 0.1546 4.9823 -0.5065
v 0.2057 5.0005 -0.4605
v 0.2195 5.0177 -0.4752
v 0.1271 5.1650 -0.4735
v 0.1106 5.1534 -0.4611
v 0.1350 5.1609 -0.4615
v 0.1916 5.1814 -0.4595
v 0.2070 5.1946 -0.4742
v 0.2158 5.1911 -0.4570
v 0.0898 5.3789 -0.3850
v 0.0734 5.3680 -0.3673
v 0.0976 5.3721 -0.3734
v -0.0703 5.0134 -0.5415
v -0.1685 5.0551 -0.4517
v -0.0685 5.6308 -0.2602
v -0.1165 5.6352 -0.2510
v -0.0628 5.7471 -0.1868
v -0.1279 5.6439 -0.2614
v -0.0700 5.7546 -0.1922
v -0.1369 5.6342 -0.2477
v -0.0726 5.7511 -0.1830
v -0.0479 5.6297 -0.2655
v -0.0603 5.6376 -0.2744
v -0.0373 5.7259 -0.2045
v -0.0376 5.7380 -0.2065
v -0.0397 5.7373 -0.1965
v -0.0805 5.0262 -0.5228
v -0.0992 5.0149 -0.5034
v -0.1451 5.0385 -0.4451
v -0.1528 5.0599 -0.4458
v -0.0717 5.1889 -0.4643
v -0.0804 5.2043 -0.4710
v -0.0975 5.1964 -0.4554
v -0.1578 5.2202 -0.4351
v -0.1654 5.2383 -0.4523
v -0.1837 5.2331 -0.4442
v -0.0524 5.3988 -0.3353
v -0.0611 5.4135 -0.3466
v -0.0784 5.4036 -0.3297
v -0.1390 5.4197 -0.3387
v -0.1466 5.4365 -0.3583
v -0.1652 5.4288 -0.3522
v 0.0370 5.6979 -0.2063
v -0.0492 5.7798 -0.1569
v -0.0477 5.7940 -0.2023
v -0.0509 5.7386 -0.2254
v 0.0395 5.7657 -0.1556
v -0.0481 5.7128 -0.2281
v -0.0486 5.7081 -0.2036
v -0.9405 4.4461 1.0101
v -0.8918 4.4521 1.0271
v -1.0343 4.3758 1.0427
v -0.9618 4.3738 1.0562
v -0.9099 4.3783 1.0743
v -0.8636 4.4577 1.0276
v -0.8774 4.3804 1.0751
v -1.0558 4.2871 1.0962
v -1.0981 4.1147 1.2145
v -0.9792 4.2896 1.1064
v -0.9239 4.2928 1.1230
v -0.9312 4.1318 1.2667
v -0.9030 4.1199 1.2638
v -0.8948 4.2859 1.1332
v -1.2622 2.9777 0.5804
v -1.2259 2.8286 0.5893
v -1.1932 3.0147 0.8377
v -1.2127 3.0093 0.7612
v -1.2135 2.8480 0.7741
v -1.1940 2.8619 0.8406
v -1.1904 3.0489 0.8425
v -1.2538 3.0275 0.5767
v -1.1705 3.1208 0.9339
v -1.1723 3.0461 0.9370
v -1.1717 2.9237 0.8875
v -1.1733 2.8725 0.8903
v -1.2100 3.0617 0.7521
v -1.2410 3.0467 0.6633
v -1.2444 2.9986 0.6765
v -1.2211 2.8352 0.6766
v -1.1925 3.0812 0.8559
v -0.8708 4.5215 0.9803
v -0.8493 4.5174 0.9905
v -0.9148 4.5186 0.9579
v -1.0036 4.5150 0.9526
v -1.0210 4.4525 0.9983
v -0.7924 4.8725 0.6669
v -0.8676 4.8865 0.6592
v -0.8939 4.8040 0.7235
v -0.8173 4.7961 0.7352
v -0.8207 4.6256 0.9064
v -0.8434 4.6203 0.9091
v -0.8855 4.6137 0.8908
v -0.8452 4.7147 0.8022
v -0.9335 4.7377 0.7904
v -0.9817 4.6261 0.8856
v -0.8006 4.7240 0.8085
v -0.7754 4.7337 0.8050
v -0.7591 4.8112 0.7504
v -0.7839 4.8010 0.7472
v -0.7584 4.8715 0.6792
v -0.7348 4.8826 0.6841
v -0.6244 5.1667 0.4445
v -0.6050 5.2076 0.4133
v -0.6893 5.0794 0.5046
v -0.7045 5.0198 0.5557
v -0.6795 5.0220 0.5688
v -0.6629 5.0815 0.5228
v -0.7120 5.0850 0.4913
v -0.7348 5.0263 0.5415
v -0.6879 5.1345 0.4497
v -0.7505 5.1572 0.4406
v -0.7745 5.1206 0.4759
v -0.7050 4.9545 0.6289
v -0.7324 4.9495 0.6156
v -0.7957 5.0676 0.5220
v -0.8276 4.9805 0.5836
v -0.7618 4.9520 0.6020
v -0.7112 5.2096 0.3813
v -0.6429 5.2134 0.3851
v -0.6649 5.1749 0.4178
v -0.6440 5.1753 0.4284
v -0.6223 5.2161 0.3959
v -0.7324 5.1814 0.4146
v -0.6656 5.1320 0.4609
v -0.6418 5.1348 0.4761
v -1.2141 2.9369 0.2162
v -1.1608 2.9269 0.0829
v -1.1138 2.7849 0.1096
v -1.1586 2.7990 0.2265
v -1.2439 2.9635 0.4554
v -1.2176 2.8178 0.4711
v -1.2444 3.0140 0.4545
v -1.2347 3.0030 0.3519
v -1.2108 2.9892 0.2150
v -1.0799 2.9241 -0.0545
v -1.0294 2.7788 0.0022
v -1.0807 2.9714 -0.0412
v -1.1577 2.9779 0.0819
v -1.2023 2.8102 0.3659
v -1.2326 2.9499 0.3549
v -0.5817 5.2648 0.3643
v -0.6196 5.2617 0.3415
v -0.5999 5.2682 0.3518
v -0.6852 5.2476 0.3361
v -0.5580 5.3410 0.3044
v -0.5326 5.4060 0.2381
v -0.5519 5.4061 0.2349
v -0.5775 5.3400 0.2977
v -0.4788 5.5896 0.0146
v -0.5146 5.5362 -0.0017
v -0.5411 5.5111 0.0370
v -0.4995 5.5592 0.0568
v -0.4891 5.5840 0.0635
v -0.4686 5.6186 0.0242
v -0.5561 5.4430 0.1854
v -0.6034 5.4133 0.1635
v -0.5710 5.3947 0.2247
v -0.5394 5.4556 0.1946
v -0.5674 5.4702 0.0946
v -0.5290 5.5048 0.1157
v -0.5129 5.5306 0.0875
v -0.5528 5.4898 0.0655
v -0.5162 5.5247 0.1236
v -0.5017 5.5561 0.0944
v -0.4878 5.5632 0.0943
v -0.4757 5.5981 0.0666
v -0.4568 5.6371 0.0319
v -0.5438 5.4786 0.1491
v -0.5866 5.4451 0.1306
v -0.5296 5.4933 0.1571
v -0.4978 5.5262 0.1256
v -0.5088 5.4906 0.1609
v -0.5187 5.4550 0.1965
v -0.6282 5.3608 0.2107
v -0.5975 5.3297 0.2864
v -0.6561 5.3064 0.2732
v -0.0046 2.7492 -0.2524
v -0.0102 2.9027 -0.3249
v -0.0117 2.9559 -0.3207
v -0.2623 2.7576 -0.2604
v -0.2725 2.9055 -0.3229
v -0.2719 2.9545 -0.3156
v -0.1211 2.7533 -0.2530
v -0.1316 2.9067 -0.3165
v -0.1316 2.9542 -0.3154
v -0.4311 2.9079 -0.3167
v -0.4243 2.7591 -0.2551
v -0.6089 2.7661 -0.2317
v -0.6153 2.9104 -0.2691
v -0.6236 2.9615 -0.2674
v -0.4332 2.9567 -0.3106
v -0.8088 2.9164 -0.2068
v -0.7897 2.7708 -0.1644
v -0.8633 2.7702 -0.1216
v -0.8919 2.9173 -0.1702
v -0.8967 2.9690 -0.1666
v -0.8095 2.9676 -0.2015
v -0.9529 2.7726 -0.0596
v -1.0009 2.9201 -0.1176
v -0.9983 2.9692 -0.1066
v -0.7312 2.7678 -0.1900
v -0.7416 2.9108 -0.2314
v -0.7332 2.9639 -0.2292
v -0.0066 5.7756 -0.1620
v -0.0063 5.7958 -0.1542
v -0.0074 5.7443 -0.1721
v -0.0066 5.7141 -0.1916
v -0.1528 5.7608 -0.1731
v -0.2711 5.7379 -0.1329
v -0.2641 5.7528 -0.1202
v -0.1408 5.7785 -0.1510
v -0.1730 5.6274 -0.2164
v -0.1586 5.7273 -0.1791
v -0.2811 5.7115 -0.1408
v -0.2934 5.6530 -0.1738
v -0.4417 5.6234 -0.0295
v -0.3710 5.6692 -0.0775
v -0.3978 5.6104 -0.1124
v -0.4713 5.5629 -0.0508
v -0.4327 5.6557 -0.0188
v -0.3625 5.6982 -0.0687
v -0.4255 5.6767 -0.0095
v -0.3570 5.7155 -0.0594
v -0.0112 3.0794 1.5190
v -0.5314 3.3299 1.5742
v -0.5849 3.2747 1.5720
v -0.2243 3.1190 1.4888
v -0.2015 3.1612 1.5063
v -0.2377 3.0621 1.4642
v -0.4258 3.0618 1.4377
v -0.1167 3.1100 1.5090
v -0.1762 3.1750 1.5127
v -0.1734 3.1774 1.5011
v -0.1880 3.1662 1.5136
v -0.4271 3.0334 1.4259
v -0.2382 3.0356 1.4615
v -0.1144 3.1235 1.5166
v -0.1151 3.1194 1.5199
v -0.0112 3.0734 1.5169
v -0.6077 3.3541 1.5946
v -0.6527 3.3032 1.5904
v -0.6119 3.0378 1.4170
v -0.6782 3.3758 1.6099
v -0.7202 3.3281 1.6072
v -0.6085 3.0117 1.3861
v -0.6075 2.9618 1.3781
v -0.7955 3.2917 1.6005
v -0.8871 3.2702 1.5894
v -0.7350 3.0122 1.4060
v -0.9204 3.3214 1.6044
v -0.8552 3.3339 1.6128
v -0.7978 3.3645 1.6187
v -0.9119 3.3844 1.6231
v -0.7181 2.9905 1.3559
v -0.7122 2.9395 1.3493
v -0.9683 3.2608 1.5836
v -0.8226 3.0073 1.3795
v -1.0401 3.2625 1.5754
v -0.9232 3.0073 1.3243
v -1.0430 3.3165 1.5918
v -0.9855 3.3102 1.5988
v -0.9543 3.3703 1.6187
v -1.0010 3.3631 1.6149
v -1.0465 3.3674 1.6097
v -1.0855 3.3771 1.6037
v -0.9025 2.9796 1.2592
v -0.7996 2.9858 1.3174
v -0.7888 2.9364 1.3058
v -1.1058 3.2664 1.5662
v -1.1500 3.2901 1.5519
v -1.1655 3.3764 1.5608
v -1.1360 3.3455 1.5738
v -1.0958 3.3244 1.5836
v -0.4840 3.3970 1.5734
v -0.4566 3.4336 1.5691
v -0.4547 3.4268 1.5789
v -0.4673 3.4129 1.5816
v -0.6683 3.4780 1.6030
v -0.6676 3.4270 1.6075
v -0.5855 3.4133 1.5979
v -0.6066 3.4738 1.5842
v -0.6749 3.5320 1.5931
v -0.6091 3.5356 1.5833
v -0.6975 3.5902 1.5722
v -0.5623 3.4740 1.5885
v -0.6569 3.6095 1.5587
v -0.5234 3.5001 1.5782
v -0.5269 3.4952 1.5847
v -0.5456 3.4848 1.5908
v -0.5803 3.5712 1.5719
v -0.5840 3.5685 1.5801
v -0.5938 3.5533 1.5847
v -0.6259 3.6423 1.5417
v -0.6322 3.6438 1.5526
v -0.6416 3.6302 1.5591
v -0.7789 3.6143 1.5698
v -0.7291 3.6413 1.5480
v -0.7458 3.4433 1.6201
v -0.7309 3.4847 1.6153
v -0.7406 3.5322 1.6086
v -0.7523 3.5730 1.5911
v -0.7593 3.3986 1.6236
v -0.9068 3.4807 1.6301
v -0.8941 3.5164 1.6227
v -0.8961 3.5458 1.6140
v -0.9197 3.5860 1.5957
v -0.9363 3.4438 1.6313
v -0.9193 3.4610 1.6317
v -0.8612 3.6174 1.5771
v -0.8954 3.6403 1.5626
v -0.9045 3.5670 1.6052
v -0.8355 3.5891 1.5932
v -0.8208 3.5578 1.6076
v -0.8147 3.5257 1.6102
v -0.8314 3.4618 1.6269
v -0.8489 3.4320 1.6277
v -0.8757 3.4054 1.6260
v -1.0247 3.5143 1.6218
v -1.0584 3.5164 1.6122
v -1.0582 3.5083 1.6157
v -1.0564 3.5008 1.6188
v -1.0530 3.4941 1.6214
v -1.0479 3.4884 1.6234
v -0.9560 3.4935 1.6314
v -0.9482 3.5151 1.6241
v -0.9507 3.5339 1.6194
v -0.9407 3.6016 1.5869
v -0.9765 3.5687 1.6037
v -0.9643 3.5588 1.6086
v -0.9664 3.6128 1.5796
v -0.9915 3.5760 1.5992
v -0.9940 3.6189 1.5742
v -1.0077 3.5800 1.5954
v -1.0212 3.6200 1.5703
v -1.0241 3.5808 1.5924
v -1.0462 3.6161 1.5672
v -1.0397 3.5785 1.5902
v -1.0879 3.5954 1.5627
v -1.1085 3.5778 1.5594
v -1.0790 3.5530 1.5878
v -1.0680 3.5651 1.5874
v -1.0866 3.5195 1.5988
v -1.0846 3.5364 1.5924
v -1.0861 3.5040 1.6052
v -1.0829 3.4899 1.6112
v -1.1030 3.4537 1.6048
v -1.0766 3.4771 1.6162
v -1.0888 3.4363 1.6114
v -1.0670 3.4664 1.6201
v -1.0686 3.4234 1.6166
v -1.0540 3.4584 1.6233
v -1.0424 3.4164 1.6210
v -1.0375 3.4539 1.6261
v -1.0125 3.4158 1.6247
v -1.0193 3.4532 1.6287
v -0.9825 3.4206 1.6276
v -1.0013 3.4562 1.6310
v -0.9574 3.4300 1.6298
v -0.9865 3.4620 1.6323
v -0.9739 3.4705 1.6331
v -0.9636 3.4813 1.6331
v -0.9903 3.5026 1.6290
v -0.9942 3.4962 1.6300
v -0.9995 3.4906 1.6301
v -1.0060 3.4861 1.6298
v -1.0135 3.4827 1.6292
v -1.0227 3.4813 1.6280
v -1.0322 3.4818 1.6266
v -1.0409 3.4842 1.6251
v -1.0572 3.5250 1.6089
v -1.0539 3.5332 1.6066
v -1.0482 3.5396 1.6060
v -1.0321 3.5471 1.6073
v -1.0251 3.5478 1.6085
v -1.0169 3.5473 1.6101
v -1.0091 3.5451 1.6121
v -1.0019 3.5413 1.6144
v -0.9959 3.5362 1.6169
v -0.9886 3.5233 1.6225
v -0.9869 3.5140 1.6249
v -1.0410 3.5439 1.6064
v -1.0544 3.5733 1.5886
v -0.9921 3.5318 1.6197
v -0.9557 3.5469 1.6140
v -1.0681 3.6079 1.5649
v -1.1059 3.6305 1.5344
v -1.1728 3.5556 1.5051
v -1.1788 3.5108 1.5165
v -1.1848 3.4625 1.5335
v -1.1768 3.4186 1.5457
v -1.1140 3.5469 1.5697
v -1.1170 3.5207 1.5788
v -1.1166 3.4964 1.5880
v -1.1121 3.4741 1.5968
v -1.1247 3.6091 1.5330
v -1.1160 3.3916 1.5975
v -1.1353 3.4181 1.5867
v -1.1465 3.4489 1.5753
v -1.1511 3.4821 1.5641
v -1.1499 3.5169 1.5534
v -1.1443 3.5520 1.5434
v -1.1364 3.5846 1.5352
v -0.6733 3.7054 1.5125
v -0.6770 3.7065 1.5223
v -0.6890 3.6948 1.5251
v -0.7773 3.6978 1.5247
v -0.8165 3.6562 1.5493
v -0.8352 3.7280 1.5006
v -0.8619 3.6840 1.5309
v -0.7043 3.6756 1.5287
v -0.9108 3.7085 1.5142
v -0.9647 3.7182 1.5062
v -1.0127 3.7200 1.5041
v -0.9344 3.6562 1.5518
v -0.9760 3.6649 1.5452
v -1.0165 3.6663 1.5415
v -1.0527 3.6606 1.5385
v -1.0821 3.6484 1.5360
v -0.0112 3.0820 1.5099
v -0.0112 3.0652 1.5136
v -0.2384 2.9888 1.4698
v -0.1143 3.1299 1.5060
v -0.4223 2.9824 1.4338
v -0.8783 2.9278 1.2468
v -1.0394 2.9980 1.1681
v -1.1597 3.2394 1.5273
v -1.1944 3.2910 1.4972
v -1.1880 3.3306 1.5323
v -1.0183 2.8981 1.1278
v -1.0240 2.9556 1.1468
v -1.1948 3.2604 1.4351
v -1.2176 3.3530 1.4674
v -1.2193 3.3296 1.4005
v -1.2292 3.5027 1.4132
v -1.2062 3.3835 1.5103
v -1.2139 3.4427 1.4893
v -1.2084 3.5049 1.4692
v -1.1970 3.5621 1.4569
v -1.2159 3.5718 1.4046
v -1.1779 3.6196 1.4454
v -1.1429 3.6375 1.4947
v -1.1588 3.6003 1.4968
v -1.2328 3.4267 1.4349
v -1.2368 3.4098 1.3772
v -1.2418 3.5014 1.3608
v -1.2301 3.5818 1.3623
v -1.2371 3.5913 1.3291
v -0.8920 3.7574 1.4802
v -0.8884 3.8163 1.4405
v -0.8840 3.8910 1.3922
v -0.8310 3.7802 1.4627
v -0.8190 3.8241 1.4368
v -0.7731 3.7552 1.4909
v -0.7943 3.8414 1.4232
v -0.7996 3.8472 1.4306
v -0.8099 3.8362 1.4420
v -0.7346 3.7774 1.4752
v -0.7379 3.7805 1.4844
v -0.7486 3.7688 1.4942
v -1.0082 3.8334 1.4248
v -0.9515 3.8296 1.4298
v -1.1075 3.7949 1.4055
v -1.0100 3.7725 1.4677
v -0.9542 3.7696 1.4703
v -1.0611 3.8230 1.4140
v -1.0591 3.7609 1.4623
v -1.1005 3.7402 1.4561
v -1.0584 3.7090 1.5015
v -1.0921 3.6936 1.4999
v -1.1448 3.7530 1.3982
v -1.2098 3.6569 1.3532
v -1.1823 3.7176 1.3515
v -1.1932 3.6416 1.3941
v -1.1596 3.6673 1.4425
v -1.1354 3.7089 1.4483
v -1.1738 3.7000 1.3909
v -1.1227 3.6682 1.4977
v -0.8702 3.9025 1.3942
v -1.2033 3.3025 1.3030
v -1.1864 3.2197 1.3368
v -1.2300 3.3869 1.3092
v -1.0879 2.9822 1.0764
v -1.2056 3.2969 1.2410
v -1.0824 2.8882 1.0422
v -1.0843 2.9434 1.0576
v -1.2459 3.5012 1.3194
v -1.2281 3.3931 1.2695
v -1.2523 3.5102 1.2950
v -1.2398 3.6051 1.3085
v -1.2447 3.4282 1.2544
v -1.2575 3.5208 1.2794
v -1.2449 3.6132 1.2893
v -1.1199 3.8258 1.3651
v -1.1580 3.7709 1.3591
v -1.1937 3.7502 1.3250
v -1.2206 3.6878 1.3274
v -1.1577 3.8269 1.3299
v -1.2175 3.6892 1.3096
v -1.1969 3.7620 1.3071
v -1.1703 3.8372 1.3057
v -1.2310 3.7069 1.2967
v -1.2099 3.7855 1.2973
v -1.1868 3.8600 1.2931
v -0.8502 3.9130 1.3762
v -0.8780 3.9762 1.3418
v -0.8843 3.9812 1.3502
v -0.8557 3.9179 1.3843
v -1.0674 3.9971 1.2959
v -1.0444 3.9569 1.3298
v -1.0110 3.9437 1.3566
v -1.0078 4.0140 1.3063
v -0.9776 3.9635 1.3591
v -0.9337 4.0249 1.3193
v -1.0113 3.9031 1.3763
v -0.9490 3.9053 1.3834
v -1.0135 4.0654 1.2731
v -1.0620 3.8906 1.3639
v -0.9335 4.0741 1.2904
v -0.9143 3.9692 1.3477
v -1.1130 3.9898 1.2862
v -0.8953 4.0313 1.3115
v -0.9015 4.0733 1.2896
v -0.9106 4.0773 1.2980
v -0.9012 4.0360 1.3201
v -0.9283 4.0347 1.3244
v -0.9322 4.0827 1.2951
v -0.9103 3.9788 1.3518
v -1.1158 3.9065 1.3225
v -1.1431 3.9125 1.3055
v -1.1681 3.9239 1.2897
v -1.1695 2.9593 0.8921
v -1.2092 3.3126 1.2090
v -1.2122 3.3383 1.1854
v -1.0939 4.0452 1.2606
v -1.0041 4.1227 1.2338
v -1.0744 4.1177 1.2232
v -0.9327 4.1264 1.2628
v -1.1211 4.0493 1.2553
v -0.9112 4.1262 1.2708
v -1.1442 3.9908 1.2754
v -0.0113 3.0443 1.4966
v -0.2328 3.0935 1.4779
v -0.4283 3.1019 1.4647
v -0.6249 3.0760 1.4608
v -0.7499 3.0473 1.4510
v -0.8500 3.0319 1.4338
v -0.9300 3.0229 1.3844
v -1.0162 3.0313 1.3100
v -1.0688 3.0343 1.2196
v -1.1148 3.0364 1.1230
v -1.1708 2.9958 0.9012
v -0.0113 3.0390 1.4904
v -0.3484 3.3251 1.5265
v -0.3555 3.3236 1.5386
v -0.3597 3.3117 1.5414
v -0.3647 3.2986 1.5391
v -0.4184 3.2554 1.5282
v -0.4946 3.2087 1.5312
v -0.5325 3.2412 1.5591
v -0.6996 3.1707 1.5629
v -0.8119 3.1435 1.5558
v -0.9223 3.1278 1.5447
v -1.0148 3.1227 1.5292
v -1.0918 3.1406 1.4958
v -1.1508 3.1745 1.4361
v -1.1197 3.1415 1.3404
v -1.1357 3.1193 1.1888
v -1.1746 3.0755 0.9376
v -0.2960 3.2829 1.5053
v -0.2941 3.2755 1.5175
v -0.3036 3.2655 1.5223
v -0.3151 3.2601 1.5140
v -0.3747 3.2225 1.5031
v -0.4652 3.1810 1.5080
v -0.6771 3.1418 1.5425
v -0.7990 3.1127 1.5374
v -0.9132 3.0987 1.5199
v -1.0034 3.0899 1.4949
v -1.0741 3.1078 1.4455
v -1.1812 3.2752 1.1080
v -1.1757 3.2343 1.1350
v -1.1679 3.2087 1.1581
v -1.1538 3.1667 1.2202
v -1.1604 3.2095 1.4961
v -1.1013 3.1801 1.5322
v -1.0283 3.1698 1.5483
v -0.9376 3.1705 1.5582
v -0.8338 3.1852 1.5678
v -0.7209 3.2125 1.5732
v -0.4773 3.2948 1.5583
v -0.4247 3.3478 1.5542
v -0.4177 3.3647 1.5593
v -0.4119 3.3815 1.5590
v -1.1231 3.0887 1.1467
v -1.0808 3.0706 1.2528
v -1.0311 3.0558 1.3548
v -0.9576 3.0430 1.4208
v -0.8757 3.0524 1.4640
v -0.7672 3.0730 1.4811
v -0.6403 3.1004 1.4891
v -0.4387 3.1309 1.4964
v -0.3358 3.1336 1.4834
v -0.2536 3.2073 1.5053
v -0.2427 3.2146 1.5145
v -0.2375 3.2278 1.5084
v -0.2380 3.2349 1.4987
v -0.9595 2.9119 1.1897
v -0.9625 2.9674 1.2065
v -1.0026 3.0058 1.2466
v -0.0112 2.9706 1.4957
v -0.0113 3.0126 1.4917
v -1.1235 2.8851 0.9795
v -1.1201 2.9357 0.9921
v -1.1221 2.9698 1.0092
v -1.1350 3.0234 1.0429
v -1.1425 3.0724 1.0673
v -1.1434 3.1432 1.0949
v -1.1604 3.2000 1.1006
v -1.1677 3.2487 1.0738
v -1.1542 3.1704 1.0714
v -1.1587 3.2240 1.0434
v -1.1535 2.8779 0.9223
v -1.1506 2.9308 0.9266
v -1.1514 2.9640 0.9388
v -1.1577 3.0164 0.9690
v -1.1567 3.0575 1.0190
v -1.1631 3.0818 1.0035
v -1.1656 3.1069 0.9915
v -1.1629 3.1588 0.9785
v -1.1992 2.9655 0.8357
v -1.2199 2.9602 0.7661
v -1.2434 2.9605 0.6782
v -1.2542 2.9433 0.5822
v -1.2404 2.9285 0.4586
v -1.2240 2.9163 0.3572
v -1.1998 2.9045 0.2154
v -1.1475 2.8914 0.0895
v -1.0734 2.8872 -0.0459
v -0.9874 2.8806 -0.1064
v -0.8865 2.8741 -0.1560
v -0.8052 2.8718 -0.1960
v -0.7286 2.8692 -0.2245
v -0.6033 2.8680 -0.2625
v -0.4311 2.8646 -0.2953
v -0.2734 2.8624 -0.3054
v -0.1345 2.8607 -0.3051
v -0.0091 2.8585 -0.3080
v -1.2140 3.0357 0.7553
v -1.2427 3.0211 0.6761
v -1.2654 2.9969 0.5796
v -1.2480 2.9821 0.4554
v -1.2405 2.9715 0.3520
v -1.2220 2.9606 0.2166
v -1.1654 2.9478 0.0815
v -1.0841 2.9416 -0.0553
v -1.0067 2.9391 -0.1232
v -0.8983 2.9363 -0.1764
v -0.8101 2.9360 -0.2116
v -0.7417 2.9318 -0.2357
v -0.6151 2.9314 -0.2755
v -0.4336 2.9242 -0.3239
v -0.2691 2.9223 -0.3265
v -0.1316 2.9227 -0.3234
v -0.0115 2.9216 -0.3302
v -1.1980 2.9121 0.8366
v -1.2167 2.9012 0.7713
v -1.2337 2.8888 0.6821
v -1.2384 2.8780 0.5866
v -1.2286 2.8673 0.4662
v -1.2141 2.8596 0.3629
v -0.4094 3.3871 1.5458
v 0.2178 5.0025 -0.4510
v -0.8585 3.2248 1.5775
v -0.7547 3.2528 1.5854
v -0.9529 3.2148 1.5695
v -1.0367 3.2141 1.5619
v -1.1072 3.2222 1.5495
v -1.1889 3.2512 1.2081
v -1.1939 3.2710 1.1746
v -1.1970 3.3042 1.1455
v -0.6593 3.1227 1.5145
v -0.7843 3.0925 1.5126
v -0.8994 3.0738 1.4967
v -0.9858 3.0670 1.4539
v -1.0559 3.0818 1.4064
v -1.0930 3.1059 1.2748
v -1.1499 3.1657 1.1211
v -0.1153 2.9798 1.4815
v -0.1190 3.0254 1.4775
v -0.1222 3.0557 1.4830
v -0.1180 3.0681 1.4942
v -0.1142 3.0892 1.5063
v -0.0112 3.0584 1.5045
v -1.1742 2.8473 0.2197
v -1.1283 2.8369 0.1061
v -1.0577 2.8295 -0.0280
v -0.9692 2.8252 -0.0877
v -0.8708 2.8240 -0.1376
v -0.7987 2.8234 -0.1780
v -0.7308 2.8206 -0.2036
v -0.6085 2.8168 -0.2418
v -0.4266 2.8058 -0.2714
v -0.2647 2.8055 -0.2825
v -0.1281 2.8027 -0.2770
v -0.0061 2.7995 -0.2751
v -1.1508 3.1153 1.0553
v -1.1573 3.1403 1.0361
v -1.1568 3.1964 1.0174
v -0.3360 2.9891 1.4511
v -0.3333 3.0372 1.4463
v -0.3341 3.0675 1.4501
v -0.3373 3.1037 1.4726
v -0.9246 4.2927 1.1352
v -0.9072 4.3855 1.0788
v -0.8906 4.4583 1.0324
v -0.8697 4.5266 0.9876
v -0.8420 4.6276 0.9140
v -0.7978 4.7337 0.8104
v -0.7810 4.8101 0.7518
v -0.7560 4.8801 0.6818
v -0.7228 4.9547 0.6230
v -0.6989 5.0254 0.5624
v -0.6791 5.0825 0.5128
v -0.6564 5.1369 0.4676
v -0.6360 5.1774 0.4359
v -0.6169 5.2191 0.4032
v -0.5957 5.2736 0.3596
v -0.5736 5.3466 0.3039
v -0.5526 5.4123 0.2390
v -0.5375 5.4619 0.1987
v -0.5257 5.5002 0.1611
v -0.5126 5.5328 0.1260
v -0.5006 5.5658 0.0952
v -0.4869 5.5950 0.0649
v -0.4679 5.6322 0.0262
v -0.4360 5.6668 -0.0207
v -0.3655 5.7071 -0.0735
v -0.2722 5.7451 -0.1364
v -0.1522 5.7671 -0.1765
v -0.0064 5.7818 -0.1641
v -0.9076 4.2907 1.1416
v -0.8891 4.3870 1.0812
v -0.8734 4.4621 1.0347
v -0.8558 4.5283 0.9948
v -0.8273 4.6314 0.9141
v -0.7834 4.7388 0.8110
v -0.7679 4.8150 0.7549
v -0.7424 4.8851 0.6893
v -0.7116 4.9586 0.6316
v -0.6856 5.0285 0.5725
v -0.6697 5.0859 0.5217
v -0.6459 5.1417 0.4758
v -0.6274 5.1765 0.4443
v -0.6081 5.2169 0.4128
v -0.5856 5.2739 0.3666
v -0.5635 5.3497 0.3086
v -0.5380 5.4149 0.2435
v -0.5250 5.4629 0.2004
v -0.5154 5.4994 0.1630
v -0.5030 5.5337 0.1268
v -0.4925 5.5689 0.0950
v -0.4808 5.6014 0.0674
v -0.4620 5.6406 0.0312
v -0.4291 5.6814 -0.0121
v -0.3593 5.7201 -0.0631
v -0.2648 5.7568 -0.1245
v -0.1425 5.7820 -0.1555
v -0.0061 5.7964 -0.1595
v -0.0629 2.9753 1.4887
v -0.0647 3.0195 1.4846
v -0.0663 3.0479 1.4879
v -0.0643 3.0584 1.4965
v -0.0624 3.0748 1.5055
v -0.0605 3.0802 1.5117
v -0.0629 3.0895 1.5187
v -0.0625 3.0946 1.5181
v -0.0625 3.0991 1.5100
v -0.4359 2.9295 -0.3325
v -0.4356 2.9514 -0.3342
v -0.6234 2.9347 -0.2852
v -0.6258 2.9577 -0.2873
v -0.8148 2.9402 -0.2235
v -0.8171 2.9644 -0.2262
v -0.9052 2.9413 -0.1838
v -0.9077 2.9657 -0.1833
v -1.2312 2.9661 0.2116
v -1.2333 2.9859 0.2122
v -1.1751 2.9553 0.0770
v -1.1773 2.9746 0.0742
v -1.2716 2.9999 0.5789
v -1.2729 3.0245 0.5776
v -1.2573 2.9872 0.4542
v -1.2630 3.0110 0.4536
v -1.0120 2.9447 -0.1296
v -1.0142 2.9654 -0.1301
v -0.7467 2.9383 -0.2474
v -0.7466 2.9605 -0.2484
v -1.2228 3.0399 0.7577
v -1.2233 3.0602 0.7553
v -1.2521 3.0244 0.6767
v -1.2537 3.0452 0.6733
v -1.2498 2.9795 0.3525
v -1.2515 3.0013 0.3518
v -0.2723 2.9282 -0.3354
v -0.2731 2.9492 -0.3383
v -0.0122 2.9480 -0.3374
v -0.0122 2.9332 -0.3374
v -0.1315 2.9286 -0.3358
v -0.1315 2.9482 -0.3380
v -1.0924 2.9477 -0.0609
v -1.0959 2.9654 -0.0604
v -1.2485 3.4235 1.2601
v -1.2421 3.4204 1.2666
v -1.2148 3.3307 1.1894
v -1.2127 3.3212 1.1973
v -1.2521 3.6127 1.2962
v -1.2460 3.6100 1.3121
v -1.2628 3.5194 1.2851
v -1.2613 3.5140 1.2995
v -1.1462 3.9921 1.2837
v -1.1262 3.9926 1.2907
v -1.1211 4.0502 1.2632
v -1.1018 4.0528 1.2638
v -1.2156 3.7804 1.3033
v -1.2057 3.7729 1.3113
v -1.2358 3.7004 1.3037
v -1.2264 3.6949 1.3130
v -1.1937 3.8545 1.3006
v -1.1820 3.8477 1.3091
v -1.1705 3.9233 1.2978
v -1.1593 3.9198 1.3048
v -1.1737 3.1107 0.9388
v -1.1742 3.0941 0.9414
v -1.1657 3.1448 0.9813
v -1.1666 3.1272 0.9851
v -1.0962 4.1200 1.2227
v -1.0809 4.1225 1.2226
v -1.1817 3.2641 1.1137
v -1.1802 3.2511 1.1226
v -1.1985 3.2949 1.1507
v -1.1972 3.2843 1.1600
v -1.1681 3.2364 1.0790
v -1.1661 3.2207 1.0875
v -1.1604 3.2110 1.0472
v -1.1593 3.1927 1.0564
v -1.1600 3.1815 1.0190
v -1.1603 3.1621 1.0247
v -1.1991 3.0581 0.8530
v -1.2024 3.0768 0.8572
v -1.0398 4.2918 1.1007
v -1.0521 4.2918 1.1032
v -1.0160 4.3811 1.0484
v -1.0305 4.3854 1.0452
v -1.0008 4.4546 1.0050
v -1.0175 4.4564 1.0025
v -0.9799 4.5228 0.9548
v -0.9979 4.5239 0.9530
v -0.9545 4.6254 0.8877
v -0.9743 4.6304 0.8886
v -0.9071 4.7349 0.7941
v -0.9275 4.7407 0.7943
v -0.8740 4.8067 0.7301
v -0.8908 4.8108 0.7275
v -0.8469 4.8852 0.6622
v -0.8673 4.8891 0.6642
v -0.8110 4.9721 0.5891
v -0.8237 4.9816 0.5866
v -0.7791 5.0609 0.5258
v -0.7923 5.0726 0.5238
v -0.7557 5.1145 0.4785
v -0.7698 5.1237 0.4777
v -0.7320 5.1541 0.4417
v -0.7462 5.1618 0.4423
v -0.7112 5.1833 0.4126
v -0.7263 5.1851 0.4160
v -0.6911 5.2140 0.3792
v -0.7052 5.2130 0.3824
v -0.6688 5.2542 0.3345
v -0.6827 5.2514 0.3376
v -0.6403 5.3186 0.2748
v -0.6548 5.3140 0.2736
v -0.6155 5.3822 0.2138
v -0.6280 5.3730 0.2097
v -0.5942 5.4296 0.1693
v -0.6040 5.4224 0.1644
v -0.5749 5.4595 0.1325
v -0.5847 5.4545 0.1301
v -0.5570 5.4816 0.0977
v -0.5651 5.4782 0.0946
v -0.5432 5.5014 0.0714
v -0.5517 5.4967 0.0672
v -0.5284 5.5278 0.0411
v -0.5398 5.5192 0.0374
v -0.5024 5.5556 -0.0008
v -0.5131 5.5458 -0.0040
v -0.4682 5.5849 -0.0515
v -0.4777 5.5732 -0.0569
v -0.3978 5.6319 -0.1080
v -0.4041 5.6218 -0.1219
v -0.2891 5.6795 -0.1640
v -0.2930 5.6647 -0.1747
v -0.1656 5.6804 -0.2046
v -0.1698 5.6363 -0.2217
v -0.0069 5.7278 -0.1951
v -0.0065 5.7188 -0.1980
v -1.0359 4.2872 1.0954
v -1.0136 4.3747 1.0472
v -0.9949 4.4488 1.0034
v -0.9746 4.5187 0.9496
v -0.9480 4.6176 0.8829
v -0.8991 4.7234 0.7900
v -0.8608 4.7984 0.7287
v -0.8431 4.8773 0.6631
v -0.7969 4.9614 0.5921
v -0.7685 5.0463 0.5266
v -0.7413 5.0999 0.4800
v -0.7158 5.1441 0.4415
v -0.6933 5.1782 0.4116
v -0.6741 5.2113 0.3790
v -0.6549 5.2531 0.3332
v -0.6269 5.3187 0.2756
v -0.6066 5.3785 0.2126
v -0.5834 5.4289 0.1710
v -0.5640 5.4610 0.1362
v -0.5467 5.4842 0.1029
v -0.5321 5.5050 0.0742
v -0.5184 5.5318 0.0440
v -0.4933 5.5623 0.0028
v -0.4591 5.5889 -0.0449
v -0.3859 5.6281 -0.0987
v -0.2848 5.6776 -0.1567
v -0.1635 5.6768 -0.1973
v -0.0071 5.7260 -0.1905
v -1.0748 4.1899 1.1624
v -0.9032 4.1934 1.2175
v -0.9929 4.1940 1.1795
v -0.9323 4.2017 1.2117
v -0.9301 4.2044 1.2171
v -0.9090 4.2005 1.2239
v -1.0590 4.2025 1.1700
v -1.0726 4.1957 1.1699
v -1.0552 4.1929 1.1657
v -0.9046 2.9630 1.2646
v -0.8937 2.9346 1.2611
v -0.7982 2.9444 1.3192
v -0.8021 2.9729 1.3196
v -0.6073 2.9970 1.3956
v -0.6065 2.9689 1.3944
v -0.4233 2.9913 1.4439
v -0.4254 3.0183 1.4409
v -0.7202 2.9470 1.3623
v -0.7177 2.9747 1.3637
v -0.9761 2.9548 1.2091
v -0.9732 2.9221 1.2050
v -0.2382 2.9968 1.4802
v -0.2382 3.0229 1.4749
v -0.3339 3.0239 1.4607
v -0.3350 2.9982 1.4637
v -1.0987 2.9250 1.0520
v -1.0968 2.8980 1.0510
v -1.0323 2.9084 1.1431
v -1.0331 2.9390 1.1474
v -0.0112 2.9764 1.5066
v -0.0112 3.0023 1.5043
v -0.0642 3.0082 1.4978
v -0.0634 2.9825 1.5001
v -1.1400 2.9194 0.9886
v -1.1369 2.8940 0.9885
v -1.1686 2.9131 0.9267
v -1.1651 2.8866 0.9297
v -1.1882 2.9068 0.8898
v -1.1829 2.8821 0.8951
v -1.2083 2.8960 0.8387
v -1.2036 2.8717 0.8455
v -1.2271 2.8840 0.7730
v -1.2245 2.8575 0.7785
v -1.2368 2.8716 0.6808
v -1.2349 2.8440 0.6819
v -1.2412 2.8627 0.5876
v -1.2391 2.8364 0.5917
v -1.2371 2.8522 0.4676
v -1.2335 2.8275 0.4700
v -1.2242 2.8446 0.3635
v -1.2182 2.8196 0.3611
v -0.1162 2.9872 1.4942
v -0.1179 3.0134 1.4916
v -1.1897 2.8322 0.2133
v -1.1776 2.8078 0.2195
v -1.1436 2.8202 0.0952
v -1.1312 2.7939 0.0987
v -1.0612 2.8165 -0.0285
v -1.0454 2.7915 -0.0148
v -0.9747 2.8108 -0.0866
v -0.9681 2.7855 -0.0774
v -0.8746 2.8061 -0.1427
v -0.8742 2.7842 -0.1406
v -0.8053 2.8060 -0.1877
v -0.8012 2.7831 -0.1835
v -0.7425 2.8050 -0.2167
v -0.7418 2.7787 -0.2110
v -0.6151 2.8018 -0.2533
v -0.6159 2.7756 -0.2541
v -0.4282 2.7932 -0.2800
v -0.4274 2.7684 -0.2775
v -0.2651 2.7903 -0.2880
v -0.2633 2.7692 -0.2838
v -0.1283 2.7886 -0.2865
v -0.1231 2.7639 -0.2789
v -0.0055 2.7838 -0.2790
v -0.0048 2.7588 -0.2748
v 0.9085 4.4656 1.0011
v 0.8561 4.4679 1.0125
v 1.0021 4.3879 1.0515
v 0.9267 4.3817 1.0589
v 0.8712 4.3864 1.0717
v 0.8229 4.4711 1.0069
v 0.8375 4.3904 1.0670
v 1.0208 4.2931 1.1114
v 1.0707 4.1046 1.2343
v 0.9414 4.2920 1.1181
v 0.8857 4.2988 1.1317
v 0.9056 4.1272 1.2685
v 0.8792 4.1167 1.2636
v 0.8532 4.2952 1.1349
v 1.2616 2.9793 0.5846
v 1.2293 2.8423 0.5872
v 1.1843 3.0138 0.8647
v 1.2088 3.0039 0.7815
v 1.2058 2.8645 0.7857
v 1.1738 2.8746 0.8603
v 1.1860 3.0460 0.8651
v 1.2511 3.0269 0.5810
v 1.1715 3.1082 0.9319
v 1.1624 3.0308 0.9275
v 1.1496 2.9304 0.9205
v 1.1443 2.8815 0.9220
v 1.2123 3.0522 0.7731
v 1.2456 3.0364 0.6750
v 1.2454 2.9923 0.6879
v 1.2264 2.8529 0.6801
v 1.1891 3.0783 0.8682
v 0.8390 4.5546 0.9528
v 0.8088 4.5422 0.9563
v 0.8866 4.5530 0.9390
v 0.9612 4.5400 0.9429
v 0.9809 4.4693 0.9934
v 0.7331 4.9451 0.6158
v 0.8020 4.9506 0.5890
v 0.8431 4.8684 0.6751
v 0.7750 4.8599 0.6944
v 0.7821 4.6514 0.8599
v 0.8123 4.6513 0.8651
v 0.8573 4.6494 0.8583
v 0.8187 4.7526 0.7774
v 0.8849 4.7592 0.7664
v 0.9265 4.6529 0.8507
v 0.7777 4.7519 0.7868
v 0.7443 4.7579 0.7817
v 0.7007 4.8830 0.7123
v 0.7345 4.8720 0.7083
v 0.6901 4.9594 0.6312
v 0.6589 4.9701 0.6261
v 0.5457 5.2490 0.4112
v 0.5362 5.2924 0.3840
v 0.6027 5.1576 0.4642
v 0.6359 5.0985 0.5015
v 0.6008 5.1130 0.5079
v 0.5737 5.1775 0.4735
v 0.6387 5.1411 0.4506
v 0.6707 5.0845 0.4883
v 0.6131 5.1904 0.4177
v 0.6811 5.1782 0.3946
v 0.7111 5.1319 0.4277
v 0.6293 5.0524 0.5564
v 0.6574 5.0393 0.5516
v 0.7451 5.0837 0.4662
v 0.7791 5.0274 0.5205
v 0.7002 5.0208 0.5391
v 0.6485 5.2335 0.3400
v 0.5817 5.2776 0.3516
v 0.5958 5.2334 0.3874
v 0.5696 5.2472 0.4023
v 0.5590 5.2922 0.3696
v 0.6656 5.2074 0.3695
v 0.5820 5.2049 0.4305
v 0.5553 5.2211 0.4379
v 1.2205 2.9435 0.2202
v 1.1788 2.9379 0.0902
v 1.1093 2.8068 0.1086
v 1.1698 2.8099 0.2283
v 1.2430 2.9674 0.4620
v 1.2132 2.8286 0.4646
v 1.2447 3.0170 0.4622
v 1.2320 3.0055 0.3575
v 1.2154 2.9948 0.2185
v 1.0877 2.9312 -0.0545
v 1.0284 2.7974 -0.0012
v 1.0892 2.9772 -0.0434
v 1.1766 2.9855 0.0890
v 1.2023 2.8198 0.3595
v 1.2308 2.9535 0.3590
v 0.5245 5.3546 0.3309
v 0.5661 5.3302 0.3030
v 0.5452 5.3501 0.3204
v 0.6227 5.2824 0.2823
v 0.5150 5.4130 0.2616
v 0.5018 5.4595 0.2083
v 0.5235 5.4547 0.2045
v 0.5347 5.4063 0.2548
v 0.4361 5.6200 -0.0381
v 0.4750 5.5563 -0.0460
v 0.5208 5.5256 -0.0038
v 0.4732 5.5885 0.0082
v 0.4607 5.6188 0.0161
v 0.4245 5.6502 -0.0326
v 0.5369 5.4730 0.1537
v 0.5746 5.4262 0.1293
v 0.5422 5.4330 0.1944
v 0.5184 5.4946 0.1643
v 0.5585 5.4840 0.0600
v 0.5211 5.5372 0.0796
v 0.5020 5.5623 0.0459
v 0.5424 5.5054 0.0273
v 0.5064 5.5677 0.0866
v 0.4869 5.5961 0.0539
v 0.4691 5.5999 0.0517
v 0.4465 5.6326 0.0178
v 0.4116 5.6648 -0.0261
v 0.5324 5.5070 0.1158
v 0.5696 5.4574 0.0951
v 0.5173 5.5313 0.1246
v 0.4864 5.5697 0.0892
v 0.4938 5.5314 0.1288
v 0.4956 5.4984 0.1661
v 0.5827 5.3854 0.1690
v 0.5527 5.3845 0.2447
v 0.6005 5.3368 0.2195
v 0.2510 2.7583 -0.2631
v 0.2496 2.9037 -0.3350
v 0.2540 2.9608 -0.3284
v 0.1093 2.7568 -0.2597
v 0.1067 2.9128 -0.3217
v 0.1049 2.9638 -0.3230
v 0.4099 2.9115 -0.3258
v 0.4143 2.7583 -0.2549
v 0.5770 2.7568 -0.2342
v 0.5955 2.9123 -0.2821
v 0.6038 2.9634 -0.2830
v 0.4144 2.9621 -0.3189
v 0.7916 2.9190 -0.2255
v 0.7654 2.7661 -0.1781
v 0.8502 2.7702 -0.1381
v 0.8837 2.9213 -0.1858
v 0.8872 2.9727 -0.1828
v 0.7918 2.9701 -0.2215
v 0.9473 2.7888 -0.0741
v 1.0016 2.9266 -0.1234
v 0.9984 2.9739 -0.1159
v 0.6984 2.7621 -0.2047
v 0.7222 2.9131 -0.2490
v 0.7137 2.9662 -0.2485
v 0.1293 5.7672 -0.1624
v 0.2503 5.7387 -0.1404
v 0.2433 5.7569 -0.1257
v 0.1174 5.7855 -0.1386
v 0.1451 5.6832 -0.2035
v 0.1348 5.7399 -0.1699
v 0.2504 5.7106 -0.1488
v 0.2684 5.6547 -0.1791
v 0.3929 5.6488 -0.0815
v 0.3334 5.6792 -0.1182
v 0.3612 5.6252 -0.1433
v 0.4283 5.5885 -0.0942
v 0.3827 5.6749 -0.0751
v 0.3274 5.7039 -0.1095
v 0.3715 5.6926 -0.0646
v 0.3184 5.7224 -0.0960
v 0.5375 3.3317 1.5859
v 0.5776 3.2778 1.5818
v 0.1949 3.1058 1.5157
v 0.1712 3.1417 1.5290
v 0.2099 3.0491 1.4922
v 0.3913 3.0535 1.4676
v 0.0922 3.0972 1.5258
v 0.1510 3.1622 1.5355
v 0.1484 3.1665 1.5251
v 0.1590 3.1535 1.5370
v 0.3927 3.0266 1.4551
v 0.2104 3.0226 1.4890
v 0.0900 3.1107 1.5332
v 0.0907 3.1065 1.5364
v 0.6215 3.3566 1.6011
v 0.6520 3.3068 1.5998
v 0.5721 3.0351 1.4318
v 0.6894 3.3799 1.6169
v 0.7183 3.3323 1.6175
v 0.5656 3.0130 1.4026
v 0.5636 2.9650 1.4044
v 0.7771 3.2988 1.6147
v 0.8613 3.2763 1.6102
v 0.7190 3.0171 1.4005
v 0.8959 3.3240 1.6324
v 0.8340 3.3410 1.6367
v 0.7890 3.3683 1.6373
v 0.8879 3.3888 1.6525
v 0.7029 2.9960 1.3501
v 0.6937 2.9469 1.3493
v 0.9435 3.2614 1.6072
v 0.8116 3.0047 1.3710
v 1.0092 3.2599 1.5924
v 0.8908 3.0005 1.3184
v 1.0118 3.3151 1.6155
v 0.9595 3.3112 1.6269
v 0.9291 3.3729 1.6498
v 0.9737 3.3644 1.6459
v 1.0160 3.3673 1.6387
v 1.0516 3.3769 1.6305
v 0.8871 2.9698 1.2582
v 0.8001 2.9794 1.3094
v 0.7928 2.9332 1.3010
v 1.0667 3.2689 1.5731
v 1.1128 3.2874 1.5461
v 1.1228 3.3738 1.5785
v 1.0995 3.3415 1.5915
v 1.0580 3.3244 1.6026
v 0.5027 3.3979 1.5793
v 0.4777 3.4369 1.5695
v 0.4745 3.4295 1.5808
v 0.4868 3.4146 1.5854
v 0.6957 3.4839 1.6050
v 0.6856 3.4320 1.6113
v 0.6115 3.4159 1.5985
v 0.6392 3.4789 1.5876
v 0.7150 3.5364 1.5958
v 0.6548 3.5391 1.5787
v 0.7485 3.5942 1.5818
v 0.5956 3.4790 1.5813
v 0.7171 3.6122 1.5655
v 0.5583 3.5048 1.5674
v 0.5616 3.4998 1.5745
v 0.5800 3.4896 1.5821
v 0.6306 3.5735 1.5654
v 0.6337 3.5709 1.5741
v 0.6418 3.5560 1.5792
v 0.6884 3.6451 1.5455
v 0.6946 3.6467 1.5577
v 0.7035 3.6327 1.5651
v 0.8122 3.6201 1.5864
v 0.7796 3.6494 1.5612
v 0.7522 3.4483 1.6318
v 0.7563 3.4876 1.6247
v 0.7619 3.5322 1.6138
v 0.7853 3.5777 1.6038
v 0.7595 3.4035 1.6381
v 0.8809 3.4863 1.6444
v 0.8784 3.5273 1.6455
v 0.8831 3.5492 1.6376
v 0.9073 3.5886 1.6195
v 0.9049 3.4436 1.6581
v 0.8886 3.4624 1.6538
v 0.8699 3.6199 1.5980
v 0.8982 3.6423 1.5849
v 0.8928 3.5700 1.6286
v 0.8463 3.5932 1.6119
v 0.8302 3.5615 1.6246
v 0.8203 3.5297 1.6347
v 0.8220 3.4735 1.6416
v 0.8321 3.4369 1.6473
v 0.8555 3.4090 1.6513
v 0.9886 3.5167 1.6561
v 1.0299 3.5183 1.6453
v 1.0297 3.5102 1.6493
v 1.0280 3.5027 1.6529
v 1.0246 3.4960 1.6559
v 1.0196 3.4903 1.6583
v 0.9225 3.4994 1.6537
v 0.9221 3.5217 1.6526
v 0.9248 3.5374 1.6474
v 0.9263 3.6039 1.6110
v 0.9525 3.5713 1.6317
v 0.9408 3.5616 1.6367
v 0.9484 3.6147 1.6034
v 0.9663 3.5783 1.6271
v 0.9717 3.6206 1.5972
v 0.9812 3.5822 1.6232
v 0.9952 3.6215 1.5926
v 0.9965 3.5829 1.6201
v 1.0182 3.6175 1.5894
v 1.0116 3.5804 1.6179
v 1.0589 3.5968 1.5859
v 1.0790 3.5791 1.5822
v 1.0500 3.5546 1.6167
v 1.0392 3.5668 1.6156
v 1.0573 3.5211 1.6299
v 1.0554 3.5380 1.6225
v 1.0566 3.5055 1.6373
v 1.0532 3.4913 1.6439
v 1.0713 3.4540 1.6352
v 1.0469 3.4784 1.6495
v 1.0572 3.4364 1.6425
v 1.0376 3.4677 1.6541
v 1.0378 3.4238 1.6488
v 1.0250 3.4599 1.6579
v 1.0131 3.4174 1.6539
v 1.0092 3.4557 1.6611
v 0.9849 3.4175 1.6581
v 0.9917 3.4552 1.6637
v 0.9560 3.4227 1.6606
v 0.9732 3.4572 1.6644
v 0.9281 3.4301 1.6599
v 0.9553 3.4609 1.6637
v 0.9409 3.4698 1.6622
v 0.9294 3.4826 1.6590
v 0.9530 3.5069 1.6582
v 0.9588 3.4964 1.6611
v 0.9661 3.4874 1.6632
v 0.9717 3.4802 1.6643
v 0.9838 3.4826 1.6639
v 0.9950 3.4828 1.6630
v 1.0046 3.4836 1.6617
v 1.0130 3.4858 1.6602
v 1.0287 3.5270 1.6415
v 1.0255 3.5352 1.6386
v 1.0199 3.5416 1.6377
v 1.0053 3.5490 1.6385
v 0.9971 3.5506 1.6395
v 0.9886 3.5525 1.6398
v 0.9809 3.5501 1.6419
v 0.9727 3.5461 1.6444
v 0.9628 3.5422 1.6465
v 0.9531 3.5304 1.6517
v 0.9533 3.5194 1.6558
v 1.0130 3.5460 1.6379
v 1.0259 3.5750 1.6165
v 0.9536 3.5388 1.6483
v 0.9315 3.5503 1.6422
v 1.0395 3.6092 1.5876
v 1.0775 3.6325 1.5479
v 1.1444 3.5574 1.5132
v 1.1406 3.5120 1.5267
v 1.1349 3.4649 1.5453
v 1.1284 3.4174 1.5615
v 1.0841 3.5482 1.5955
v 1.0868 3.5220 1.6066
v 1.0857 3.4974 1.6171
v 1.0807 3.4747 1.6268
v 1.0966 3.6106 1.5460
v 1.0813 3.3899 1.6225
v 1.0991 3.4169 1.6115
v 1.1093 3.4485 1.5997
v 1.1141 3.4835 1.5868
v 1.1167 3.5179 1.5732
v 1.1143 3.5533 1.5598
v 1.1077 3.5861 1.5490
v 0.7335 3.7103 1.5180
v 0.7374 3.7114 1.5286
v 0.7495 3.7000 1.5328
v 0.8226 3.6963 1.5358
v 0.8457 3.6574 1.5668
v 0.8669 3.7266 1.5152
v 0.8818 3.6848 1.5501
v 0.7629 3.6818 1.5383
v 0.9201 3.7082 1.5336
v 0.9584 3.7218 1.5206
v 0.9977 3.7189 1.5115
v 0.9300 3.6576 1.5734
v 0.9621 3.6667 1.5641
v 0.9950 3.6668 1.5573
v 1.0264 3.6614 1.5527
v 1.0545 3.6495 1.5499
v 0.2106 2.9755 1.4968
v 0.0899 3.1172 1.5226
v 0.3882 2.9766 1.4630
v 0.8789 2.9206 1.2582
v 1.0105 2.9939 1.1754
v 1.1168 3.2429 1.4650
v 1.1554 3.2951 1.4445
v 1.1421 3.3284 1.5262
v 1.0081 2.9036 1.1549
v 1.0100 2.9575 1.1653
v 1.1746 3.2713 1.3446
v 1.1680 3.3530 1.4490
v 1.1874 3.3342 1.3612
v 1.1901 3.5001 1.4310
v 1.1509 3.3814 1.5169
v 1.1551 3.4462 1.5006
v 1.1679 3.5055 1.4788
v 1.1724 3.5638 1.4619
v 1.1945 3.5714 1.4160
v 1.1584 3.6217 1.4562
v 1.1186 3.6402 1.5013
v 1.1345 3.6024 1.5046
v 1.1749 3.4264 1.4520
v 1.1907 3.4068 1.3894
v 1.2067 3.4949 1.3863
v 1.2111 3.5786 1.3798
v 1.2196 3.5859 1.3486
v 0.9087 3.7558 1.4963
v 0.8954 3.8060 1.4612
v 0.8854 3.8892 1.4073
v 0.8614 3.7646 1.4890
v 0.8481 3.8188 1.4518
v 0.8205 3.7483 1.4999
v 0.8227 3.8356 1.4374
v 0.8275 3.8413 1.4454
v 0.8390 3.8307 1.4567
v 0.7820 3.7727 1.4811
v 0.7855 3.7758 1.4908
v 0.7969 3.7645 1.5009
v 1.0012 3.8301 1.4214
v 0.9424 3.8376 1.4347
v 1.0954 3.7933 1.4003
v 0.9999 3.7705 1.4668
v 0.9524 3.7733 1.4813
v 1.0501 3.8198 1.4064
v 1.0452 3.7600 1.4555
v 1.0845 3.7405 1.4515
v 1.0378 3.7091 1.5033
v 1.0694 3.6944 1.5015
v 1.1294 3.7539 1.4049
v 1.1870 3.6610 1.3800
v 1.1641 3.7304 1.3753
v 1.1755 3.6420 1.4137
v 1.1378 3.6731 1.4533
v 1.1159 3.7131 1.4517
v 1.1528 3.7050 1.4098
v 1.0972 3.6725 1.5013
v 0.8744 3.8979 1.4114
v 1.1875 3.3098 1.2931
v 1.1671 3.2358 1.2816
v 1.2085 3.3783 1.3149
v 1.0633 2.9854 1.1095
v 1.1842 3.3089 1.2626
v 1.0621 2.8964 1.0886
v 1.0638 2.9505 1.0991
v 1.2178 3.4917 1.3474
v 1.2205 3.3996 1.2944
v 1.2315 3.4996 1.3210
v 1.2227 3.5989 1.3278
v 1.2326 3.4233 1.2839
v 1.2386 3.5101 1.3006
v 1.2284 3.6072 1.3104
v 1.0946 3.8460 1.3581
v 1.1374 3.7941 1.3629
v 1.1762 3.7504 1.3489
v 1.1983 3.6797 1.3533
v 1.1533 3.8223 1.3340
v 1.1960 3.6892 1.3364
v 1.1810 3.7613 1.3296
v 1.1578 3.8315 1.3165
v 1.2114 3.7022 1.3214
v 1.1951 3.7824 1.3187
v 1.1731 3.8539 1.3062
v 0.8550 3.9068 1.3931
v 0.8742 3.9685 1.3554
v 0.8801 3.9735 1.3639
v 0.8597 3.9121 1.4013
v 1.0475 3.9739 1.3140
v 1.0463 3.9294 1.3353
v 0.9986 3.9434 1.3481
v 0.9920 3.9942 1.3208
v 0.9573 3.9514 1.3583
v 0.9253 4.0067 1.3338
v 1.0025 3.8920 1.3800
v 0.9458 3.9051 1.3899
v 0.9894 4.0470 1.2893
v 1.0487 3.8803 1.3646
v 0.9150 4.0610 1.3013
v 0.9104 3.9564 1.3643
v 1.0910 3.9736 1.3013
v 0.8840 4.0218 1.3233
v 0.8842 4.0646 1.2978
v 0.8930 4.0676 1.3071
v 0.8895 4.0259 1.3321
v 0.9155 4.0210 1.3373
v 0.9130 4.0706 1.3051
v 0.9036 3.9692 1.3659
v 1.1011 3.8956 1.3264
v 1.1307 3.9026 1.3129
v 1.1494 3.9148 1.3015
v 1.1520 2.9634 0.9220
v 1.2001 3.3218 1.2505
v 1.2079 3.3364 1.2454
v 1.0669 4.0273 1.2824
v 0.9753 4.1166 1.2473
v 1.0466 4.1060 1.2439
v 0.9072 4.1213 1.2654
v 1.0969 4.0348 1.2751
v 0.8870 4.1226 1.2710
v 1.1216 3.9783 1.2912
v 0.2049 3.0802 1.5065
v 0.3938 3.0920 1.4887
v 0.5868 3.0700 1.4772
v 0.7252 3.0500 1.4455
v 0.8267 3.0315 1.4253
v 0.9091 3.0236 1.3797
v 1.0018 3.0274 1.2865
v 1.0434 3.0326 1.2033
v 1.0841 3.0355 1.1480
v 1.1555 2.9986 0.9219
v 0.3275 3.3275 1.5270
v 0.3352 3.3258 1.5440
v 0.3388 3.3141 1.5436
v 0.3445 3.2980 1.5307
v 0.3926 3.2573 1.5131
v 0.4645 3.2083 1.5253
v 0.5145 3.2448 1.5604
v 0.6695 3.1762 1.5518
v 0.7795 3.1528 1.5346
v 0.8859 3.1305 1.5244
v 0.9634 3.1228 1.5053
v 1.0373 3.1331 1.4673
v 1.1214 3.1861 1.3223
v 1.1121 3.1526 1.2684
v 1.1362 3.1557 1.2005
v 1.1685 3.0771 0.9227
v 0.2684 3.2770 1.5132
v 0.2668 3.2695 1.5252
v 0.2758 3.2594 1.5264
v 0.2873 3.2526 1.5136
v 0.3440 3.2162 1.4848
v 0.4315 3.1754 1.5012
v 0.6375 3.1418 1.5398
v 0.7567 3.1155 1.5155
v 0.8658 3.0978 1.4938
v 0.9462 3.0882 1.4681
v 1.0277 3.1002 1.4269
v 1.1772 3.2738 1.2022
v 1.1671 3.2605 1.2078
v 1.1573 3.2339 1.2218
v 1.1470 3.1967 1.2345
v 1.1242 3.2198 1.3874
v 1.0524 3.1775 1.5090
v 0.9857 3.1687 1.5391
v 0.9067 3.1723 1.5558
v 0.8041 3.1946 1.5617
v 0.6949 3.2177 1.5718
v 0.4675 3.2977 1.5646
v 0.4197 3.3496 1.5675
v 0.4154 3.3662 1.5737
v 0.4122 3.3831 1.5722
v 1.1206 3.0986 1.1657
v 1.0810 3.0797 1.2256
v 1.0167 3.0539 1.3457
v 0.9215 3.0439 1.4183
v 0.8393 3.0508 1.4531
v 0.7341 3.0735 1.4702
v 0.6002 3.0951 1.4993
v 0.4045 3.1225 1.5078
v 0.3051 3.1226 1.4977
v 0.2382 3.1860 1.5195
v 0.2182 3.2041 1.5304
v 0.2108 3.2161 1.5281
v 0.2097 3.2236 1.5188
v 0.9542 2.9101 1.2074
v 0.9504 2.9622 1.2131
v 0.9664 2.9950 1.2336
v 1.0931 2.8924 1.0298
v 1.0940 2.9421 1.0409
v 1.0945 2.9744 1.0512
v 1.1074 3.0208 1.0653
v 1.1276 3.0677 1.0524
v 1.1365 3.1528 1.1631
v 1.1578 3.2202 1.1740
v 1.1660 3.2427 1.1710
v 1.1522 3.1984 1.1484
v 1.1623 3.2190 1.1436
v 1.1222 2.8855 0.9640
v 1.1261 2.9363 0.9699
v 1.1306 2.9675 0.9771
v 1.1346 3.0055 0.9809
v 1.1418 3.0347 0.9746
v 1.1522 3.0886 0.9688
v 1.1579 3.1249 1.0117
v 1.1629 3.1585 1.0376
v 1.1804 2.9863 0.8677
v 1.2090 2.9756 0.7824
v 1.2412 2.9606 0.6870
v 1.2551 2.9483 0.5852
v 1.2391 2.9341 0.4624
v 1.2230 2.9214 0.3587
v 1.2080 2.9122 0.2191
v 1.1603 2.9063 0.0954
v 1.0783 2.8971 -0.0429
v 0.9859 2.8894 -0.1115
v 0.8774 2.8783 -0.1703
v 0.7879 2.8736 -0.2120
v 0.7071 2.8701 -0.2397
v 0.5820 2.8683 -0.2722
v 0.4115 2.8664 -0.3043
v 0.2499 2.8643 -0.3191
v 0.1136 2.8628 -0.3092
v 1.2142 3.0273 0.7766
v 1.2461 3.0120 0.6888
v 1.2639 2.9970 0.5841
v 1.2477 2.9855 0.4629
v 1.2383 2.9744 0.3572
v 1.2276 2.9667 0.2204
v 1.1852 2.9570 0.0890
v 1.0926 2.9480 -0.0565
v 1.0077 2.9445 -0.1309
v 0.8897 2.9402 -0.1922
v 0.7925 2.9386 -0.2310
v 0.7223 2.9340 -0.2542
v 0.5954 2.9333 -0.2896
v 0.4146 2.9285 -0.3298
v 0.2547 2.9202 -0.3373
v 0.1055 2.9311 -0.3302
v 1.1803 2.9221 0.8576
v 1.2079 2.9131 0.7847
v 1.2358 2.9018 0.6872
v 1.2424 2.8898 0.5866
v 1.2266 2.8763 0.4638
v 1.2142 2.8677 0.3594
v 0.4099 3.3891 1.5584
v 0.8312 3.2328 1.5881
v 0.7340 3.2585 1.5936
v 0.9260 3.2158 1.5827
v 1.0016 3.2120 1.5675
v 1.0633 3.2232 1.5382
v 1.1726 3.2687 1.2475
v 1.1849 3.2939 1.2347
v 1.1925 3.3043 1.2270
v 0.6178 3.1190 1.5172
v 0.7446 3.0941 1.4929
v 0.8527 3.0725 1.4739
v 0.9344 3.0666 1.4389
v 1.0226 3.0762 1.3921
v 1.1025 3.1213 1.2281
v 1.1488 3.1895 1.1860
v 0.0908 2.9663 1.5005
v 0.0943 3.0121 1.4954
v 0.0975 3.0426 1.5006
v 0.0935 3.0550 1.5112
v 0.0898 3.0762 1.5227
v 1.1863 2.8576 0.2226
v 1.1329 2.8570 0.1081
v 1.0593 2.8453 -0.0268
v 0.9656 2.8391 -0.0966
v 0.8600 2.8261 -0.1534
v 0.7778 2.8215 -0.1925
v 0.7028 2.8178 -0.2186
v 0.5809 2.8112 -0.2469
v 0.4140 2.8057 -0.2734
v 0.2491 2.8048 -0.2913
v 0.1137 2.8046 -0.2804
v 1.1357 3.1182 1.0861
v 1.1513 3.1604 1.1050
v 1.1596 3.1921 1.1077
v 0.3050 2.9776 1.4801
v 0.3023 3.0253 1.4758
v 0.3030 3.0551 1.4795
v 0.3063 3.0918 1.4955
v 0.8822 4.2992 1.1428
v 0.8684 4.3941 1.0760
v 0.8544 4.4742 1.0182
v 0.8367 4.5586 0.9595
v 0.8101 4.6575 0.8702
v 0.7733 4.7613 0.7886
v 0.7306 4.8804 0.7117
v 0.6877 4.9671 0.6325
v 0.6560 5.0457 0.5543
v 0.6240 5.1084 0.5076
v 0.5957 5.1676 0.4709
v 0.5747 5.2141 0.4363
v 0.5633 5.2523 0.4088
v 0.5546 5.2973 0.3773
v 0.5450 5.3574 0.3282
v 0.5319 5.4148 0.2612
v 0.5205 5.4636 0.2097
v 0.5146 5.5033 0.1689
v 0.5121 5.5408 0.1290
v 0.5043 5.5771 0.0887
v 0.4864 5.6058 0.0536
v 0.4595 5.6303 0.0155
v 0.4233 5.6622 -0.0331
v 0.3814 5.6868 -0.0745
v 0.3267 5.7155 -0.1085
v 0.2509 5.7478 -0.1417
v 0.1290 5.7737 -0.1655
v 0.8660 4.2988 1.1458
v 0.8496 4.3966 1.0754
v 0.8342 4.4763 1.0172
v 0.8173 4.5554 0.9617
v 0.7907 4.6580 0.8686
v 0.7545 4.7638 0.7882
v 0.7123 4.8852 0.7163
v 0.6688 4.9722 0.6327
v 0.6377 5.0557 0.5596
v 0.6089 5.1173 0.5112
v 0.5813 5.1793 0.4766
v 0.5619 5.2242 0.4412
v 0.5522 5.2560 0.4143
v 0.5431 5.2991 0.3856
v 0.5313 5.3626 0.3339
v 0.5212 5.4207 0.2648
v 0.5066 5.4688 0.2140
v 0.5001 5.5068 0.1709
v 0.4991 5.5430 0.1320
v 0.4900 5.5799 0.0908
v 0.4753 5.6074 0.0525
v 0.4521 5.6384 0.0186
v 0.4165 5.6697 -0.0274
v 0.3761 5.6957 -0.0682
v 0.3229 5.7245 -0.1004
v 0.2449 5.7603 -0.1299
v 0.1192 5.7887 -0.1431
v 0.0397 2.9628 1.5022
v 0.0414 3.0069 1.4976
v 0.0430 3.0352 1.5003
v 0.0410 3.0462 1.5080
v 0.0392 3.0629 1.5161
v 0.0375 3.0686 1.5217
v 0.0397 3.0776 1.5290
v 0.0394 3.0828 1.5283
v 0.0393 3.0873 1.5202
v 0.4175 2.9371 -0.3367
v 0.4183 2.9551 -0.3349
v 0.6037 2.9366 -0.2997
v 0.6060 2.9596 -0.3028
v 0.7970 2.9428 -0.2431
v 0.7990 2.9669 -0.2463
v 0.8965 2.9452 -0.1996
v 0.8982 2.9694 -0.1992
v 1.2372 2.9720 0.2153
v 1.2381 2.9915 0.2156
v 1.1955 2.9639 0.0844
v 1.1971 2.9823 0.0815
v 1.2698 2.9999 0.5834
v 1.2702 3.0235 0.5822
v 1.2572 2.9903 0.4621
v 1.2632 3.0137 0.4617
v 1.0128 2.9499 -0.1379
v 1.0142 2.9700 -0.1393
v 0.7273 2.9406 -0.2663
v 0.7270 2.9627 -0.2679
v 1.2239 3.0311 0.7792
v 1.2262 3.0505 0.7764
v 1.2562 3.0148 0.6893
v 1.2592 3.0342 0.6860
v 1.2476 2.9822 0.3581
v 1.2490 3.0038 0.3577
v 0.2567 2.9315 -0.3423
v 0.2559 2.9497 -0.3423
v 0.1047 2.9384 -0.3433
v 0.1041 2.9593 -0.3464
v 1.1007 2.9537 -0.0626
v 1.1038 2.9711 -0.0628
v 1.2366 3.4110 1.2882
v 1.2295 3.4007 1.2952
v 1.2127 3.3315 1.2472
v 1.2057 3.3201 1.2511
v 1.2349 3.6062 1.3150
v 1.2286 3.6042 1.3314
v 1.2461 3.5090 1.3082
v 1.2406 3.5038 1.3250
v 1.1235 3.9796 1.2995
v 1.1038 3.9780 1.3059
v 1.0969 4.0355 1.2832
v 1.0779 4.0360 1.2843
v 1.2002 3.7799 1.3263
v 1.1898 3.7724 1.3343
v 1.2147 3.7001 1.3310
v 1.2047 3.6950 1.3404
v 1.1798 3.8493 1.3144
v 1.1685 3.8422 1.3215
v 1.1517 3.9143 1.3098
v 1.1404 3.9104 1.3149
v 1.1842 3.1019 0.9336
v 1.1809 3.0816 0.9299
v 1.1688 3.1511 1.0357
v 1.1682 3.1246 1.0207
v 1.0686 4.1097 1.2429
v 1.0528 4.1117 1.2433
v 1.1804 3.2717 1.2051
v 1.1733 3.2587 1.2066
v 1.1983 3.3000 1.2302
v 1.1915 3.2926 1.2351
v 1.1690 3.2371 1.1708
v 1.1655 3.2196 1.1740
v 1.1650 3.2154 1.1467
v 1.1605 3.1956 1.1493
v 1.1644 3.1845 1.1098
v 1.1606 3.1613 1.1083
v 1.1964 3.0524 0.8609
v 1.2010 3.0742 0.8649
v 1.0032 4.2957 1.1190
v 1.0164 4.2973 1.1208
v 0.9832 4.3916 1.0577
v 0.9978 4.3978 1.0546
v 0.9638 4.4727 1.0004
v 0.9779 4.4736 0.9983
v 0.9433 4.5530 0.9452
v 0.9566 4.5506 0.9431
v 0.9096 4.6568 0.8546
v 0.9219 4.6583 0.8543
v 0.8695 4.7610 0.7737
v 0.8815 4.7627 0.7714
v 0.8271 4.8738 0.6807
v 0.8412 4.8774 0.6770
v 0.7840 4.9457 0.6005
v 0.8032 4.9539 0.5970
v 0.7607 5.0262 0.5230
v 0.7772 5.0322 0.5244
v 0.7251 5.0856 0.4694
v 0.7418 5.0890 0.4688
v 0.6910 5.1364 0.4346
v 0.7072 5.1362 0.4321
v 0.6643 5.1825 0.4023
v 0.6805 5.1828 0.3996
v 0.6457 5.2165 0.3739
v 0.6654 5.2124 0.3746
v 0.6295 5.2490 0.3390
v 0.6457 5.2409 0.3411
v 0.6082 5.2961 0.2843
v 0.6198 5.2890 0.2833
v 0.5879 5.3535 0.2238
v 0.5988 5.3449 0.2199
v 0.5728 5.4053 0.1750
v 0.5812 5.3959 0.1701
v 0.5676 5.4440 0.1358
v 0.5741 5.4355 0.1313
v 0.5626 5.4744 0.0987
v 0.5682 5.4665 0.0958
v 0.5494 5.4991 0.0627
v 0.5568 5.4929 0.0597
v 0.5341 5.5208 0.0318
v 0.5422 5.5135 0.0280
v 0.5044 5.5455 -0.0022
v 0.5179 5.5341 -0.0045
v 0.4624 5.5801 -0.0490
v 0.4726 5.5681 -0.0494
v 0.4230 5.6132 -0.0983
v 0.4328 5.6015 -0.1018
v 0.3586 5.6470 -0.1415
v 0.3664 5.6364 -0.1502
v 0.2649 5.6778 -0.1721
v 0.2695 5.6658 -0.1808
v 0.1406 5.7093 -0.1965
v 0.1425 5.6943 -0.2086
v 0.9996 4.2905 1.1122
v 0.9810 4.3844 1.0559
v 0.9588 4.4668 0.9980
v 0.9391 4.5497 0.9394
v 0.9053 4.6502 0.8498
v 0.8659 4.7515 0.7701
v 0.8212 4.8657 0.6766
v 0.7775 4.9384 0.6011
v 0.7524 5.0161 0.5194
v 0.7147 5.0778 0.4693
v 0.6774 5.1303 0.4344
v 0.6472 5.1800 0.4041
v 0.6282 5.2184 0.3753
v 0.6113 5.2576 0.3398
v 0.5915 5.3075 0.2885
v 0.5736 5.3628 0.2288
v 0.5610 5.4133 0.1801
v 0.5560 5.4529 0.1412
v 0.5504 5.4838 0.1045
v 0.5381 5.5091 0.0686
v 0.5237 5.5247 0.0337
v 0.4932 5.5527 -0.0002
v 0.4527 5.5888 -0.0470
v 0.4111 5.6198 -0.0924
v 0.3475 5.6512 -0.1320
v 0.2604 5.6823 -0.1637
v 0.1382 5.7040 -0.1897
v 1.0368 4.1992 1.1814
v 0.8743 4.1975 1.2049
v 0.9582 4.1998 1.1873
v 0.8958 4.2058 1.2046
v 0.8932 4.2084 1.2121
v 0.8781 4.2044 1.2137
v 1.0248 4.2084 1.1874
v 1.0386 4.1997 1.1879
v 1.0210 4.1969 1.1835
v 0.8960 2.9551 1.2674
v 0.8933 2.9283 1.2711
v 0.8044 2.9397 1.3143
v 0.8068 2.9664 1.3141
v 0.5652 2.9989 1.4140
v 0.5642 2.9717 1.4191
v 0.3893 2.9857 1.4736
v 0.3912 3.0122 1.4708
v 0.7047 2.9538 1.3611
v 0.7033 2.9808 1.3609
v 0.9674 2.9511 1.2174
v 0.9686 2.9203 1.2197
v 0.2104 2.9833 1.5072
v 0.2103 3.0096 1.5021
v 0.3029 3.0119 1.4901
v 0.3041 2.9864 1.4928
v 1.0786 2.9331 1.0974
v 1.0770 2.9066 1.0979
v 1.0229 2.9140 1.1686
v 1.0219 2.9426 1.1689
v 0.0410 2.9956 1.5108
v 0.0402 2.9699 1.5135
v 1.1130 2.9266 1.0392
v 1.1080 2.9017 1.0397
v 1.1437 2.9200 0.9693
v 1.1359 2.8944 0.9729
v 1.1654 2.9150 0.9220
v 1.1561 2.8910 0.9280
v 1.1914 2.9074 0.8590
v 1.1847 2.8841 0.8661
v 1.2197 2.8981 0.7854
v 1.2165 2.8737 0.7904
v 1.2409 2.8867 0.6853
v 1.2401 2.8613 0.6859
v 1.2456 2.8753 0.5870
v 1.2434 2.8499 0.5903
v 1.2342 2.8616 0.4642
v 1.2294 2.8377 0.4647
v 1.2238 2.8532 0.3591
v 1.2178 2.8290 0.3552
v 0.0917 2.9736 1.5128
v 0.0934 3.0000 1.5096
v 1.2022 2.8427 0.2159
v 1.1897 2.8187 0.2216
v 1.1469 2.8407 0.0960
v 1.1290 2.8155 0.0984
v 1.0619 2.8328 -0.0280
v 1.0453 2.8094 -0.0169
v 0.9711 2.8257 -0.0966
v 0.9637 2.8015 -0.0903
v 0.8634 2.8076 -0.1591
v 0.8622 2.7850 -0.1575
v 0.7836 2.8033 -0.2023
v 0.7778 2.7791 -0.1977
v 0.7134 2.8014 -0.2316
v 0.7104 2.7737 -0.2256
v 0.5862 2.7950 -0.2576
v 0.5851 2.7672 -0.2573
v 0.4163 2.7930 -0.2816
v 0.4166 2.7679 -0.2778
v 0.2512 2.7880 -0.2931
v 0.2513 2.7678 -0.2863
v 0.1144 2.7908 -0.2903
v 0.1106 2.7670 -0.2843
v 1.1390 3.1463 1.1372
v 0.1391 4.9795 -0.5165
v -0.0846 5.0078 -0.5256
v -0.1557 5.0579 -0.4420
v 1.1357 3.9462 1.2968
v 1.1224 3.9437 1.3109
v 1.1378 3.9466 1.3051
v 1.1082 3.9377 1.3075
v 1.0773 3.9398 1.3182
v -0.7782 3.8024 1.4682
v -0.7866 3.7904 1.4643
v -0.7677 3.8137 1.4576
v -0.7635 3.8093 1.4492
v -1.2270 3.3646 1.2339
v -1.2282 3.3786 1.2242
v -1.2318 3.3726 1.2285
v -1.2212 3.3587 1.2368
v 1.1997 3.3441 1.2830
v 1.2140 3.3607 1.2697
v 1.2214 3.3603 1.2707
v 1.2284 3.3711 1.2657
v 1.2225 3.3744 1.2636
v -0.0026 5.7783 -0.1721
v -0.0020 5.7580 -0.1820
v -0.0234 5.7503 -0.1776
v -0.0158 5.7359 -0.1896
v 0.0077 5.7509 -0.1962
v 0.0133 5.7410 -0.1742
v 0.0202 5.7468 -0.1677
v 0.0083 5.7617 -0.1889
v -1.0096 3.5254 1.6201
v -1.0287 3.4950 1.6253
v -1.0420 3.5063 1.6208
v -1.0053 3.5187 1.6230
v -1.0327 3.5294 1.6148
v -1.0368 3.5002 1.6232
v -1.0100 3.5008 1.6272
v -1.0063 3.5086 1.6260
v -1.0244 3.5311 1.6159
v -1.0162 3.5300 1.6177
v -1.0411 3.5129 1.6183
v -1.0390 3.5244 1.6151
v -1.0185 3.4971 1.6264
v -1.0419 3.5185 1.6163
v 0.9956 3.5001 1.6602
v 0.9836 3.4966 1.6619
v 0.9796 3.5062 1.6602
v 0.9844 3.5312 1.6508
v 0.9918 3.5376 1.6471
v 1.0006 3.5327 1.6479
v 1.0055 3.4993 1.6591
v 1.0124 3.5216 1.6496
v 0.9712 3.5296 1.6521
v 1.0090 3.5298 1.6470
v 0.9753 3.5186 1.6565
v 1.0140 3.5131 1.6532
v 1.0104 3.5062 1.6567
v 0.9718 3.5111 1.6592
vt 0.6781 0.6773
vt 0.6736 0.6779
vt 0.6677 0.6737
vt 0.6693 0.6680
vt 0.6655 0.6792
vt 0.6712 0.6813
vt 0.6681 0.6859
vt 0.6626 0.6845
vt 0.6566 0.6687
vt 0.6612 0.6732
vt 0.6596 0.6772
vt 0.6517 0.6736
vt 0.6019 0.7256
vt 0.6025 0.7285
vt 0.5943 0.7271
vt 0.5937 0.7220
vt 0.1292 0.1544
vt 0.0946 0.1381
vt 0.0996 0.1188
vt 0.1303 0.1381
vt 0.6076 0.7691
vt 0.6030 0.7698
vt 0.5982 0.7481
vt 0.6044 0.7471
vt 0.6134 0.7268
vt 0.6133 0.7292
vt 0.6079 0.7261
vt 0.6078 0.7212
vt 0.6214 0.7264
vt 0.6217 0.7215
vt 0.7089 0.7731
vt 0.7029 0.7695
vt 0.7013 0.7405
vt 0.7117 0.7431
vt 0.7627 0.7739
vt 0.7576 0.7713
vt 0.7603 0.7467
vt 0.7724 0.7493
vt 0.7526 0.7724
vt 0.7462 0.7713
vt 0.7393 0.7440
vt 0.7525 0.7480
vt 0.6113 0.7878
vt 0.6076 0.7691
vt 0.6106 0.7690
vt 0.6138 0.7890
vt 0.6170 0.7683
vt 0.6178 0.7882
vt 0.6148 0.7890
vt 0.6130 0.7688
vt 0.7520 0.7838
vt 0.7476 0.7835
vt 0.7401 0.7714
vt 0.7462 0.7713
vt 0.6489 0.7704
vt 0.6456 0.7704
vt 0.6497 0.7496
vt 0.6547 0.7499
vt 0.6712 0.6813
vt 0.6781 0.6841
vt 0.7556 0.7841
vt 0.7572 0.7848
vt 0.6964 0.7739
vt 0.6892 0.7449
vt 0.7121 0.7742
vt 0.7075 0.7875
vt 0.7063 0.7876
vt 0.7089 0.7731
vt 0.6705 0.6920
vt 0.6621 0.7500
vt 0.6542 0.7703
vt 0.6426 0.7893
vt 0.6390 0.7889
vt 0.6381 0.7704
vt 0.6429 0.7704
vt 0.6613 0.7335
vt 0.6560 0.7307
vt 0.6496 0.7307
vt 0.6489 0.7330
vt 0.6406 0.7294
vt 0.6420 0.7249
vt 0.6560 0.7307
vt 0.6580 0.7262
vt 0.7159 0.7745
vt 0.7095 0.7873
vt 0.7546 0.7840
vt 0.7526 0.7724
vt 0.6429 0.7704
vt 0.6449 0.7495
vt 0.6594 0.6913
vt 0.7393 0.7440
vt 0.7331 0.7458
vt 0.7341 0.7319
vt 0.7416 0.7322
vt 0.6130 0.7688
vt 0.6106 0.7690
vt 0.6086 0.7465
vt 0.6128 0.7468
vt 0.7171 0.7450
vt 0.7231 0.7447
vt 0.7147 0.7271
vt 0.7216 0.7256
vt 0.6613 0.7335
vt 0.6630 0.7310
vt 0.6745 0.7272
vt 0.6721 0.7315
vt 0.6449 0.7495
vt 0.6381 0.7491
vt 0.6655 0.6792
vt 0.6573 0.6823
vt 0.6044 0.7471
vt 0.6025 0.7285
vt 0.6189 0.7470
vt 0.7050 0.7876
vt 0.7004 0.7871
vt 0.6509 0.6843
vt 0.6506 0.7882
vt 0.6463 0.7882
vt 0.6438 0.7891
vt 0.6838 0.7258
vt 0.6988 0.7254
vt 0.6075 0.7887
vt 0.7086 0.7270
vt 0.7550 0.7323
vt 0.7627 0.7335
vt 0.7761 0.7334
vt 0.6246 0.6759
vt 0.6324 0.6828
vt 0.6247 0.6947
vt 0.6146 0.6915
vt 0.2994 0.7384
vt 0.2977 0.7403
vt 0.2877 0.6822
vt 0.2908 0.6830
vt 0.0774 0.7925
vt 0.0791 0.7528
vt 0.0813 0.7528
vt 0.0794 0.7917
vt 0.0902 0.8057
vt 0.0905 0.7894
vt 0.0930 0.7873
vt 0.0951 0.7874
vt 0.4009 0.6310
vt 0.4040 0.6277
vt 0.4038 0.6682
vt 0.3990 0.6692
vt 0.2462 0.6385
vt 0.2444 0.6352
vt 0.2589 0.6424
vt 0.2558 0.6454
vt 0.1359 0.6999
vt 0.1249 0.6975
vt 0.1259 0.6946
vt 0.1371 0.6980
vt 0.3260 0.8091
vt 0.3265 0.7840
vt 0.3299 0.7846
vt 0.3277 0.8114
vt 0.1798 0.7811
vt 0.1784 0.7812
vt 0.1667 0.7490
vt 0.1695 0.7476
vt 0.2217 0.6426
vt 0.2284 0.6305
vt 0.2292 0.6320
vt 0.2225 0.6443
vt 0.3473 0.7867
vt 0.3366 0.8158
vt 0.3344 0.8148
vt 0.3438 0.7858
vt 0.1764 0.7856
vt 0.1642 0.7515
vt 0.3818 0.6359
vt 0.3949 0.6310
vt 0.3959 0.6691
vt 0.3839 0.6724
vt 0.2218 0.6837
vt 0.2157 0.7372
vt 0.2145 0.7358
vt 0.2198 0.6839
vt 0.1103 0.7008
vt 0.1034 0.6930
vt 0.1105 0.6857
vt 0.1156 0.6957
vt 0.1448 0.6814
vt 0.1252 0.6784
vt 0.1254 0.6761
vt 0.1461 0.6790
vt 0.1175 0.6979
vt 0.1124 0.7029
vt 0.2900 0.7382
vt 0.2882 0.7384
vt 0.2675 0.6756
vt 0.2706 0.6772
vt 0.2244 0.7387
vt 0.2232 0.7376
vt 0.2308 0.6864
vt 0.2337 0.6877
vt 0.2642 0.6300
vt 0.2638 0.6323
vt 0.2441 0.6259
vt 0.2443 0.6238
vt 0.3829 0.7191
vt 0.3870 0.7734
vt 0.3834 0.7741
vt 0.3789 0.7194
vt 0.1572 0.7007
vt 0.1601 0.6987
vt 0.1431 0.6833
vt 0.1550 0.7023
vt 0.3336 0.7846
vt 0.3295 0.8124
vt 0.2913 0.7390
vt 0.2977 0.7403
vt 0.2995 0.7536
vt 0.2946 0.7527
vt 0.2099 0.7561
vt 0.2157 0.7372
vt 0.2221 0.7383
vt 0.2142 0.7590
vt 0.1263 0.6920
vt 0.1259 0.6946
vt 0.2817 0.6488
vt 0.2785 0.6488
vt 0.4004 0.7745
vt 0.4018 0.8104
vt 0.3981 0.8097
vt 0.3909 0.7727
vt 0.5774 0.6898
vt 0.5763 0.6767
vt 0.5833 0.6756
vt 0.5873 0.6898
vt 0.3016 0.7406
vt 0.2913 0.7390
vt 0.2741 0.6780
vt 0.3473 0.7867
vt 0.3543 0.7380
vt 0.3588 0.7373
vt 0.3513 0.7867
vt 0.2301 0.6506
vt 0.2286 0.6856
vt 0.1437 0.7115
vt 0.1455 0.7097
vt 0.5209 0.7972
vt 0.5262 0.7992
vt 0.5251 0.8286
vt 0.5218 0.8280
vt 0.1183 0.6997
vt 0.3429 0.6846
vt 0.3426 0.6428
vt 0.3572 0.6502
vt 0.3562 0.6922
vt 0.1481 0.7083
vt 0.1385 0.6943
vt 0.0895 0.7199
vt 0.0917 0.7207
vt 0.0835 0.7522
vt 0.0813 0.7528
vt 0.3885 0.7185
vt 0.3987 0.7176
vt 0.2741 0.6780
vt 0.2682 0.6533
vt 0.2785 0.6488
vt 0.2877 0.6822
vt 0.6136 0.6632
vt 0.6182 0.6673
vt 0.6159 0.6706
vt 0.6106 0.6655
vt 0.2589 0.6424
vt 0.3967 0.8098
vt 0.3870 0.7734
vt 0.2445 0.6209
vt 0.2443 0.6238
vt 0.2284 0.6305
vt 0.2268 0.6288
vt 0.6105 0.6984
vt 0.5993 0.6919
vt 0.6066 0.6851
vt 0.6146 0.6915
vt 0.4034 0.8105
vt 0.4039 0.7745
vt 0.1723 0.7897
vt 0.1573 0.7576
vt 0.6314 0.6663
vt 0.6385 0.6730
vt 0.6346 0.6771
vt 0.6266 0.6719
vt 0.2169 0.6833
vt 0.2191 0.6423
vt 0.0976 0.7513
vt 0.0957 0.7516
vt 0.2462 0.6385
vt 0.2461 0.6430
vt 0.2380 0.6467
vt 0.2365 0.6436
vt 0.2638 0.6552
vt 0.6182 0.6673
vt 0.6221 0.6621
vt 0.1019 0.7220
vt 0.1004 0.7200
vt 0.1701 0.7882
vt 0.1564 0.7590
vt 0.3386 0.8166
vt 0.4676 0.7418
vt 0.4724 0.7381
vt 0.4727 0.7539
vt 0.4680 0.7567
vt 0.4655 0.7285
vt 0.4707 0.7243
vt 0.1133 0.7040
vt 0.1033 0.7222
vt 0.2611 0.6564
vt 0.1939 0.7985
vt 0.1920 0.8008
vt 0.1689 0.7895
vt 0.3641 0.6949
vt 0.3602 0.6954
vt 0.2345 0.6409
vt 0.6204 0.7043
vt 0.2292 0.6320
vt 0.1092 0.6834
vt 0.1014 0.6918
vt 0.3950 0.8096
vt 0.6066 0.6851
vt 0.5993 0.6776
vt 0.0810 0.7926
vt 0.0874 0.8067
vt 0.1242 0.6804
vt 0.4729 0.7728
vt 0.4676 0.7750
vt 0.1455 0.7097
vt 0.1481 0.7083
vt 0.1385 0.6943
vt 0.2950 0.6841
vt 0.2908 0.6830
vt 0.2817 0.6488
vt 0.2849 0.6483
vt 0.2545 0.6487
vt 0.3490 0.7359
vt 0.3369 0.7332
vt 0.3329 0.6400
vt 0.3365 0.6440
vt 0.3377 0.6847
vt 0.3346 0.6823
vt 0.3791 0.6744
vt 0.3314 0.7333
vt 0.3369 0.7332
vt 0.0917 0.7207
vt 0.0810 0.7926
vt 0.2328 0.6519
vt 0.0935 0.7509
vt 0.1001 0.6903
vt 0.1014 0.6918
vt 0.0895 0.7199
vt 0.0875 0.7203
vt 0.3585 0.6549
vt 0.3602 0.6954
vt 0.3624 0.6552
vt 0.2343 0.6535
vt 0.3314 0.7333
vt 0.3276 0.7311
vt 0.4020 0.7181
vt 0.1080 0.6816
vt 0.3781 0.6402
vt 0.3791 0.6744
vt 0.3750 0.6743
vt 0.3750 0.6383
vt 0.4079 0.7741
vt 0.4076 0.7176
vt 0.2667 0.6273
vt 0.3376 0.6400
vt 0.3784 0.6340
vt 0.3818 0.6359
vt 0.2122 0.7368
vt 0.5775 0.6710
vt 0.5826 0.6717
vt 0.0935 0.7509
vt 0.1539 0.7597
vt 0.3594 0.6540
vt 0.5922 0.2716
vt 0.5934 0.2669
vt 0.6191 0.2834
vt 0.6138 0.2864
vt 0.4049 0.8103
vt 0.8126 0.2378
vt 0.7934 0.2404
vt 0.7885 0.2271
vt 0.8092 0.2246
vt 0.4132 0.1951
vt 0.4140 0.1863
vt 0.4545 0.1873
vt 0.4526 0.1975
vt 0.5565 0.2270
vt 0.5806 0.2391
vt 0.5741 0.2463
vt 0.5526 0.2318
vt 0.6445 0.8533
vt 0.6440 0.8586
vt 0.6016 0.8582
vt 0.6018 0.8541
vt 0.8599 0.4117
vt 0.8705 0.4341
vt 0.8543 0.4442
vt 0.8428 0.4197
vt 0.8827 0.9178
vt 0.8588 0.9120
vt 0.8630 0.8999
vt 0.8870 0.9049
vt 0.5004 0.5126
vt 0.5039 0.5113
vt 0.5044 0.5344
vt 0.5013 0.5363
vt 0.1759 0.3221
vt 0.1842 0.3330
vt 0.1774 0.3356
vt 0.1721 0.3237
vt 0.5961 0.2631
vt 0.5934 0.2669
vt 0.5721 0.2506
vt 0.5741 0.2463
vt 0.0778 0.3066
vt 0.0743 0.3296
vt 0.0647 0.3373
vt 0.0673 0.3077
vt 0.4363 0.5626
vt 0.4350 0.5786
vt 0.4333 0.5792
vt 0.4342 0.5628
vt 0.8579 0.9159
vt 0.8819 0.9215
vt 0.1789 0.3197
vt 0.1812 0.3168
vt 0.1934 0.3238
vt 0.1896 0.3289
vt 0.0856 0.9033
vt 0.1149 0.8969
vt 0.1155 0.8993
vt 0.0858 0.9050
vt 0.4408 0.4611
vt 0.4370 0.4627
vt 0.4367 0.4326
vt 0.4407 0.4312
vt 0.7430 0.1980
vt 0.7044 0.2096
vt 0.6982 0.2006
vt 0.7399 0.1887
vt 0.5670 0.1927
vt 0.5291 0.1945
vt 0.5272 0.1844
vt 0.5663 0.1837
vt 0.4790 0.7709
vt 0.4786 0.7506
vt 0.4812 0.7491
vt 0.4810 0.7702
vt 0.4659 0.6666
vt 0.4599 0.6696
vt 0.4574 0.6578
vt 0.4635 0.6549
vt 0.7619 0.9026
vt 0.7609 0.9086
vt 0.7350 0.9062
vt 0.7363 0.9001
vt 0.0909 0.3060
vt 0.1061 0.3059
vt 0.1032 0.3220
vt 0.0877 0.3268
vt 0.4509 0.6254
vt 0.4447 0.6278
vt 0.4422 0.6117
vt 0.4488 0.6096
vt 0.4465 0.3335
vt 0.4492 0.3561
vt 0.4366 0.3580
vt 0.4341 0.3352
vt 0.8418 0.3299
vt 0.8519 0.3391
vt 0.8474 0.3454
vt 0.8379 0.3343
vt 0.7145 0.8505
vt 0.7448 0.8513
vt 0.7441 0.8579
vt 0.7147 0.8551
vt 0.4632 0.7145
vt 0.4685 0.7100
vt 0.5486 0.2384
vt 0.5270 0.2254
vt 0.5280 0.2214
vt 0.5503 0.2350
vt 0.3333 0.8817
vt 0.3319 0.8718
vt 0.3627 0.8701
vt 0.3641 0.8795
vt 0.1710 0.8832
vt 0.2038 0.8771
vt 0.2046 0.8801
vt 0.1711 0.8859
vt 0.1034 0.3362
vt 0.0876 0.3447
vt 0.1032 0.3220
vt 0.1181 0.3183
vt 0.4433 0.8676
vt 0.4441 0.8636
vt 0.4759 0.8635
vt 0.4759 0.8675
vt 0.6025 0.8949
vt 0.6022 0.8914
vt 0.6407 0.8907
vt 0.6414 0.8952
vt 0.0543 0.2827
vt 0.0596 0.2523
vt 0.0628 0.2520
vt 0.0591 0.2825
vt 0.8540 0.3162
vt 0.8650 0.3158
vt 0.8664 0.3282
vt 0.8556 0.3250
vt 0.5226 0.3327
vt 0.5101 0.3325
vt 0.5144 0.3064
vt 0.5290 0.3067
vt 0.4489 0.6457
vt 0.4518 0.6608
vt 0.4497 0.6619
vt 0.4466 0.6465
vt 0.4153 0.1802
vt 0.3836 0.1761
vt 0.3846 0.1676
vt 0.4166 0.1715
vt 0.8253 0.3094
vt 0.8243 0.3078
vt 0.8296 0.3043
vt 0.8315 0.3072
vt 0.4476 0.5855
vt 0.4556 0.5828
vt 0.4553 0.5938
vt 0.4474 0.5972
vt 0.1705 0.3141
vt 0.1718 0.3133
vt 0.1789 0.3197
vt 0.1759 0.3221
vt 0.0333 0.0982
vt 0.0397 0.1163
vt 0.0353 0.1205
vt 0.0294 0.1025
vt 0.8502 0.3904
vt 0.8418 0.3723
vt 0.8518 0.3661
vt 0.8619 0.3832
vt 0.9162 0.2130
vt 0.9155 0.2258
vt 0.9137 0.2254
vt 0.9141 0.2123
vt 0.0423 0.9188
vt 0.0414 0.9124
vt 0.0615 0.9086
vt 0.0634 0.9135
vt 0.5274 0.6219
vt 0.5250 0.6216
vt 0.5248 0.6013
vt 0.5274 0.6010
vt 0.4637 0.7301
vt 0.4656 0.7432
vt 0.4634 0.7442
vt 0.4616 0.7311
vt 0.6935 0.1899
vt 0.7374 0.1782
vt 0.9035 0.0373
vt 0.9008 0.0318
vt 0.9138 0.0231
vt 0.9166 0.0277
vt 0.5037 0.8516
vt 0.5038 0.8560
vt 0.4759 0.8558
vt 0.4758 0.8504
vt 0.5249 0.3738
vt 0.5262 0.3551
vt 0.5292 0.3554
vt 0.5274 0.3744
vt 0.5227 0.7116
vt 0.5250 0.7125
vt 0.5258 0.7268
vt 0.5222 0.7256
vt 0.7969 0.2823
vt 0.7875 0.2707
vt 0.8027 0.2660
vt 0.8072 0.2790
vt 0.6001 0.8646
vt 0.6001 0.8751
vt 0.5625 0.8717
vt 0.5634 0.8637
vt 0.5249 0.3738
vt 0.5245 0.3902
vt 0.5212 0.3900
vt 0.5213 0.3725
vt 0.2586 0.3201
vt 0.2776 0.3225
vt 0.2911 0.3244
vt 0.2735 0.3411
vt 0.4638 0.5901
vt 0.4639 0.5991
vt 0.4625 0.6002
vt 0.4623 0.5901
vt 0.3622 0.2752
vt 0.3462 0.2583
vt 0.3624 0.2469
vt 0.3806 0.2621
vt 0.4233 0.2327
vt 0.4281 0.2354
vt 0.4075 0.2502
vt 0.4036 0.2463
vt 0.7775 0.2581
vt 0.7875 0.2707
vt 0.7723 0.2768
vt 0.7557 0.2661
vt 0.7742 0.3117
vt 0.7768 0.3265
vt 0.7570 0.3192
vt 0.7542 0.3084
vt 0.4383 0.5765
vt 0.4396 0.5605
vt 0.4427 0.5588
vt 0.4410 0.5752
vt 0.5155 0.6941
vt 0.5207 0.6976
vt 0.5202 0.7101
vt 0.5139 0.7066
vt 0.5223 0.6552
vt 0.5239 0.6558
vt 0.5231 0.6677
vt 0.5213 0.6670
vt 0.5229 0.6893
vt 0.5212 0.6879
vt 0.5210 0.6777
vt 0.5228 0.6788
vt 0.9212 0.1989
vt 0.9249 0.1795
vt 0.9275 0.1798
vt 0.9230 0.1993
vt 0.5253 0.4903
vt 0.5263 0.5102
vt 0.5245 0.5102
vt 0.5235 0.4896
vt 0.1800 0.3003
vt 0.1901 0.2962
vt 0.1932 0.3012
vt 0.1817 0.3033
vt 0.1458 0.3265
vt 0.1502 0.3304
vt 0.1426 0.3417
vt 0.1367 0.3359
vt 0.6470 0.3000
vt 0.6441 0.3040
vt 0.5265 0.6565
vt 0.5254 0.6679
vt 0.4665 0.6536
vt 0.4689 0.6652
vt 0.4350 0.6115
vt 0.4370 0.6120
vt 0.4394 0.6291
vt 0.4371 0.6290
vt 0.8034 0.3047
vt 0.8013 0.3082
vt 0.7905 0.3055
vt 0.7937 0.3002
vt 0.1385 0.8908
vt 0.1149 0.8969
vt 0.1130 0.8912
vt 0.1370 0.8857
vt 0.5008 0.6980
vt 0.5022 0.6866
vt 0.5035 0.6877
vt 0.5022 0.6998
vt 0.1831 0.3124
vt 0.1959 0.3164
vt 0.4166 0.1715
vt 0.4165 0.1671
vt 0.4573 0.1678
vt 0.4572 0.1726
vt 0.7973 0.9027
vt 0.7639 0.8958
vt 0.7643 0.8927
vt 0.7994 0.8975
vt 0.3318 0.8667
vt 0.3314 0.8632
vt 0.3616 0.8621
vt 0.3629 0.8649
vt 0.3149 0.8673
vt 0.3147 0.8642
vt 0.9658 0.9032
vt 0.9648 0.9078
vt 0.9431 0.9032
vt 0.9438 0.8988
vt 0.0405 0.1676
vt 0.0372 0.1547
vt 0.0409 0.1520
vt 0.0444 0.1655
vt 0.1740 0.2382
vt 0.1726 0.2494
vt 0.1580 0.2485
vt 0.1582 0.2384
vt 0.4577 0.6838
vt 0.4629 0.6800
vt 0.4651 0.6900
vt 0.4599 0.6948
vt 0.4351 0.5913
vt 0.4334 0.5917
vt 0.8946 0.8818
vt 0.9217 0.8885
vt 0.9206 0.8929
vt 0.8938 0.8860
vt 0.5102 0.5842
vt 0.5094 0.5735
vt 0.5157 0.5739
vt 0.5170 0.5857
vt 0.9184 0.1743
vt 0.9159 0.1947
vt 0.9073 0.1896
vt 0.9088 0.1681
vt 0.0664 0.9222
vt 0.0713 0.9389
vt 0.0499 0.9437
vt 0.0460 0.9301
vt 0.7434 0.8625
vt 0.7441 0.8579
vt 0.7698 0.8610
vt 0.7688 0.8649
vt 0.7027 0.3296
vt 0.6969 0.3340
vt 0.6675 0.3131
vt 0.6712 0.3081
vt 0.2059 0.8849
vt 0.1732 0.8913
vt 0.7653 0.1247
vt 0.7970 0.1119
vt 0.7982 0.1184
vt 0.7652 0.1298
vt 0.0470 0.0140
vt 0.0607 0.0260
vt 0.0546 0.0318
vt 0.0406 0.0197
vt 0.7613 0.2853
vt 0.7403 0.2771
vt 0.2818 0.2863
vt 0.2602 0.2904
vt 0.2503 0.2756
vt 0.2704 0.2700
vt 0.5952 0.1608
vt 0.6227 0.1565
vt 0.6230 0.1611
vt 0.5949 0.1658
vt 0.4922 0.3499
vt 0.4936 0.3514
vt 0.4921 0.3689
vt 0.4908 0.3686
vt 0.5034 0.7650
vt 0.5002 0.7923
vt 0.4968 0.7914
vt 0.4996 0.7643
vt 0.0829 0.8932
vt 0.0839 0.8978
vt 0.0605 0.9014
vt 0.0613 0.8976
vt 0.9010 0.2539
vt 0.8844 0.2697
vt 0.8868 0.2454
vt 0.9001 0.2283
vt 0.2422 0.8777
vt 0.2432 0.8866
vt 0.2079 0.8935
vt 0.2059 0.8849
vt 0.8144 0.2509
vt 0.7981 0.2532
vt 0.1388 0.2159
vt 0.1437 0.2310
vt 0.1245 0.2334
vt 0.1103 0.2104
vt 0.8877 0.3379
vt 0.8859 0.3168
vt 0.8945 0.3178
vt 0.8964 0.3435
vt 0.4914 0.2026
vt 0.4918 0.2066
vt 0.4739 0.2105
vt 0.4732 0.2077
vt 0.4838 0.8242
vt 0.4858 0.7950
vt 0.4880 0.7941
vt 0.4855 0.8243
vt 0.4425 0.6282
vt 0.4466 0.6465
vt 0.4441 0.6477
vt 0.4394 0.6291
vt 0.3168 0.9004
vt 0.3168 0.8953
vt 0.3339 0.8942
vt 0.3327 0.8995
vt 0.4976 0.5518
vt 0.4987 0.5522
vt 0.5006 0.5637
vt 0.4994 0.5632
vt 0.4759 0.8604
vt 0.4433 0.8611
vt 0.9205 0.1614
vt 0.9073 0.1520
vt 0.9132 0.1442
vt 0.9260 0.1409
vt 0.4627 0.7766
vt 0.4614 0.8016
vt 0.4603 0.8018
vt 0.4616 0.7764
vt 0.8280 0.1212
vt 0.8333 0.1445
vt 0.7959 0.1619
vt 0.7948 0.1406
vt 0.4962 0.5138
vt 0.4938 0.4875
vt 0.4949 0.4872
vt 0.4973 0.5138
vt 0.2305 0.3668
vt 0.2114 0.3802
vt 0.2044 0.3633
vt 0.2185 0.3534
vt 0.5225 0.3541
vt 0.3429 0.3013
vt 0.3265 0.3140
vt 0.3231 0.3093
vt 0.3416 0.2956
vt 0.5264 0.7123
vt 0.5271 0.7264
vt 0.1032 0.0923
vt 0.1327 0.1145
vt 0.2449 0.9014
vt 0.2450 0.9047
vt 0.2117 0.9123
vt 0.2097 0.9070
vt 0.7955 0.3493
vt 0.8026 0.3371
vt 0.8086 0.3401
vt 0.8049 0.3541
vt 0.7875 0.2875
vt 0.9067 0.2063
vt 0.9077 0.2222
vt 0.9385 0.9166
vt 0.9339 0.9294
vt 0.9110 0.9239
vt 0.9152 0.9106
vt 0.7300 0.2424
vt 0.7424 0.2547
vt 0.7200 0.2709
vt 0.6965 0.2634
vt 0.1410 0.8988
vt 0.1732 0.8913
vt 0.1766 0.8988
vt 0.1433 0.9068
vt 0.4580 0.7180
vt 0.4597 0.7177
vt 0.4616 0.7311
vt 0.4602 0.7313
vt 0.7606 0.3318
vt 0.7388 0.3219
vt 0.2329 0.2126
vt 0.2294 0.2222
vt 0.2011 0.2177
vt 0.2028 0.2079
vt 0.2120 0.2979
vt 0.2066 0.2899
vt 0.2281 0.2828
vt 0.2368 0.2935
vt 0.8759 0.0927
vt 0.8944 0.0778
vt 0.9014 0.0937
vt 0.8804 0.1160
vt 0.1761 0.2277
vt 0.1596 0.2288
vt 0.6018 0.2144
vt 0.6176 0.2433
vt 0.6006 0.2587
vt 0.5806 0.2391
vt 0.1547 0.2981
vt 0.1599 0.3020
vt 0.1589 0.3035
vt 0.1527 0.3009
vt 0.8631 0.3500
vt 0.8584 0.3588
vt 0.5212 0.6879
vt 0.5160 0.6842
vt 0.0860 0.3882
vt 0.0693 0.3854
vt 0.0648 0.3583
vt 0.0792 0.3676
vt 0.9175 0.9036
vt 0.9412 0.9097
vt 0.2066 0.4002
vt 0.1976 0.4120
vt 0.1828 0.4217
vt 0.1852 0.4049
vt 0.8027 0.2660
vt 0.8154 0.2651
vt 0.9192 0.4414
vt 0.9185 0.4546
vt 0.9138 0.4556
vt 0.9140 0.4418
vt 0.2538 0.3357
vt 0.2404 0.3182
vt 0.4387 0.5999
vt 0.4359 0.6006
vt 0.4351 0.5913
vt 0.4382 0.5894
vt 0.2011 0.2177
vt 0.1974 0.2287
vt 0.1761 0.2277
vt 0.1790 0.2162
vt 0.8076 0.8661
vt 0.8071 0.8703
vt 0.0570 0.2525
vt 0.0519 0.2825
vt 0.8200 0.3300
vt 0.8191 0.3216
vt 0.8210 0.3207
vt 0.8238 0.3293
vt 0.0619 0.2812
vt 0.0678 0.2440
vt 0.0793 0.2475
vt 0.0699 0.2805
vt 0.4614 0.7162
vt 0.5644 0.8498
vt 0.6013 0.8500
vt 0.6018 0.8541
vt 0.5648 0.8538
vt 0.1888 0.3684
vt 0.1723 0.3716
vt 0.1729 0.3524
vt 0.1848 0.3511
vt 0.0953 0.1747
vt 0.1298 0.1903
vt 0.7672 0.8712
vt 0.7682 0.8674
vt 0.8064 0.8732
vt 0.8050 0.8774
vt 0.1131 0.0551
vt 0.1095 0.0607
vt 0.0886 0.0471
vt 0.0915 0.0417
vt 0.7547 0.2958
vt 0.7334 0.2916
vt 0.9830 0.9213
vt 0.9636 0.9159
vt 0.9643 0.9102
vt 0.9858 0.9144
vt 0.2613 0.3053
vt 0.2861 0.3048
vt 0.2349 0.3803
vt 0.2066 0.4002
vt 0.1397 0.8935
vt 0.1385 0.8908
vt 0.8362 0.3949
vt 0.8306 0.3760
vt 0.4588 0.5923
vt 0.4598 0.6031
vt 0.4563 0.6059
vt 0.4553 0.5938
vt 0.5209 0.7972
vt 0.5194 0.7968
vt 0.5194 0.7698
vt 0.5209 0.7704
vt 0.8612 0.5090
vt 0.8678 0.5073
vt 0.8749 0.5292
vt 0.8684 0.5302
vt 0.8264 0.3155
vt 0.8265 0.3134
vt 0.8343 0.3149
vt 0.8345 0.3192
vt 0.0474 0.4162
vt 0.0470 0.3936
vt 0.0499 0.3911
vt 0.0502 0.4155
vt 0.4627 0.3763
vt 0.4658 0.3760
vt 0.4665 0.3967
vt 0.4638 0.3976
vt 0.7246 0.1241
vt 0.7588 0.1108
vt 0.7623 0.1161
vt 0.7279 0.1288
vt 0.5121 0.5105
vt 0.5126 0.5316
vt 0.4918 0.2097
vt 0.4731 0.2146
vt 0.2316 0.1232
vt 0.2339 0.1175
vt 0.2610 0.1267
vt 0.2588 0.1317
vt 0.0938 0.2611
vt 0.0817 0.2836
vt 0.5240 0.5463
vt 0.5247 0.5622
vt 0.5218 0.5619
vt 0.5212 0.5464
vt 0.5242 0.6416
vt 0.5275 0.6422
vt 0.1951 0.3067
vt 0.1932 0.3012
vt 0.2120 0.2979
vt 0.2149 0.3064
vt 0.9181 0.1948
vt 0.9212 0.1989
vt 0.9191 0.2149
vt 0.9162 0.2130
vt 0.5242 0.6416
vt 0.5226 0.6412
vt 0.5229 0.6211
vt 0.5250 0.6216
vt 0.0753 0.3496
vt 0.0876 0.3447
vt 0.0923 0.3624
vt 0.0792 0.3676
vt 0.0673 0.3077
vt 0.0604 0.3109
vt 0.5215 0.5301
vt 0.5250 0.5300
vt 0.0600 0.3879
vt 0.0693 0.3854
vt 0.0721 0.4157
vt 0.0610 0.4151
vt 0.8845 0.4727
vt 0.8926 0.4920
vt 0.8698 0.5044
vt 0.8637 0.4837
vt 0.7896 0.3121
vt 0.7915 0.3222
vt 0.6484 0.2889
vt 0.6622 0.2713
vt 0.6856 0.2809
vt 0.6758 0.3021
vt 0.8981 0.2921
vt 0.8892 0.2948
vt 0.7080 0.9010
vt 0.7084 0.8957
vt 0.7375 0.8942
vt 0.7363 0.9001
vt 0.1121 0.8867
vt 0.1365 0.8816
vt 0.4778 0.6909
vt 0.4757 0.6830
vt 0.4769 0.6815
vt 0.4791 0.6899
vt 0.5051 0.7175
vt 0.5072 0.7032
vt 0.5139 0.7066
vt 0.5133 0.7214
vt 0.7598 0.3525
vt 0.7725 0.3676
vt 0.7699 0.3805
vt 0.7514 0.3612
vt 0.8728 0.0801
vt 0.8467 0.0958
vt 0.8458 0.0891
vt 0.8722 0.0722
vt 0.9232 0.0720
vt 0.9389 0.0583
vt 0.9445 0.0678
vt 0.9312 0.0785
vt 0.9248 0.4408
vt 0.9251 0.4531
vt 0.0423 0.9188
vt 0.0460 0.9301
vt 0.0293 0.9353
vt 0.0241 0.9245
vt 0.4716 0.6750
vt 0.4685 0.6765
vt 0.2370 0.2038
vt 0.2056 0.1988
vt 0.8244 0.3570
vt 0.8148 0.3565
vt 0.8151 0.3417
vt 0.8216 0.3419
vt 0.6876 0.8956
vt 0.6876 0.8906
vt 0.7087 0.8913
vt 0.7084 0.8957
vt 0.8664 0.3282
vt 0.8775 0.3326
vt 0.8658 0.3395
vt 0.8550 0.3321
vt 0.1708 0.3900
vt 0.1514 0.3870
vt 0.1565 0.3689
vt 0.1723 0.3716
vt 0.4759 0.8675
vt 0.5042 0.8672
vt 0.5044 0.8777
vt 0.4756 0.8778
vt 0.1073 0.3494
vt 0.9041 0.4454
vt 0.9048 0.4278
vt 0.2008 0.1035
vt 0.1966 0.1096
vt 0.1073 0.3494
vt 0.1214 0.3382
vt 0.1265 0.3477
vt 0.1143 0.3612
vt 0.5215 0.5101
vt 0.5200 0.4891
vt 0.0455 0.4405
vt 0.0484 0.4401
vt 0.2384 0.3061
vt 0.1459 0.2398
vt 0.1331 0.2466
vt 0.1270 0.2663
vt 0.1184 0.2776
vt 0.1062 0.2700
vt 0.1201 0.2564
vt 0.4805 0.7960
vt 0.4822 0.7957
vt 0.7664 0.8796
vt 0.8024 0.8852
vt 0.4771 0.7026
vt 0.4752 0.7046
vt 0.4742 0.6937
vt 0.4759 0.6922
vt 0.2382 0.3874
vt 0.2134 0.4061
vt 0.4544 0.6727
vt 0.4525 0.6739
vt 0.1388 0.3163
vt 0.1296 0.3160
vt 0.1314 0.3078
vt 0.1409 0.3087
vt 0.4556 0.5828
vt 0.4578 0.5690
vt 0.4609 0.5691
vt 0.4592 0.5822
vt 0.5193 0.4155
vt 0.5197 0.4463
vt 0.5114 0.4445
vt 0.5100 0.4135
vt 0.4337 0.6002
vt 0.4359 0.6006
vt 0.1580 0.3053
vt 0.1589 0.3035
vt 0.1623 0.3056
vt 0.1616 0.3068
vt 0.1618 0.3084
vt 0.1658 0.3070
vt 0.8122 0.3289
vt 0.8150 0.3210
vt 0.8171 0.3215
vt 0.8161 0.3299
vt 0.8209 0.3929
vt 0.8052 0.3868
vt 0.8047 0.3701
vt 0.8181 0.3746
vt 0.4614 0.7162
vt 0.4596 0.7055
vt 0.4610 0.7042
vt 0.4632 0.7145
vt 0.1533 0.3189
vt 0.1563 0.3212
vt 0.2116 0.3324
vt 0.2053 0.3404
vt 0.6407 0.8907
vt 0.6416 0.8758
vt 0.6710 0.8770
vt 0.6693 0.8901
vt 0.8644 0.5313
vt 0.8575 0.5114
vt 0.5301 0.6420
vt 0.5275 0.6422
vt 0.5274 0.6219
vt 0.5297 0.6214
vt 0.0950 0.9370
vt 0.0961 0.9434
vt 0.0752 0.9491
vt 0.0731 0.9427
vt 0.1961 0.3470
vt 0.1848 0.3511
vt 0.8708 0.3012
vt 0.8611 0.3046
vt 0.8560 0.2935
vt 0.8643 0.2868
vt 0.1498 0.3082
vt 0.1494 0.3124
vt 0.8507 0.2828
vt 0.8584 0.2714
vt 0.9519 0.9479
vt 0.9280 0.9413
vt 0.9300 0.9380
vt 0.9534 0.9448
vt 0.4771 0.7026
vt 0.4795 0.6999
vt 0.4808 0.7147
vt 0.4787 0.7175
vt 0.9429 0.9056
vt 0.9412 0.9097
vt 0.4641 0.5814
vt 0.4627 0.5815
vt 0.8510 0.4668
vt 0.8494 0.4715
vt 0.8292 0.4484
vt 0.8326 0.4449
vt 0.5294 0.6000
vt 0.1344 0.2766
vt 0.1287 0.2852
vt 0.9442 0.1136
vt 0.9461 0.1240
vt 0.9329 0.1497
vt 0.9287 0.1431
vt 0.5066 0.8262
vt 0.5047 0.8260
vt 0.1172 0.5019
vt 0.1134 0.4996
vt 0.1237 0.4867
vt 0.1270 0.4888
vt 0.4494 0.6751
vt 0.4467 0.6630
vt 0.1831 0.3124
vt 0.1743 0.3094
vt 0.1744 0.3065
vt 0.1827 0.3066
vt 0.1430 0.3026
vt 0.1511 0.3043
vt 0.5121 0.5105
vt 0.5112 0.4883
vt 0.5184 0.4880
vt 0.5187 0.5097
vt 0.1626 0.3041
vt 0.1642 0.3031
vt 0.2915 0.2626
vt 0.2533 0.2424
vt 0.2599 0.2306
vt 0.3084 0.2531
vt 0.1080 0.2443
vt 0.0896 0.2243
vt 0.1704 0.3069
vt 0.1698 0.3093
vt 0.1683 0.3105
vt 0.1658 0.3070
vt 0.1701 0.3049
vt 0.1684 0.3036
vt 0.7802 0.2937
vt 0.7752 0.3017
vt 0.4949 0.3874
vt 0.4943 0.4137
vt 0.4901 0.4135
vt 0.4910 0.3868
vt 0.8973 0.1814
vt 0.8981 0.1616
vt 0.6876 0.8956
vt 0.6865 0.9013
vt 0.6700 0.9015
vt 0.6706 0.8952
vt 0.2153 0.4117
vt 0.2411 0.3921
vt 0.1910 0.3858
vt 0.1888 0.3684
vt 0.9190 0.8982
vt 0.9206 0.8929
vt 0.8203 0.0914
vt 0.8241 0.1009
vt 0.7970 0.1119
vt 0.7930 0.1038
vt 0.0578 0.3120
vt 0.0559 0.3389
vt 0.0515 0.3397
vt 0.0524 0.3118
vt 0.1700 0.3365
vt 0.1630 0.4110
vt 0.1423 0.4077
vt 0.2155 0.3245
vt 0.9235 0.1620
vt 0.9209 0.1750
vt 0.9184 0.1743
vt 0.9205 0.1614
vt 0.4635 0.4571
vt 0.4631 0.4890
vt 0.4608 0.4887
vt 0.4614 0.4561
vt 0.4588 0.5923
vt 0.4592 0.5822
vt 0.6693 0.8901
vt 0.5200 0.7247
vt 0.1776 0.2976
vt 0.1859 0.2919
vt 0.1332 0.3554
vt 0.1437 0.3635
vt 0.1357 0.3805
vt 0.1235 0.3715
vt 0.7075 0.9073
vt 0.0466 0.4623
vt 0.0484 0.4401
vt 0.0551 0.4426
vt 0.0521 0.4659
vt 0.6450 0.8488
vt 0.8063 0.3020
vt 0.7987 0.2960
vt 0.4610 0.3759
vt 0.4507 0.3778
vt 0.4492 0.3561
vt 0.4604 0.3541
vt 0.6836 0.1540
vt 0.6809 0.1453
vt 0.7279 0.1288
vt 0.7294 0.1376
vt 0.7464 0.3734
vt 0.7642 0.3919
vt 0.7620 0.3948
vt 0.7430 0.3763
vt 0.0640 0.2122
vt 0.0626 0.1946
vt 0.0749 0.1953
vt 0.0750 0.2132
vt 0.8599 0.4117
vt 0.8732 0.4039
vt 0.5054 0.6713
vt 0.5061 0.6611
vt 0.5082 0.6622
vt 0.5073 0.6720
vt 0.5245 0.6903
vt 0.5249 0.6794
vt 0.5269 0.6788
vt 0.5260 0.6898
vt 0.0712 0.0338
vt 0.0738 0.0290
vt 0.3638 0.8930
vt 0.4072 0.8935
vt 0.4071 0.8971
vt 0.3632 0.8977
vt 0.5039 0.8626
vt 0.8434 0.2920
vt 0.8360 0.2994
vt 0.8324 0.2954
vt 0.8386 0.2857
vt 0.3325 0.8524
vt 0.3312 0.8579
vt 0.3139 0.8586
vt 0.3132 0.8526
vt 0.9097 0.3530
vt 0.9047 0.3491
vt 0.9024 0.3195
vt 0.9085 0.3232
vt 0.1663 0.3025
vt 0.8639 0.0588
vt 0.8819 0.0461
vt 0.8849 0.0520
vt 0.8674 0.0646
vt 0.4805 0.7321
vt 0.4828 0.7300
vt 0.4840 0.7476
vt 0.4812 0.7491
vt 0.4536 0.2183
vt 0.4546 0.2230
vt 0.1565 0.2865
vt 0.1598 0.2941
vt 0.1570 0.2958
vt 0.1523 0.2893
vt 0.8203 0.0914
vt 0.8164 0.0853
vt 0.8387 0.0732
vt 0.8421 0.0801
vt 0.8995 0.5187
vt 0.8765 0.5273
vt 0.5271 0.3892
vt 0.3503 0.1863
vt 0.3805 0.1925
vt 0.3784 0.2066
vt 0.3482 0.2021
vt 0.7368 0.8909
vt 0.0839 0.8978
vt 0.7214 0.3553
vt 0.7232 0.3528
vt 0.8658 0.2430
vt 0.8523 0.2319
vt 0.8646 0.2148
vt 0.8844 0.2247
vt 0.2929 0.8685
vt 0.2940 0.8734
vt 0.2655 0.8754
vt 0.2645 0.8707
vt 0.1340 0.2996
vt 0.1314 0.3078
vt 0.1199 0.3065
vt 0.1236 0.2959
vt 0.5249 0.6794
vt 0.5228 0.6788
vt 0.0736 0.4520
vt 0.0892 0.4403
vt 0.0909 0.4646
vt 0.0791 0.4823
vt 0.8729 0.1948
vt 0.8934 0.2037
vt 0.1466 0.2799
vt 0.1415 0.2855
vt 0.1344 0.2766
vt 0.1408 0.2691
vt 0.5101 0.1935
vt 0.5093 0.1837
vt 0.4643 0.5682
vt 0.4658 0.5679
vt 0.1296 0.3160
vt 0.1187 0.3289
vt 0.1042 0.4386
vt 0.1121 0.4486
vt 0.8809 0.1568
vt 0.8281 0.1803
vt 0.8311 0.1652
vt 0.8707 0.1453
vt 0.4974 0.3291
vt 0.4968 0.3511
vt 0.4936 0.3514
vt 0.4949 0.3281
vt 0.2641 0.8684
vt 0.2403 0.8711
vt 0.2390 0.8671
vt 0.2631 0.8637
vt 0.5227 0.6991
vt 0.0678 0.2440
vt 0.0641 0.2296
vt 0.5067 0.6800
vt 0.5045 0.6792
vt 0.4452 0.8965
vt 0.4457 0.9016
vt 0.4075 0.9029
vt 0.4071 0.8971
vt 0.2002 0.4162
vt 0.1856 0.4262
vt 0.1042 0.4949
vt 0.1138 0.4778
vt 0.1159 0.4816
vt 0.1058 0.4979
vt 0.0593 0.3380
vt 0.0647 0.3373
vt 0.0648 0.3583
vt 0.0589 0.3619
vt 0.8997 0.4601
vt 0.9148 0.4768
vt 0.8015 0.1953
vt 0.7783 0.2002
vt 0.7750 0.1909
vt 0.7998 0.1846
vt 0.6883 0.8771
vt 0.6710 0.8770
vt 0.6726 0.8671
vt 0.6893 0.8669
vt 0.8413 0.3508
vt 0.8333 0.3380
vt 0.0995 0.3783
vt 0.1062 0.2700
vt 0.0959 0.2874
vt 0.9279 0.4754
vt 0.9253 0.4747
vt 0.9251 0.4531
vt 0.9279 0.4538
vt 0.9058 0.2930
vt 0.9081 0.2587
vt 0.9106 0.2597
vt 0.9088 0.2943
vt 0.3784 0.2066
vt 0.4142 0.2068
vt 0.4165 0.2165
vt 0.3779 0.2174
vt 0.1575 0.3074
vt 0.1575 0.3094
vt 0.5311 0.8657
vt 0.5308 0.8613
vt 0.9614 0.9220
vt 0.4333 0.4945
vt 0.4358 0.4937
vt 0.4355 0.5204
vt 0.4333 0.5216
vt 0.8448 0.2739
vt 0.8386 0.2857
vt 0.8327 0.2809
vt 0.8372 0.2680
vt 0.6856 0.9075
vt 0.6687 0.9075
vt 0.0519 0.1967
vt 0.0481 0.1804
vt 0.0530 0.1787
vt 0.0563 0.1955
vt 0.4691 0.6521
vt 0.4710 0.6641
vt 0.0576 0.0816
vt 0.0603 0.0607
vt 0.0818 0.0760
vt 0.0789 0.0984
vt 0.0411 0.4904
vt 0.0453 0.4937
vt 0.0421 0.0621
vt 0.0468 0.0501
vt 0.9209 0.1750
vt 0.5019 0.7923
vt 0.5052 0.7652
vt 0.9178 0.3547
vt 0.9131 0.3536
vt 0.9109 0.3242
vt 0.9164 0.3245
vt 0.5194 0.7968
vt 0.5203 0.8278
vt 0.5133 0.8266
vt 0.5126 0.7946
vt 0.2234 0.2335
vt 0.5105 0.6517
vt 0.5082 0.6513
vt 0.5076 0.6369
vt 0.5097 0.6370
vt 0.9429 0.9056
vt 0.9188 0.8997
vt 0.5005 0.4867
vt 0.5017 0.4652
vt 0.5115 0.4661
vt 0.5112 0.4883
vt 0.0959 0.4154
vt 0.2983 0.9134
vt 0.2720 0.9162
vt 0.2708 0.9097
vt 0.2979 0.9072
vt 0.2641 0.8684
vt 0.2919 0.8661
vt 0.6477 0.2946
vt 0.6199 0.2794
vt 0.6209 0.2726
vt 0.6484 0.2889
vt 0.2599 0.3744
vt 0.2630 0.3771
vt 0.2430 0.3949
vt 0.2411 0.3921
vt 0.5101 0.3325
vt 0.5088 0.3522
vt 0.4980 0.3503
vt 0.4991 0.3292
vt 0.1596 0.2167
vt 0.5644 0.8941
vt 0.5638 0.8898
vt 0.5209 0.3532
vt 0.5226 0.3327
vt 0.5248 0.3314
vt 0.5225 0.3541
vt 0.4854 0.7281
vt 0.4867 0.7468
vt 0.1869 0.4324
vt 0.1578 0.4517
vt 0.1558 0.4440
vt 0.1856 0.4262
vt 0.4918 0.1799
vt 0.5092 0.1778
vt 0.5093 0.1837
vt 0.4913 0.1853
vt 0.3633 0.2798
vt 0.3845 0.2656
vt 0.8841 0.5627
vt 0.8749 0.5292
vt 0.8765 0.5273
vt 0.8870 0.5623
vt 0.1628 0.3148
vt 0.1647 0.3153
vt 0.1636 0.3241
vt 0.1597 0.3230
vt 0.8290 0.2509
vt 0.8268 0.2656
vt 0.2019 0.4222
vt 0.5031 0.6784
vt 0.5045 0.6792
vt 0.9142 0.2427
vt 0.9121 0.2418
vt 0.2599 0.2306
vt 0.2669 0.2209
vt 0.8801 0.9270
vt 0.8551 0.9212
vt 0.2797 0.3527
vt 0.2599 0.3744
vt 0.2580 0.3692
vt 0.2775 0.3472
vt 0.1914 0.1186
vt 0.1893 0.1240
vt 0.1641 0.1124
vt 0.1635 0.1061
vt 0.4342 0.4629
vt 0.4339 0.4330
vt 0.1675 0.2847
vt 0.1615 0.2849
vt 0.1597 0.2741
vt 0.1686 0.2736
vt 0.4608 0.5539
vt 0.4507 0.5558
vt 0.4510 0.5385
vt 0.4620 0.5360
vt 0.2975 0.9018
vt 0.3168 0.9004
vt 0.3177 0.9059
vt 0.2979 0.9072
vt 0.8108 0.3055
vt 0.8099 0.3074
vt 0.1378 0.0978
vt 0.1053 0.0774
vt 0.1588 0.2617
vt 0.1492 0.2644
vt 0.1474 0.2515
vt 0.1580 0.2485
vt 0.0712 0.0338
vt 0.0653 0.0408
vt 0.4659 0.7577
vt 0.4656 0.7432
vt 0.1883 0.1481
vt 0.1914 0.1668
vt 0.1589 0.1557
vt 0.1554 0.1336
vt 0.1357 0.3805
vt 0.1253 0.4011
vt 0.4661 0.4570
vt 0.4667 0.4271
vt 0.4683 0.4264
vt 0.4676 0.4568
vt 0.3433 0.2156
vt 0.8281 0.1803
vt 0.8268 0.1923
vt 0.3843 0.1625
vt 0.1741 0.2860
vt 0.1708 0.2939
vt 0.1668 0.2931
vt 0.1675 0.2847
vt 0.1702 0.0886
vt 0.1669 0.0957
vt 0.6305 0.2005
vt 0.6351 0.2120
vt 0.1558 0.3335
vt 0.1625 0.3357
vt 0.1612 0.3507
vt 0.1509 0.3469
vt 0.1456 0.2974
vt 0.1486 0.2930
vt 0.0386 0.5255
vt 0.0481 0.4935
vt 0.0702 0.5048
vt 0.0584 0.5335
vt 0.4739 0.1810
vt 0.4730 0.1868
vt 0.4545 0.1873
vt 0.4558 0.1812
vt 0.4349 0.4027
vt 0.4390 0.4025
vt 0.8057 0.3246
vt 0.8100 0.3203
vt 0.8124 0.3206
vt 0.8087 0.3271
vt 0.5097 0.2047
vt 0.5093 0.2076
vt 0.0748 0.1173
vt 0.0789 0.0984
vt 0.4400 0.6120
vt 0.4973 0.3688
vt 0.4956 0.3692
vt 0.4968 0.3511
vt 0.4980 0.3503
vt 0.1588 0.2617
vt 0.1707 0.2618
vt 0.4965 0.4445
vt 0.4985 0.4656
vt 0.4947 0.4658
vt 0.4922 0.4444
vt 0.3231 0.3093
vt 0.2958 0.3285
vt 0.2911 0.3244
vt 0.3187 0.3031
vt 0.8244 0.3570
vt 0.8334 0.3548
vt 0.4613 0.6397
vt 0.4647 0.6379
vt 0.5211 0.4161
vt 0.5214 0.4478
vt 0.8297 0.2369
vt 0.8278 0.2232
vt 0.1612 0.3507
vt 0.2580 0.3692
vt 0.2543 0.3621
vt 0.3416 0.2956
vt 0.3402 0.2895
vt 0.4731 0.2163
vt 0.4548 0.2247
vt 0.4546 0.2230
vt 0.4731 0.2146
vt 0.0378 0.0256
vt 0.0518 0.0391
vt 0.1523 0.2893
vt 0.1486 0.2930
vt 0.0489 0.3418
vt 0.0492 0.3120
vt 0.1301 0.3227
vt 0.5325 0.8769
vt 0.0479 0.3679
vt 0.0504 0.3658
vt 0.1565 0.2865
vt 0.1525 0.2757
vt 0.6448 0.2289
vt 0.7044 0.2096
vt 0.7113 0.2189
vt 0.6573 0.2404
vt 0.2031 0.8724
vt 0.2027 0.8675
vt 0.2370 0.8616
vt 0.2390 0.8671
vt 0.1237 0.4867
vt 0.1159 0.4816
vt 0.1308 0.4650
vt 0.1383 0.4697
vt 0.8282 0.2923
vt 0.6895 0.8593
vt 0.6900 0.8539
vt 0.7147 0.8551
vt 0.7139 0.8607
vt 0.8064 0.8732
vt 0.8071 0.8703
vt 0.8365 0.8768
vt 0.8365 0.8794
vt 0.4621 0.4272
vt 0.4621 0.3980
vt 0.4638 0.3976
vt 0.4641 0.4275
vt 0.4919 0.2121
vt 0.3334 0.2316
vt 0.3624 0.2469
vt 0.7334 0.2916
vt 0.7338 0.3070
vt 0.7107 0.3049
vt 0.7122 0.2866
vt 0.0834 0.0629
vt 0.0632 0.0491
vt 0.5098 0.1982
vt 0.4912 0.1969
vt 0.3646 0.2838
vt 0.3877 0.2694
vt 0.4621 0.3980
vt 0.4513 0.4010
vt 0.5193 0.5298
vt 0.4316 0.4017
vt 0.5096 0.3891
vt 0.5100 0.4135
vt 0.4966 0.4132
vt 0.4967 0.3876
vt 0.8365 0.8768
vt 0.8379 0.8725
vt 0.8699 0.8803
vt 0.8683 0.8852
vt 0.1799 0.2048
vt 0.8938 0.8860
vt 0.8919 0.8913
vt 0.4492 0.5143
vt 0.4600 0.5123
vt 0.1685 0.2998
vt 0.1664 0.2994
vt 0.8979 0.3894
vt 0.9066 0.3733
vt 0.9083 0.3979
vt 0.8931 0.4105
vt 0.0389 0.1382
vt 0.0442 0.1339
vt 0.3029 0.3354
vt 0.2814 0.3551
vt 0.2797 0.3527
vt 0.3014 0.3329
vt 0.1373 0.2920
vt 0.8759 0.3160
vt 0.5060 0.5499
vt 0.5129 0.5478
vt 0.5078 0.5630
vt 0.5140 0.5621
vt 0.5176 0.6199
vt 0.5177 0.6005
vt 0.5226 0.6013
vt 0.5229 0.6211
vt 0.0979 0.1558
vt 0.1261 0.1675
vt 0.4674 0.6363
vt 0.8528 0.2595
vt 0.8424 0.2521
vt 0.5287 0.3312
vt 0.5350 0.3062
vt 0.5372 0.3067
vt 0.5319 0.3323
vt 0.4620 0.5129
vt 0.4648 0.5364
vt 0.8265 0.2068
vt 0.6731 0.8537
vt 0.6730 0.8588
vt 0.4543 0.6427
vt 0.4574 0.6578
vt 0.0596 0.4442
vt 0.0564 0.2335
vt 0.0529 0.2151
vt 0.0556 0.2141
vt 0.0589 0.2328
vt 0.2579 0.1405
vt 0.2557 0.1458
vt 0.2272 0.1364
vt 0.2279 0.1322
vt 0.9815 0.9276
vt 0.1596 0.1717
vt 0.1865 0.1801
vt 0.3609 0.8567
vt 0.3600 0.8520
vt 0.4055 0.8505
vt 0.4057 0.8561
vt 0.1570 0.2958
vt 0.1611 0.3008
vt 0.1776 0.2976
vt 0.1719 0.3019
vt 0.1705 0.3007
vt 0.1747 0.2956
vt 0.8671 0.8877
vt 0.8388 0.8672
vt 0.8704 0.8762
vt 0.3084 0.2531
vt 0.3224 0.2417
vt 0.3462 0.2583
vt 0.3247 0.2710
vt 0.1815 0.1924
vt 0.4666 0.5132
vt 0.4662 0.4891
vt 0.4677 0.4879
vt 0.4683 0.5139
vt 0.1806 0.2885
vt 0.5056 0.9038
vt 0.4782 0.9030
vt 0.4769 0.8971
vt 0.5054 0.8979
vt 0.5062 0.6893
vt 0.5050 0.7018
vt 0.0319 0.1241
vt 0.0261 0.1049
vt 0.4036 0.2463
vt 0.1596 0.1717
vt 0.1594 0.1891
vt 0.1261 0.1675
vt 0.1292 0.1544
vt 0.5275 0.7992
vt 0.5263 0.8286
vt 0.0538 0.1070
vt 0.0455 0.1118
vt 0.0358 0.0920
vt 0.0417 0.0835
vt 0.0624 0.1269
vt 0.0518 0.1300
vt 0.9071 0.9362
vt 0.8786 0.9311
vt 0.8801 0.9270
vt 0.9088 0.9329
vt 0.2279 0.1322
vt 0.1914 0.1186
vt 0.8265 0.2068
vt 0.8045 0.2095
vt 0.0577 0.1596
vt 0.0704 0.1542
vt 0.0708 0.1738
vt 0.0596 0.1764
vt 0.8458 0.0891
vt 0.2272 0.1364
vt 0.2228 0.1579
vt 0.0633 0.1033
vt 0.0576 0.0816
vt 0.7482 0.3681
vt 0.7671 0.3873
vt 0.2699 0.9030
vt 0.4809 0.8245
vt 0.4818 0.8245
vt 0.1416 0.4719
vt 0.1383 0.4697
vt 0.1578 0.4517
vt 0.1607 0.4540
vt 0.5207 0.5738
vt 0.5220 0.5859
vt 0.7890 0.3799
vt 0.7921 0.3641
vt 0.8247 0.2999
vt 0.8216 0.2988
vt 0.8233 0.2904
vt 0.8282 0.2923
vt 0.4452 0.8928
vt 0.4434 0.8778
vt 0.4756 0.8778
vt 0.4770 0.8932
vt 0.7250 0.3476
vt 0.7282 0.3418
vt 0.7514 0.3612
vt 0.7482 0.3681
vt 0.8590 0.1267
vt 0.8500 0.1086
vt 0.1095 0.0607
vt 0.1420 0.0812
vt 0.1386 0.0912
vt 0.1049 0.0690
vt 0.5105 0.6517
vt 0.5176 0.6536
vt 0.5169 0.6650
vt 0.5107 0.6629
vt 0.8062 0.4330
vt 0.8268 0.4557
vt 0.8237 0.4576
vt 0.8030 0.4348
vt 0.5056 0.6504
vt 0.5082 0.6513
vt 0.8303 0.3255
vt 0.8243 0.3187
vt 0.8256 0.3173
vt 0.8329 0.3228
vt 0.5161 0.6750
vt 0.5098 0.6726
vt 0.2410 0.8737
vt 0.4279 0.3612
vt 0.4310 0.3604
vt 0.4331 0.3818
vt 0.4299 0.3829
vt 0.5273 0.5714
vt 0.5282 0.5832
vt 0.5266 0.5846
vt 0.5256 0.5728
vt 0.7467 0.3368
vt 0.8425 0.4761
vt 0.8391 0.4780
vt 0.2042 0.4248
vt 0.1898 0.4346
vt 0.3265 0.3140
vt 0.3276 0.3176
vt 0.4425 0.4306
vt 0.4424 0.4594
vt 0.1049 0.0690
vt 0.1053 0.0774
vt 0.0834 0.0629
vt 0.0838 0.0542
vt 0.0549 0.3644
vt 0.8784 0.1746
vt 0.8809 0.1568
vt 0.5959 0.1743
vt 0.5974 0.1806
vt 0.5663 0.1837
vt 0.5652 0.1776
vt 0.6010 0.2040
vt 0.5988 0.1906
vt 0.6286 0.1859
vt 0.6305 0.2005
vt 0.8901 0.0586
vt 0.8722 0.0722
vt 0.5104 0.2115
vt 0.5103 0.2133
vt 0.4348 0.3590
vt 0.4372 0.3802
vt 0.0285 0.5205
vt 0.0378 0.4894
vt 0.0411 0.4904
vt 0.0316 0.5218
vt 0.1694 0.8789
vt 0.6018 0.2144
vt 0.1732 0.3115
vt 0.5177 0.6398
vt 0.0753 0.3496
vt 0.0731 0.9427
vt 0.0517 0.9481
vt 0.7542 0.3084
vt 0.0896 0.9177
vt 0.0871 0.9095
vt 0.1170 0.9036
vt 0.1191 0.9117
vt 0.4635 0.7584
vt 0.0940 0.9334
vt 0.1224 0.9263
vt 0.4523 0.4284
vt 0.6836 0.1540
vt 0.6863 0.1593
vt 0.6284 0.1760
vt 0.6253 0.1697
vt 0.0548 0.4155
vt 0.1365 0.2575
vt 0.1588 0.2019
vt 0.8981 0.2921
vt 0.9058 0.2930
vt 0.1910 0.3858
vt 0.1852 0.4049
vt 0.5193 0.3899
vt 0.5197 0.3720
vt 0.1694 0.8789
vt 0.1690 0.8735
vt 0.0618 0.2311
vt 0.0594 0.2128
vt 0.8017 0.3180
vt 0.8033 0.3217
vt 0.7939 0.3277
vt 0.7915 0.3222
vt 0.8731 0.2791
vt 0.8697 0.2591
vt 0.8057 0.3246
vt 0.7977 0.3328
vt 0.4627 0.7766
vt 0.4660 0.7755
vt 0.5054 0.8979
vt 0.5052 0.8942
vt 0.5326 0.8920
vt 0.5330 0.8958
vt 0.4840 0.7690
vt 0.2950 0.1383
vt 0.2953 0.1442
vt 0.4917 0.2154
vt 0.4735 0.2195
vt 0.1892 0.2780
vt 0.1788 0.2745
vt 0.1840 0.2624
vt 0.1990 0.2671
vt 0.5024 0.5717
vt 0.5010 0.5711
vt 0.2281 0.2828
vt 0.2146 0.2727
vt 0.2313 0.2633
vt 0.2503 0.2756
vt 0.0633 0.0219
vt 0.8416 0.3098
vt 0.8512 0.3075
vt 0.8540 0.3162
vt 0.8437 0.3163
vt 0.0748 0.1173
vt 0.0615 0.9063
vt 0.0408 0.9100
vt 0.0397 0.9051
vt 0.0605 0.9014
vt 0.1422 0.3219
vt 0.1327 0.3294
vt 0.8238 0.3293
vt 0.8273 0.3277
vt 0.8333 0.3380
vt 0.8277 0.3405
vt 0.7937 0.3989
vt 0.7872 0.4056
vt 0.7671 0.3873
vt 0.7699 0.3805
vt 0.7698 0.3435
vt 0.7812 0.3347
vt 0.7874 0.3428
vt 0.7799 0.3547
vt 0.5290 0.2150
vt 0.5274 0.2081
vt 0.5634 0.2136
vt 0.5565 0.2270
vt 0.7849 0.4114
vt 0.7826 0.4141
vt 0.4884 0.4128
vt 0.4898 0.3850
vt 0.4863 0.7683
vt 0.4840 0.7690
vt 0.9125 0.3774
vt 0.9066 0.3733
vt 0.8535 0.4944
vt 0.8503 0.4964
vt 0.3329 0.9057
vt 0.3338 0.9118
vt 0.3185 0.9120
vt 0.3177 0.9059
vt 0.4991 0.4879
vt 0.5005 0.4867
vt 0.2557 0.1458
vt 0.2916 0.1587
vt 0.2902 0.1719
vt 0.2508 0.1637
vt 0.5218 0.5619
vt 0.5231 0.5736
vt 0.5207 0.5738
vt 0.5192 0.5616
vt 0.5184 0.5464
vt 0.5193 0.5298
vt 0.5038 0.8594
vt 0.5307 0.8580
vt 0.0470 0.1487
vt 0.0498 0.1629
vt 0.5241 0.5857
vt 0.5046 0.5956
vt 0.5037 0.5951
vt 0.5026 0.5813
vt 0.5039 0.5819
vt 0.5280 0.2000
vt 0.5274 0.2081
vt 0.4740 0.6841
vt 0.4711 0.6859
vt 0.8362 0.3949
vt 0.8428 0.4197
vt 0.8238 0.4124
vt 0.8209 0.3929
vt 0.5227 0.7116
vt 0.4676 0.7750
vt 0.4681 0.7992
vt 0.4667 0.7995
vt 0.4660 0.7755
vt 0.5027 0.7166
vt 0.4998 0.7148
vt 0.9099 0.0436
vt 0.9234 0.0331
vt 0.2290 0.3423
vt 0.2185 0.3534
vt 0.1524 0.4389
vt 0.7833 0.2130
vt 0.4529 0.6860
vt 0.4557 0.6851
vt 0.5176 0.6536
vt 0.5223 0.6552
vt 0.0749 0.1953
vt 0.1039 0.5163
vt 0.0968 0.5152
vt 0.7467 0.3368
vt 0.7209 0.3238
vt 0.9048 0.4278
vt 0.8921 0.4445
vt 0.8838 0.4262
vt 0.8931 0.4105
vt 0.5234 0.4692
vt 0.5256 0.4696
vt 0.6024 0.9064
vt 0.5646 0.9056
vt 0.5645 0.8996
vt 0.6026 0.9007
vt 0.4497 0.4896
vt 0.4608 0.4887
vt 0.6399 0.9075
vt 0.6409 0.9015
vt 0.5256 0.5728
vt 0.3151 0.8720
vt 0.3164 0.8824
vt 0.2956 0.8843
vt 0.2940 0.8734
vt 0.5096 0.2163
vt 0.5325 0.8769
vt 0.6345 0.2564
vt 0.4066 0.8676
vt 0.4061 0.8635
vt 0.5645 0.8996
vt 0.5322 0.9015
vt 0.8244 0.9152
vt 0.8256 0.9090
vt 0.1340 0.2996
vt 0.1373 0.2920
vt 0.4746 0.1680
vt 0.4748 0.1724
vt 0.8859 0.3168
vt 0.8759 0.3160
vt 0.8708 0.3012
vt 0.8801 0.2980
vt 0.4645 0.8267
vt 0.4614 0.8016
vt 0.4667 0.7995
vt 0.4676 0.8262
vt 0.2435 0.3526
vt 0.9182 0.2290
vt 0.3641 0.8795
vt 0.4074 0.8776
vt 0.5652 0.1776
vt 0.5264 0.1782
vt 0.5251 0.1695
vt 0.5640 0.1689
vt 0.4165 0.2165
vt 0.4552 0.2114
vt 0.1934 0.2396
vt 0.1891 0.2508
vt 0.4541 0.2032
vt 0.4560 0.7073
vt 0.4580 0.7071
vt 0.7775 0.2581
vt 0.7688 0.2457
vt 0.5146 0.7418
vt 0.5057 0.7385
vt 0.8273 0.3018
vt 0.5084 0.6904
vt 0.5072 0.7032
vt 0.5107 0.6180
vt 0.5101 0.5982
vt 0.0145 0.0649
vt 0.0198 0.0545
vt 0.2410 0.8737
vt 0.5949 0.1658
vt 0.2734 0.2115
vt 0.0397 0.9051
vt 0.0146 0.9105
vt 0.0137 0.9080
vt 0.0388 0.9018
vt 0.5037 0.6148
vt 0.5049 0.6159
vt 0.5027 0.6335
vt 0.5046 0.6354
vt 0.5056 0.6504
vt 0.5040 0.6494
vt 0.5046 0.6597
vt 0.5040 0.6700
vt 0.5161 0.6750
vt 0.0408 0.9100
vt 0.0414 0.9124
vt 0.0199 0.9171
vt 0.0170 0.9144
vt 0.5245 0.6903
vt 0.5245 0.7002
vt 0.5262 0.5613
vt 0.8697 0.2591
vt 0.8868 0.2454
vt 0.1865 0.1801
vt 0.2108 0.1877
vt 0.4666 0.6992
vt 0.5645 0.8602
vt 0.6011 0.8607
vt 0.4425 0.6282
vt 0.4400 0.6120
vt 0.1731 0.3032
vt 0.4280 0.3345
vt 0.4247 0.3363
vt 0.4207 0.3106
vt 0.4231 0.3098
vt 0.9001 0.2283
vt 0.8934 0.2037
vt 0.5988 0.1906
vt 0.4576 0.3046
vt 0.4587 0.3304
vt 0.4465 0.3335
vt 0.4434 0.3076
vt 0.9201 0.1244
vt 0.9418 0.1098
vt 0.4969 0.5370
vt 0.4980 0.5377
vt 0.2108 0.1877
vt 0.2168 0.1767
vt 0.2467 0.1814
vt 0.2419 0.1933
vt 0.0440 0.4627
vt 0.2775 0.3472
vt 0.2350 0.3307
vt 0.1679 0.3244
vt 0.8475 0.2996
vt 0.8390 0.3042
vt 0.4318 0.2388
vt 0.4092 0.2552
vt 0.2622 0.8568
vt 0.1597 0.3230
vt 0.1558 0.3335
vt 0.9620 0.0888
vt 0.9583 0.0830
vt 0.9694 0.0605
vt 0.9736 0.0666
vt 0.0551 0.3900
vt 0.9073 0.1520
vt 0.8946 0.1377
vt 0.8413 0.3508
vt 0.5306 0.8534
vt 0.5304 0.8480
vt 0.8180 0.2986
vt 0.8141 0.2992
vt 0.8113 0.2910
vt 0.8176 0.2900
vt 0.4946 0.7905
vt 0.4972 0.7637
vt 0.4972 0.7135
vt 0.4998 0.7148
vt 0.4986 0.7375
vt 0.4953 0.7365
vt 0.4383 0.5765
vt 0.4759 0.8604
vt 0.5038 0.8594
vt 0.4651 0.3557
vt 0.4618 0.3550
vt 0.5262 0.7463
vt 0.5224 0.7453
vt 0.5204 0.7445
vt 0.5200 0.7247
vt 0.5092 0.6810
vt 0.8141 0.2992
vt 0.8161 0.3050
vt 0.8136 0.3055
vt 0.8101 0.3004
vt 0.9188 0.4035
vt 0.9198 0.4284
vt 0.9157 0.4274
vt 0.9139 0.4018
vt 0.9236 0.4049
vt 0.9242 0.4287
vt 0.4729 0.7728
vt 0.4730 0.7974
vt 0.9213 0.3812
vt 0.9168 0.3794
vt 0.2384 0.3061
vt 0.0560 0.4657
vt 0.0481 0.4935
vt 0.1295 0.4614
vt 0.8728 0.0801
vt 0.8913 0.0667
vt 0.8895 0.8976
vt 0.8657 0.8927
vt 0.8671 0.8877
vt 0.8912 0.8936
vt 0.3164 0.8824
vt 0.3333 0.8817
vt 0.5055 0.5729
vt 0.5039 0.5635
vt 0.7941 0.9091
vt 0.7926 0.9144
vt 0.1199 0.3065
vt 0.8752 0.3621
vt 0.8871 0.3755
vt 0.8826 0.3911
vt 0.8703 0.3734
vt 0.7970 0.1754
vt 0.7717 0.1819
vt 0.7200 0.2709
vt 0.7425 0.8692
vt 0.7432 0.8647
vt 0.5076 0.6369
vt 0.5079 0.6173
vt 0.1892 0.2780
vt 0.1987 0.2832
vt 0.4781 0.7338
vt 0.4768 0.7195
vt 0.4787 0.7175
vt 0.4805 0.7321
vt 0.4730 0.1868
vt 0.4913 0.1853
vt 0.4910 0.1942
vt 0.4720 0.1965
vt 0.4607 0.3302
vt 0.4636 0.3296
vt 0.7106 0.8783
vt 0.7941 0.9091
vt 0.7973 0.9027
vt 0.1121 0.4486
vt 0.1301 0.4343
vt 0.4757 0.8253
vt 0.4690 0.8261
vt 0.4681 0.7992
vt 0.4730 0.7974
vt 0.7139 0.8607
vt 0.7434 0.8625
vt 0.7432 0.8647
vt 0.7130 0.8631
vt 0.4621 0.6195
vt 0.4644 0.6176
vt 0.1582 0.3113
vt 0.1595 0.3128
vt 0.1533 0.3189
vt 0.1509 0.3160
vt 0.1474 0.2515
vt 0.1365 0.2575
vt 0.8333 0.1445
vt 0.8590 0.1267
vt 0.2902 0.1719
vt 0.2854 0.1903
vt 0.4535 0.6970
vt 0.4557 0.6974
vt 0.1386 0.0912
vt 0.8946 0.1377
vt 0.4696 0.5357
vt 0.4683 0.5360
vt 0.8290 0.2509
vt 0.9544 0.9392
vt 0.9320 0.9326
vt 0.7425 0.8692
vt 0.7410 0.8772
vt 0.7106 0.8783
vt 0.7121 0.8677
vt 0.0594 0.2128
vt 0.0556 0.2141
vt 0.2907 0.8603
vt 0.2909 0.8554
vt 0.1104 0.3918
vt 0.4075 0.9029
vt 0.4080 0.9086
vt 0.3642 0.9096
vt 0.3635 0.9038
vt 0.4584 0.6961
vt 0.4557 0.6974
vt 0.8584 0.3588
vt 0.8703 0.3734
vt 0.1891 0.2508
vt 0.2085 0.2549
vt 0.5024 0.7379
vt 0.8088 0.3155
vt 0.8094 0.3182
vt 0.5017 0.4652
vt 0.4994 0.4435
vt 0.5029 0.8263
vt 0.0481 0.1804
vt 0.0444 0.1821
vt 0.8273 0.9042
vt 0.8230 0.1078
vt 0.4683 0.5360
vt 0.4669 0.5538
vt 0.4634 0.5544
vt 0.4648 0.5364
vt 0.4396 0.4924
vt 0.4414 0.4913
vt 0.4405 0.5172
vt 0.4392 0.5183
vt 0.7948 0.1406
vt 0.7664 0.1523
vt 0.5079 0.6173
vt 0.5072 0.5973
vt 0.9565 0.9355
vt 0.9738 0.9406
vt 0.9717 0.9443
vt 0.9544 0.9392
vt 0.4555 0.2288
vt 0.4408 0.4024
vt 0.4390 0.4025
vt 0.4372 0.3802
vt 0.4390 0.3797
vt 0.0135 0.0703
vt 0.0333 0.0982
vt 0.1397 0.8935
vt 0.1410 0.8988
vt 0.1170 0.9036
vt 0.1155 0.8993
vt 0.6955 0.3366
vt 0.6671 0.3175
vt 0.1788 0.2745
vt 0.4931 0.4652
vt 0.4907 0.4441
vt 0.9876 0.9070
vt 0.9850 0.9115
vt 0.9082 0.5526
vt 0.9062 0.2378
vt 0.4340 0.2423
vt 0.4318 0.2388
vt 0.4066 0.8676
vt 0.1231 0.9304
vt 0.1244 0.9362
vt 0.4432 0.8507
vt 0.4431 0.8561
vt 0.1499 0.9302
vt 0.1506 0.9347
vt 0.1258 0.9405
vt 0.1244 0.9362
vt 0.0858 0.9050
vt 0.0871 0.9095
vt 0.8346 0.8845
vt 0.4514 0.4576
vt 0.4523 0.4284
vt 0.4622 0.7586
vt 0.0495 0.0098
vt 0.5184 0.4880
vt 0.5188 0.4672
vt 0.5207 0.4682
vt 0.5200 0.4891
vt 0.5304 0.3066
vt 0.8170 0.2782
vt 0.8255 0.2791
vt 0.1327 0.3294
vt 0.4058 0.8611
vt 0.4769 0.8971
vt 0.4452 0.8965
vt 0.2166 0.2436
vt 0.1934 0.2396
vt 0.0527 0.9544
vt 0.3893 0.2741
vt 0.3689 0.2858
vt 0.7921 0.3641
vt 0.4720 0.1965
vt 0.4727 0.2012
vt 0.4629 0.6800
vt 0.8545 0.9255
vt 0.9439 0.0913
vt 0.9168 0.1037
vt 0.1987 0.2832
vt 0.5055 0.5729
vt 0.5066 0.5834
vt 0.5039 0.5819
vt 0.5024 0.5717
vt 0.0683 0.1426
vt 0.2468 0.9122
vt 0.2140 0.9188
vt 0.8260 0.3112
vt 0.8331 0.3108
vt 0.5239 0.4175
vt 0.5243 0.4494
vt 0.4625 0.6002
vt 0.4598 0.6031
vt 0.8457 0.3244
vt 0.9339 0.9294
vt 0.2704 0.2700
vt 0.2432 0.2532
vt 0.1612 0.3141
vt 0.8217 0.3055
vt 0.8201 0.3048
vt 0.8273 0.3277
vt 0.8227 0.3198
vt 0.0558 0.1455
vt 0.5136 0.7668
vt 0.5126 0.7946
vt 0.0953 0.5134
vt 0.0702 0.5048
vt 0.5241 0.5857
vt 0.5266 0.5846
vt 0.8101 0.3004
vt 0.8049 0.2933
vt 0.4786 0.7506
vt 0.4781 0.7338
vt 0.4497 0.4896
vt 0.4414 0.4913
vt 0.5213 0.6670
vt 0.4431 0.8561
vt 0.4409 0.5994
vt 0.4474 0.5972
vt 0.9345 0.0143
vt 0.9411 0.0194
vt 0.2168 0.1767
vt 0.1467 0.9204
vt 0.1815 0.9126
vt 0.1831 0.9176
vt 0.1473 0.9246
vt 0.4710 0.6641
vt 0.4725 0.6627
vt 0.4746 0.6723
vt 0.4733 0.6738
vt 0.0348 0.5259
vt 0.4614 0.4561
vt 0.1843 0.9242
vt 0.1499 0.9302
vt 0.8277 0.3405
vt 0.0577 0.1596
vt 0.0558 0.1455
vt 0.8232 0.9203
vt 0.4459 0.9077
vt 0.8232 0.3065
vt 0.8273 0.3018
vt 0.4390 0.3797
vt 0.3062 0.2808
vt 0.5087 0.3703
vt 0.5088 0.3522
vt 0.1739 0.3048
vt 0.1817 0.3033
vt 0.3462 0.3048
vt 0.8087 0.3271
vt 0.5098 0.6726
vt 0.5092 0.6810
vt 0.4613 0.6397
vt 0.4584 0.6219
vt 0.1110 0.4251
vt 0.2672 0.8839
vt 0.9352 0.5407
vt 0.9321 0.5451
vt 0.9239 0.5073
vt 0.9285 0.5045
vt 0.4921 0.1713
vt 0.4916 0.1673
vt 0.5082 0.1653
vt 0.5088 0.1696
vt 0.6894 0.8623
vt 0.7639 0.8958
vt 0.6726 0.8621
vt 0.5096 0.3891
vt 0.5234 0.4692
vt 0.5207 0.4682
vt 0.4782 0.9030
vt 0.4787 0.9095
vt 0.4634 0.8267
vt 0.7718 0.8556
vt 0.6809 0.1453
vt 0.6810 0.1400
vt 0.5262 0.4178
vt 0.5266 0.4497
vt 0.5021 0.5515
vt 0.8081 0.4009
vt 0.8238 0.4124
vt 0.8112 0.4225
vt 0.7937 0.3989
vt 0.8049 0.2933
vt 0.8113 0.2910
vt 0.4636 0.3296
vt 0.4628 0.3035
vt 0.4641 0.3043
vt 0.4660 0.3298
vt 0.2973 0.8972
vt 0.2708 0.8995
vt 0.6427 0.8613
vt 0.3557 0.1611
vt 0.3535 0.1698
vt 0.8004 0.3127
vt 0.7896 0.3121
vt 0.2938 0.1534
vt 0.2579 0.1405
vt 0.8087 0.3098
vt 0.8080 0.3126
vt 0.8877 0.3379
vt 0.8769 0.3486
vt 0.8769 0.3486
vt 0.8879 0.3584
vt 0.8783 0.4536
vt 0.8705 0.4341
vt 0.9281 0.5437
vt 0.9211 0.5066
vt 0.9280 0.1672
vt 0.9235 0.1620
vt 0.9478 0.1268
vt 0.9354 0.1515
vt 0.9121 0.2418
vt 0.8731 0.2791
vt 0.0596 0.4442
vt 0.3506 0.1763
vt 0.4620 0.7443
vt 0.4994 0.4435
vt 0.0108 0.0764
vt 0.8977 0.3668
vt 0.8879 0.3584
vt 0.9171 0.2457
vt 0.9194 0.2461
vt 0.9164 0.2629
vt 0.9141 0.2624
vt 0.4668 0.3542
vt 0.4672 0.3757
vt 0.5257 0.5458
vt 0.5248 0.7716
vt 0.5260 0.7711
vt 0.7653 0.1247
vt 0.5258 0.7001
vt 0.8631 0.3500
vt 0.6907 0.8480
vt 0.5721 0.2506
vt 0.5713 0.2545
vt 0.5066 0.5834
vt 0.4407 0.5881
vt 0.5270 0.5298
vt 0.5247 0.1648
vt 0.5251 0.1695
vt 0.1630 0.2932
vt 0.1644 0.2994
vt 0.1626 0.2998
vt 0.1598 0.2941
vt 0.8187 0.3177
vt 0.4602 0.3056
vt 0.2038 0.8771
vt 0.4366 0.5446
vt 0.4346 0.5451
vt 0.6758 0.2536
vt 0.7215 0.2293
vt 0.0354 0.1421
vt 0.0978 0.9467
vt 0.2508 0.1637
vt 0.4733 0.6738
vt 0.4757 0.6830
vt 0.4956 0.3692
vt 0.3820 0.1824
vt 0.3506 0.1763
vt 0.8124 0.3124
vt 0.8139 0.3109
vt 0.7725 0.3676
vt 0.8165 0.3129
vt 0.8171 0.3088
vt 0.8192 0.3081
vt 0.8206 0.3094
vt 0.8255 0.2791
vt 0.8220 0.3149
vt 0.8203 0.3160
vt 0.8165 0.3129
vt 0.8222 0.3128
vt 0.8187 0.3177
vt 0.8165 0.3166
vt 0.5650 0.8576
vt 0.4912 0.1969
vt 0.8732 0.4039
vt 0.8826 0.3911
vt 0.5076 0.8259
vt 0.4471 0.6753
vt 0.4501 0.6857
vt 0.7320 0.1429
vt 0.1447 0.0738
vt 0.1420 0.0812
vt 0.9195 0.4774
vt 0.4679 0.3947
vt 0.2538 0.3357
vt 0.6884 0.1713
vt 0.6863 0.1593
vt 0.7320 0.1429
vt 0.7362 0.1606
vt 0.1201 0.2564
vt 0.1080 0.2443
vt 0.5661 0.2043
vt 0.8372 0.2680
vt 0.8182 0.3047
vt 0.8180 0.2986
vt 0.2699 0.9030
vt 0.3560 0.1568
vt 0.5092 0.1778
vt 0.0278 0.0402
vt 0.5640 0.1646
vt 0.5320 0.9076
vt 0.8895 0.8976
vt 0.2854 0.1903
vt 0.2799 0.2018
vt 0.8979 0.3894
vt 0.8448 0.2739
vt 0.8528 0.2595
vt 0.7689 0.1715
vt 0.7374 0.1782
vt 0.5290 0.2150
vt 0.5283 0.2197
vt 0.5104 0.2115
vt 0.5093 0.2076
vt 0.9320 0.0490
vt 0.9528 0.0442
vt 0.9591 0.0509
vt 0.9389 0.0583
vt 0.0356 0.9517
vt 0.0338 0.9474
vt 0.8637 0.4837
vt 0.8607 0.4889
vt 0.6199 0.2794
vt 0.0838 0.0542
vt 0.8176 0.2900
vt 0.9140 0.2949
vt 0.9163 0.2950
vt 0.9195 0.3250
vt 0.9164 0.3245
vt 0.6427 0.8613
vt 0.6430 0.8663
vt 0.8656 0.4602
vt 0.7465 0.2074
vt 0.5289 0.6563
vt 0.5278 0.6674
vt 0.1580 0.3053
vt 0.8607 0.4889
vt 0.4100 0.2592
vt 0.4092 0.2552
vt 0.8292 0.4484
vt 0.8082 0.4268
vt 0.4921 0.1713
vt 0.7887 0.0983
vt 0.7930 0.1038
vt 0.4434 0.8778
vt 0.4563 0.6059
vt 0.9141 0.2624
vt 0.9140 0.2949
vt 0.9896 0.9048
vt 0.9667 0.9000
vt 0.5056 0.9095
vt 0.4407 0.5881
vt 0.4418 0.6478
vt 0.9319 0.5037
vt 0.9374 0.5414
vt 0.4283 0.3102
vt 0.0486 0.1979
vt 0.0959 0.4154
vt 0.9211 0.5066
vt 0.9239 0.5073
vt 0.9296 0.1689
vt 0.9240 0.3832
vt 0.9207 0.3576
vt 0.9266 0.4074
vt 0.9652 0.0595
vt 0.1107 0.2915
vt 0.9715 0.9502
vt 0.9699 0.9535
vt 0.5307 0.8580
vt 0.5010 0.3047
vt 0.9168 0.1037
vt 0.2140 0.9188
vt 0.2149 0.9240
vt 0.1853 0.9293
vt 0.1843 0.9242
vt 0.0518 0.0391
vt 0.6884 0.1713
vt 0.8081 0.8612
vt 0.1525 0.2757
vt 0.7027 0.3296
vt 0.7072 0.3257
vt 0.6758 0.3021
vt 0.9139 0.4018
vt 0.4752 0.7046
vt 0.9166 0.0610
vt 0.9551 0.0791
vt 0.9439 0.0913
vt 0.8315 0.8915
vt 0.8024 0.8852
vt 0.8789 0.5636
vt 0.1687 0.3149
vt 0.2476 0.9187
vt 0.7885 0.2271
vt 0.7607 0.2333
vt 0.7534 0.2194
vt 0.7833 0.2130
vt 0.3062 0.2808
vt 0.3187 0.3031
vt 0.0826 0.5414
vt 0.0805 0.5406
vt 0.8901 0.0586
vt 0.9099 0.0436
vt 0.9121 0.0512
vt 0.8913 0.0667
vt 0.6430 0.8663
vt 0.9430 0.8948
vt 0.4265 0.3098
vt 0.4316 0.3341
vt 0.4487 0.5718
vt 0.6715 0.8484
vt 0.2734 0.2115
vt 0.2799 0.2018
vt 0.9100 0.9271
vt 0.6284 0.1760
vt 0.1039 0.5163
vt 0.1079 0.5177
vt 0.0938 0.5438
vt 0.0902 0.5429
vt 0.9319 0.0098
vt 0.5262 0.7463
vt 0.5275 0.7459
vt 0.2172 0.4144
vt 0.4507 0.5558
vt 0.6470 0.3000
vt 0.6477 0.2946
vt 0.0774 0.9526
vt 0.1630 0.2932
vt 0.4544 0.6727
vt 0.4419 0.5417
vt 0.4406 0.5425
vt 0.4406 0.5425
vt 0.4396 0.5605
vt 0.4806 0.6984
vt 0.4824 0.7126
vt 0.8137 0.3140
vt 0.8088 0.3155
vt 0.4596 0.7055
vt 0.9271 0.4298
vt 0.4931 0.3280
vt 0.9220 0.2150
vt 0.8219 0.3108
vt 0.4682 0.5532
vt 0.4316 0.3341
vt 0.4348 0.3590
vt 0.7534 0.2194
vt 0.4941 0.3035
vt 0.4961 0.3037
vt 0.4441 0.6633
vt 0.4656 0.6165
vt 0.4685 0.6349
vt 0.4706 0.6504
vt 0.7607 0.2333
vt 0.7688 0.2457
vt 0.0543 0.9576
vt 0.9206 0.2293
vt 0.0378 0.9612
vt 0.0362 0.9580
vt 0.1667 0.3153
vt 0.9657 0.0918
vt 0.8749 0.5645
vt 0.9435 0.0249
vt 0.9261 0.0398
vt 0.9121 0.0512
vt 0.9261 0.0398
vt 0.9277 0.4417
vt 0.4988 0.3054
vt 0.1665 0.3112
vt 0.1645 0.3109
vt 0.0086 0.0794
vt 0.3979 0.6289
vt 0.1628 0.3099
vt 0.1618 0.3084
vt 0.1645 0.3109
vt 0.8139 0.3109
vt 0.8143 0.3086
vt 0.8135 0.3169
vt 0.8165 0.3166
vt 0.9757 0.0702
f 97/1 98/2 101/3 103/4
f 102/5 100/6 105/7 106/8
f 91/9 92/10 94/11 93/12
f 103/4 101/3 92/10 91/9
f 52/13 51/14 54/15 49/16
f 851/17 850/18 806/19 805/20
f 70/21 65/22 62/23 59/24
f 58/25 57/26 53/27 50/28
f 60/29 57/26 58/25 47/30
f 13/31 14/32 19/33 18/34
f 86/35 85/36 90/37 73/38
f 84/39 83/40 88/41 89/42
f 67/43 70/44 64/45 63/46
f 68/47 46/48 66/49 69/50
f 78/51 71/52 82/53 83/54
f 36/55 40/56 26/57 33/58
f 100/59 98/2 97/1 99/60
f 80/61 85/36 86/35 81/62
f 14/32 15/63 5/64 19/33
f 12/65 8/66 9/67 13/68
f 105/7 100/6 99/60 104/69
f 39/70 38/71 36/55 33/58
f 44/72 21/73 41/74 42/75
f 31/76 33/58 26/57 25/77
f 29/78 28/79 34/80 22/81
f 25/82 28/79 29/78 30/83
f 11/84 1/85 8/66 12/65
f 79/86 84/87 85/36 80/61
f 26/57 40/56 42/88 35/89
f 106/8 105/7 104/69 107/90
f 88/91 87/92 72/93 77/94
f 69/95 64/96 55/97 61/98
f 12/65 17/99 16/100 11/84
f 53/27 57/26 61/98 55/97
f 16/100 17/99 20/101 3/102
f 31/103 32/104 24/105 37/106
f 28/79 35/107 27/108 34/80
f 102/109 94/11 92/10 101/3
f 96/110 94/11 102/109 106/8
f 26/57 35/89 28/79 25/77
f 35/107 42/88 41/74 27/108
f 55/97 59/111 51/112 53/27
f 68/47 69/50 61/98 56/113
f 53/27 51/112 52/13 50/28
f 15/63 14/32 10/114 2/115
f 9/67 10/114 14/32 13/68
f 96/110 106/8 107/90 95/116
f 23/117 45/118 36/55 38/71
f 39/70 33/58 31/76 37/106
f 40/56 43/119 44/72 42/88
f 56/113 61/98 57/26 60/29
f 66/49 63/46 64/45 69/50
f 82/53 87/92 88/91 83/54
f 4/120 7/121 19/33 5/64
f 17/99 12/65 13/68 18/34
f 85/36 84/87 89/42 90/37
f 65/22 70/21 67/43 48/122
f 17/99 18/34 6/123 20/101
f 74/124 75/125 90/37 89/42
f 55/97 64/96 70/44 59/111
f 94/11 96/110 95/116 93/12
f 98/2 100/59 102/5 101/3
f 51/112 59/111 62/23 54/15
f 89/42 88/41 77/94 74/124
f 32/104 31/103 25/77 30/83
f 90/37 75/125 76/126 73/38
f 79/86 78/51 83/54 84/87
f 174/127 164/128 162/129 175/130
f 143/131 141/132 132/133 133/134
f 210/135 228/136 230/137 211/138
f 2223/139 213/140 214/141 209/142
f 256/143 239/144 261/145 260/146
f 120/147 122/148 154/149 152/150
f 182/151 185/152 198/153 187/154
f 280/155 278/156 279/157 281/158
f 204/159 208/160 191/161 186/162
f 111/163 161/164 159/165 110/166
f 274/167 275/168 273/169 272/170
f 208/160 206/171 190/172 191/161
f 258/173 257/174 262/175 263/176
f 128/177 147/178 146/179 127/180
f 219/181 218/182 237/183 233/184
f 181/185 195/186 194/187 179/188
f 219/181 233/184 236/189 217/190
f 140/191 135/192 129/193 131/194
f 137/195 149/196 145/197 136/198
f 155/199 153/200 123/201 125/202
f 242/203 252/204 254/205 243/206
f 224/207 181/185 179/188 222/208
f 180/209 181/185 224/207 225/210
f 279/157 271/211 282/212 281/158
f 142/213 141/214 2219/215 2220/216
f 2222/217 147/218 148/219 2221/220
f 148/219 149/196 137/195 2221/220
f 236/189 233/184 197/221 198/222
f 153/200 155/199 118/223 119/224
f 248/225 249/226 251/227 250/228
f 301/229 302/230 178/231 300/232
f 110/166 128/177 127/180 111/163
f 143/131 138/233 2219/215 141/132
f 142/234 140/191 131/194 134/235
f 274/236 297/237 298/238 276/239
f 110/166 124/240 144/241 128/177
f 221/242 182/151 187/154 223/243
f 995/244 1023/245 1024/246 996/247
f 185/152 234/248 236/189 198/153
f 289/249 284/250 285/251 290/252
f 225/210 226/253 188/254 180/209
f 202/255 200/256 231/257 230/258
f 241/259 268/260 248/225 250/228
f 134/261 117/262 119/263 132/264
f 299/265 170/266 169/267 177/268
f 119/263 117/262 154/269 153/200
f 250/228 251/227 253/270 252/271
f 109/272 125/273 161/274 157/275
f 176/276 168/277 167/278 175/279
f 262/175 268/260 241/259 263/176
f 246/280 249/226 248/225 244/281
f 206/171 207/282 192/283 190/172
f 172/284 166/285 165/286 173/287
f 111/163 127/180 126/288 108/289
f 227/290 209/142 214/141 232/291
f 120/292 113/293 156/294 158/295
f 141/214 142/213 134/235 132/133
f 128/177 144/241 148/219 147/178
f 131/194 116/296 117/262 134/235
f 170/297 171/298 172/284 173/287
f 217/190 199/299 201/300 219/181
f 153/200 154/269 122/148 123/201
f 207/282 205/301 189/302 192/283
f 274/236 276/239 277/303 275/168
f 1430/304 1426/305 1427/306 1431/307
f 1371/308 1366/309 1426/305 1430/304
f 217/190 215/310 184/311 199/299
f 112/312 116/296 131/194 129/193
f 207/282 206/171 2224/313 2225/314
f 205/301 207/282 2225/314 203/315
f 292/316 298/238 297/237 291/317
f 158/295 160/318 122/148 120/292
f 186/162 191/161 224/207 222/208
f 144/241 145/197 149/196 148/219
f 176/276 175/279 162/129 163/319
f 123/201 122/148 160/318 159/320
f 238/321 237/183 218/182 220/322
f 252/271 253/270 255/323 254/205
f 159/165 160/318 124/240 110/166
f 167/324 303/325 177/268 169/267
f 212/326 213/140 2223/139 2226/327
f 159/320 161/164 125/273 123/201
f 180/209 196/328 195/186 181/185
f 1424/329 1419/330 1431/307 1427/306
f 223/331 226/332 192/283 189/302
f 197/221 188/333 187/154 198/222
f 140/191 142/234 2220/216 135/192
f 130/334 133/335 118/336 115/337
f 152/150 150/338 113/293 120/147
f 250/228 252/271 242/203 241/259
f 289/249 290/252 296/339 295/340
f 269/341 283/342 288/343 287/344
f 241/259 242/203 264/345 263/176
f 279/157 294/346 295/347 271/211
f 201/300 200/348 218/182 219/181
f 157/275 161/274 111/163 108/289
f 212/349 211/138 230/137 231/257
f 124/240 121/350 145/197 144/241
f 201/300 229/351 231/257 200/348
f 121/350 124/240 160/318 158/295
f 150/338 152/150 116/296 112/312
f 216/352 220/353 202/354 193/355
f 273/169 282/212 271/211 272/170
f 225/210 224/207 191/161 190/172
f 285/251 286/356 291/357 290/252
f 292/316 291/317 286/356 270/358
f 121/350 114/359 136/198 145/197
f 237/183 238/321 195/186 196/328
f 167/278 169/267 174/127 175/279
f 288/343 294/360 293/361 287/344
f 230/137 228/136 193/355 202/255
f 271/211 295/347 296/339 272/170
f 244/281 248/225 268/260 266/362
f 169/267 170/266 173/287 174/127
f 199/299 184/311 227/290 232/291
f 238/321 235/363 194/187 195/186
f 236/189 234/248 215/310 217/190
f 259/364 264/365 265/366 240/367
f 180/209 188/254 197/221 196/328
f 289/249 288/343 283/342 284/250
f 297/237 274/236 272/170 296/339
f 257/174 256/143 260/146 262/175
f 291/317 297/237 296/339 290/252
f 245/368 244/281 266/362 267/369
f 267/369 266/362 260/146 261/145
f 196/328 197/221 233/184 237/183
f 125/273 109/272 151/370 155/199
f 283/342 269/341 2199/371 284/250
f 200/348 202/255 220/353 218/182
f 152/150 154/149 117/262 116/296
f 265/366 264/365 242/203 243/206
f 259/364 240/367 928/372 258/373
f 223/243 187/154 188/333 226/332
f 127/180 146/179 139/374 126/288
f 266/362 268/260 262/175 260/146
f 259/364 258/373 263/176 264/365
f 114/359 121/350 158/295 156/294
f 138/233 143/131 133/134 130/334
f 304/375 305/376 178/231 302/230
f 232/291 214/141 213/140 229/377
f 220/322 216/352 235/363 238/321
f 229/351 213/140 212/326 231/257
f 226/253 225/210 190/172 192/283
f 289/249 295/340 294/346 288/343
f 294/346 279/157 278/156 293/361
f 155/199 151/370 115/337 118/223
f 183/378 221/242 223/243 189/302
f 164/128 174/127 173/287 165/286
f 286/356 285/251 2200/379 270/358
f 1773/380 1774/381 1758/382 1757/383
f 247/384 246/280 244/281 245/368
f 1875/385 1874/386 1791/387 1790/388
f 485/389 492/390 945/391 946/392
f 1437/393 1807/394 1808/395 1443/396
f 1976/397 1975/398 1973/399 1974/400
f 1666/401 1720/402 1721/403 1667/404
f 1869/405 1870/406 1837/407 1836/408
f 1122/409 1170/410 1171/411 1124/412
f 585/413 562/414 583/415 584/416
f 1775/417 1774/418 1809/419 1808/420
f 702/421 727/422 752/423 703/424
f 1946/425 1947/426 1324/427 1323/428
f 2171/429 1870/406 1869/405 2169/430
f 640/431 582/432 561/433 567/434
f 1046/435 1048/436 907/437 906/438
f 1915/439 1942/440 1941/441 1914/442
f 1881/443 1880/444 1804/445 1803/446
f 1438/447 1889/448 1888/449 1445/450
f 2122/451 2121/452 2091/453 2093/454
f 2114/455 1372/456 1374/457 2113/458
f 2180/459 1353/460 1412/461 2182/462
f 695/463 694/464 696/465 729/466
f 1359/467 1360/468 1339/469 1336/470
f 1276/471 1270/472 1271/473 1277/474
f 1546/475 1594/476 1626/477 1593/478
f 1410/479 1414/480 1990/481 1980/482
f 1371/308 1370/483 1369/484 1366/309
f 1442/485 1628/486 1446/487 1441/488
f 898/489 458/490 445/491 899/492
f 1042/493 1044/494 910/495 909/496
f 730/497 732/498 696/499 698/500
f 437/501 918/502 919/503 440/504
f 2191/505 1900/506 1899/507 2189/508
f 1074/509 1068/510 1069/511 1075/512
f 1609/513 1595/514 1648/515 1610/516
f 316/517 315/518 1192/519 1193/520
f 1365/521 1364/522 1926/523 1925/524
f 1212/525 1213/526 1214/527 1211/528
f 1528/529 1529/530 1553/531 1552/532
f 1327/533 2108/534 2109/535 1337/536
f 634/537 639/538 640/539 585/540
f 1089/541 1091/542 1090/543 1088/544
f 1669/545 1621/546 1674/547 1672/548
f 2034/549 2008/550 1738/551 1878/552
f 323/553 904/554 905/555 334/556
f 1012/557 984/558 983/559 1011/560
f 1932/561 1933/562 1960/563 1959/564
f 1803/446 1804/445 1749/565 1750/566
f 2158/567 1824/568 1292/569 2160/570
f 435/571 1062/572 1065/573 441/574
f 999/575 998/576 312/577 311/578
f 991/579 1019/580 1020/581 992/582
f 1470/583 1458/584 1469/585 1471/586
f 1400/587 1846/588 1847/589 1395/590
f 999/591 1000/592 972/593 971/594
f 534/595 537/596 541/597 539/598
f 1340/599 1335/600 2070/601 2068/602
f 812/603 813/604 829/605 828/606
f 484/607 490/608 860/609 859/610
f 1456/611 1458/612 1459/613 1455/614
f 1523/615 1522/616 1507/617 1506/618
f 1920/619 1919/620 1322/621 1321/622
f 408/623 409/624 410/625 405/626
f 414/627 986/628 987/629 426/630
f 989/631 420/632 419/633 988/634
f 2031/635 2035/636 1821/637 1784/638
f 357/639 369/640 1005/641 1004/642
f 616/643 563/644 564/645 617/646
f 641/647 592/648 673/649 674/650
f 1757/383 1758/382 1797/651 1871/652
f 986/628 1014/653 1015/654 987/629
f 2075/655 2077/656 2114/455 2113/458
f 1320/657 1950/658 1951/659 1358/660
f 1568/661 1569/662 1516/663 1515/664
f 1058/665 1048/666 1049/667 1059/668
f 406/669 407/670 1149/671 1151/672
f 581/673 560/674 561/433 582/432
f 1211/675 677/676 944/677 1241/678
f 2177/679 2179/680 1894/681 1893/682
f 915/683 1052/684 1036/685 916/686
f 1052/684 915/683 914/687 1038/688
f 1994/689 1993/690 1995/691 1996/692
f 875/693 877/694 1100/695 1098/696
f 932/697 514/698 525/699 933/700
f 1387/701 1385/702 1377/703 1380/704
f 1948/705 1342/706 1324/427 1947/426
f 1349/707 1288/708 1986/709 1988/710
f 1175/711 1174/712 376/713 375/714
f 1820/715 1785/716 1786/717 1886/718
f 888/719 923/720 922/721 887/722
f 1989/723 1990/724 2004/725 2003/726
f 1497/727 1496/728 1484/729 1485/730
f 910/495 383/731 382/732 909/496
f 2136/733 2133/734 1474/735 1475/736
f 1230/737 1228/738 1227/739 1229/740
f 702/421 695/463 729/466 727/422
f 1455/614 1459/613 1460/741 1452/742
f 496/743 499/744 500/745 497/746
f 1906/747 1629/748 2139/749 2148/750
f 308/751 1109/752 1111/753 341/754
f 1156/755 1158/756 1159/757 1157/758
f 327/759 1047/760 1057/761 333/762
f 1687/763 1650/764 1639/765 1685/766
f 391/767 894/768 893/769 383/770
f 1466/771 1464/772 1874/386 1875/385
f 821/773 840/774 687/775 736/776
f 1679/777 1645/778 1652/779 1677/780
f 949/781 676/782 1030/783 1029/784
f 1161/785 2096/786 1422/787 463/788
f 1924/789 1925/790 1952/791 1951/792
f 1253/793 955/794 956/795 1255/796
f 368/797 1127/798 1129/799 367/800
f 1064/801 919/503 918/502 1060/802
f 1822/803 1819/804 2197/805 1904/806
f 1962/807 1963/808 1421/809 1420/810
f 1813/811 1753/812 1752/813 1467/814
f 372/815 343/816 1121/817 1123/818
f 553/819 662/820 663/821 552/822
f 971/594 970/823 998/576 999/591
f 849/824 532/825 533/826 848/827
f 423/828 478/829 1020/581 1019/580
f 806/19 738/830 681/831 805/20
f 952/832 1247/833 1245/834 951/835
f 1517/836 1514/837 1535/838 1518/839
f 1461/840 1459/613 1458/612 1470/583
f 1877/841 1878/552 1738/551 1689/842
f 1834/843 1867/844 1868/845 1835/846
f 1793/847 1873/848 1449/849 1435/850
f 396/851 382/852 892/853 891/854
f 1383/855 1958/856 1959/857 1384/858
f 1508/859 1486/860 1507/617 1522/616
f 832/861 817/862 818/863 833/864
f 572/865 573/866 508/867 558/868
f 1688/869 1816/870 1817/871 1755/872
f 842/873 932/697 933/700 841/874
f 1806/875 1777/876 1776/877 1807/878
f 601/879 577/880 576/881 600/882
f 1594/476 1683/883 1675/884 1626/477
f 420/885 409/624 408/623 417/886
f 749/887 753/888 751/889 750/890
f 1834/843 1835/846 1281/891 1295/892
f 709/893 2207/894 708/895 707/896
f 1469/897 1464/772 1466/771 1468/898
f 2202/899 2014/900 1726/901 2204/902
f 534/595 539/598 538/903 555/904
f 1922/905 1949/906 1948/907 1921/908
f 818/909 843/910 842/911 819/912
f 1984/913 1983/914 2003/726 2004/725
f 746/915 1068/510 1074/509 747/916
f 1541/917 1583/918 1582/919 1543/920
f 744/921 743/922 737/923 742/924
f 1959/564 1958/856 1931/925 1932/561
f 1396/926 1405/927 1974/928 2000/929
f 665/930 667/931 670/932 566/933
f 821/773 736/776 839/934 822/935
f 1352/936 1856/937 1855/938 1344/939
f 740/940 1216/941 1224/942 868/943
f 1452/742 1460/741 1510/944 1451/945
f 1283/946 1284/947 1849/948 1287/949
f 535/950 536/951 537/596 534/595
f 662/820 553/819 666/952 709/953
f 909/496 908/954 1058/955 1042/493
f 1669/545 1670/956 1620/957 1621/546
f 2067/958 2069/959 2110/960 2109/961
f 995/962 464/963 465/964 994/965
f 1729/966 1732/967 1278/968 1745/969
f 1579/970 1578/971 1551/972 1548/973
f 786/974 759/975 1084/976 1086/977
f 2047/978 2048/979 2050/980 2049/981
f 1463/982 1476/983 2135/984 2141/985
f 373/986 365/987 1171/411 1170/410
f 1030/783 676/782 495/988 1031/989
f 1201/990 524/991 511/992 1207/993
f 700/994 701/995 742/924 737/923
f 1007/996 1008/997 980/998 979/999
f 985/1000 1013/1001 1014/653 986/628
f 559/1002 564/1003 572/1004 571/1005
f 2032/1006 2031/1007 2033/1008 2034/1009
f 985/1010 403/1011 404/1012 984/1013
f 728/1014 732/1015 726/1016 750/1017
f 742/924 703/1018 745/1019 744/921
f 1007/996 979/999 978/1020 1006/1021
f 756/1022 753/1023 784/1024 785/1025
f 1717/1026 1722/1027 1724/1028 1719/1029
f 1511/1030 1512/1031 1522/616 1523/615
f 1795/1032 1794/1033 1434/1034 1482/1035
f 1687/763 1692/1036 1651/1037 1650/764
f 2184/1038 2183/1039 2181/1040 2182/1041
f 1059/668 1049/667 388/1042 389/1043
f 2084/1044 2082/1045 1376/1046 1379/1047
f 1185/1048 1184/1049 405/1050 472/1051
f 1492/1052 1505/1053 1618/1054 1494/1055
f 1691/1056 1636/1057 2152/1058 2149/1059
f 1827/1060 1756/1061 1290/1062 1828/1063
f 2202/899 2203/1064 2013/1065 2014/900
f 323/1066 887/1067 886/1068 322/1069
f 2077/656 2079/1070 2115/1071 2114/455
f 938/1072 832/861 833/864 939/1073
f 1623/1074 1622/1075 1538/1076 1540/1077
f 2185/1078 1897/1079 1896/1080 2183/1081
f 1648/1082 1646/1083 1647/1084 1603/1085
f 704/1086 720/1087 668/1088 667/1089
f 440/1090 434/1091 903/1092 902/1093
f 731/1094 726/1016 732/1015 730/497
f 2205/1095 1734/1096 2204/902 1726/901
f 680/1097 524/991 1201/990 1200/1098
f 731/1099 733/1100 725/1101 723/1102
f 1004/642 1005/641 977/1103 976/1104
f 796/1105 786/974 1086/977 1076/1106
f 555/904 554/1107 535/950 534/595
f 840/774 682/1108 683/1109 687/775
f 691/1110 692/1111 699/1112 688/1113
f 2123/1114 2122/451 2093/454 2095/1115
f 1893/682 1894/681 1840/1116 1839/1117
f 2085/1118 2118/1119 2117/1120 2083/1121
f 666/952 661/1122 715/1123 709/953
f 1926/523 1364/522 1375/1124 1927/1125
f 595/1126 658/1127 657/1128 647/1129
f 2108/1130 2107/1131 2063/1132 2065/1133
f 347/1134 352/1135 349/1136 348/1137
f 1950/658 1320/657 1319/1138 1949/1139
f 575/1140 576/1141 2237/1142 2240/1143
f 2238/1144 2240/1143 2237/1142 574/1145
f 1536/1146 1585/1147 1584/1148 1539/1149
f 1654/1150 1616/1151 1617/1152 1619/1153
f 1931/1154 1930/1155 1381/1156 1370/1157
f 638/1158 593/1159 592/648 641/647
f 567/434 561/433 569/1160 568/1161
f 1899/1162 1845/1163 1844/1164 1898/1165
f 1279/1166 1728/1167 1729/966 1745/969
f 402/1168 1013/1169 1012/1170 401/1171
f 1235/1172 1236/1173 1234/1174 1233/1175
f 565/1176 566/1177 583/415 562/414
f 1643/1178 1596/1179 1597/1180 1642/1181
f 647/1129 599/1182 596/1183 595/1126
f 1642/1181 1597/1180 1598/1184 1641/1185
f 1285/1186 1296/1187 2166/1188 2164/1189
f 2085/1190 2086/1191 2088/1192 2087/1193
f 1850/1194 1849/948 1284/947 1295/1195
f 1328/1196 1340/599 2068/602 2066/1197
f 1725/1198 1733/1199 1684/1200 1656/1201
f 1012/1170 1011/560 397/1202 401/1171
f 646/1203 645/1204 692/1111 691/1110
f 2028/1205 2027/1206 2039/1207 2040/1208
f 1160/1209 1161/1210 1159/757 1158/756
f 778/1211 779/1212 780/1213 777/1214
f 1926/523 1927/1125 1954/1215 1953/1216
f 581/1217 636/1218 618/1219 580/1220
f 647/1129 648/1221 598/1222 599/1182
f 373/1223 342/1224 356/1225 370/1226
f 2237/1142 2229/1227 2232/1228 574/1145
f 482/1229 845/1230 816/1231 815/1232
f 689/1233 700/994 737/923 735/1234
f 2234/1235 2230/1236 2227/1237 574/1238
f 2233/1239 2234/1235 574/1238 2239/1240
f 1460/741 1525/1241 1524/1242 1510/944
f 1112/1243 1114/1244 1115/1245 1113/1246
f 1787/1247 1771/1248 1886/718 1786/717
f 2185/1249 2186/1250 2188/1251 2187/1252
f 714/1253 715/1123 661/1122 660/1254
f 662/820 664/1255 665/1256 663/821
f 1985/1257 1986/1258 1996/692 1995/691
f 2144/1259 2143/1260 2133/1261 2134/1262
f 1073/1263 1083/1264 1082/1265 1072/1266
f 566/933 670/932 586/1267 583/415
f 720/1087 704/1086 705/1268 717/1269
f 561/433 560/674 570/1270 569/1160
f 2038/1271 2036/1272 1820/1273 1822/1274
f 2053/1275 2055/1276 2103/1277 2102/1278
f 2066/1197 2068/602 2067/1279 2065/1280
f 2185/1078 2187/1252 1898/1281 1897/1079
f 472/1051 405/1050 410/625 476/1282
f 615/1283 614/1284 563/644 616/643
f 724/1285 669/1286 719/1287 722/1288
f 2182/1041 1412/461 1408/1289 2184/1038
f 1078/1290 1076/1291 1077/1292 1079/1293
f 1976/397 1974/400 1405/927 1404/1294
f 1567/1295 1568/661 1515/664 1566/1296
f 2099/1297 1267/1298 1270/1299 2098/1300
f 2137/1301 2138/1302 2141/1303 2142/1304
f 1502/1305 1612/1306 1611/1307 1501/1308
f 788/1309 935/1310 934/1311 739/1312
f 1666/1313 1669/545 1672/548 1671/1314
f 536/951 535/950 499/744 496/743
f 1145/1315 1143/1316 1142/1317 1144/1318
f 1017/1319 1016/1320 427/1321 421/1322
f 1226/1323 878/1324 868/943 1224/942
f 957/1325 958/1326 1259/1327 1257/1328
f 920/1329 434/1091 440/1090 919/503
f 1606/1330 1602/1331 1554/1332 1605/1333
f 459/1334 1053/1335 1039/1336 453/1337
f 1704/1338 1702/1339 1653/1340 1695/1341
f 2228/1342 2239/1240 574/1238 2232/1228
f 1690/1343 1814/1344 2156/1345 2150/1346
f 2089/1347 2090/1348 2092/1349 2091/1350
f 484/607 487/1351 494/1352 490/608
f 604/1353 605/1354 603/1355 602/1356
f 2144/1357 1811/1358 1635/1359 2151/1360
f 1724/1028 1722/1027 1741/1361 1743/1362
f 311/578 338/1363 1000/592 999/575
f 486/1364 967/1365 968/1366 799/1367
f 2183/1081 1896/1080 1895/1368 2181/1040
f 1047/1369 1049/667 1048/666 1046/435
f 1502/1305 1501/1308 1498/1370 1499/1371
f 1633/1372 1632/1373 1788/1374 1637/1375
f 913/1376 451/1377 455/1378 912/1379
f 656/1380 657/1381 643/1382 644/1383
f 1016/1384 988/1385 987/629 1015/654
f 764/1386 765/1387 767/1388 772/1389
f 1637/1375 1788/1374 1769/1390 1686/1391
f 653/1392 654/1393 646/1394 527/1395
f 1814/1344 1824/568 2158/567 2156/1345
f 1966/1396 1965/1397 1888/449 1889/448
f 2066/1197 2064/1398 1329/1399 1328/1196
f 698/500 658/1400 697/1401 730/497
f 765/1387 766/1402 768/1403 767/1388
f 1885/1404 1884/1405 1800/1406 1799/1407
f 1106/1408 1108/1409 1109/1410 1107/1411
f 1050/1412 1066/1413 1067/1414 1051/1415
f 990/1416 409/624 420/885 989/631
f 788/1309 739/1312 743/1417 2213/1418
f 1144/1318 1146/1419 1147/1420 1145/1315
f 1261/1421 1262/1422 1260/1423 1259/1424
f 708/895 2207/894 2206/1425 712/1426
f 735/1234 737/923 743/922 739/1312
f 774/1427 769/1428 781/1429 782/1430
f 754/1431 752/1432 751/1433 755/1434
f 1005/641 1006/1021 978/1020 977/1103
f 1714/1435 2205/1095 1726/901 1740/1436
f 1782/1437 1781/1438 1882/1439 1883/1440
f 1843/1441 1844/1442 1416/1443 1406/1444
f 1593/478 1626/477 1625/1445 1544/1446
f 718/1447 726/1016 731/1094 723/1102
f 699/1448 690/1449 701/995 700/994
f 1744/1450 2015/1451 2013/1452 1746/1453
f 1694/1454 1693/1455 2006/1456 2012/1457
f 968/1458 798/1459 483/1460 858/1461
f 626/1462 627/1463 596/1183 599/1182
f 1398/1464 434/1091 920/1329 1864/1465
f 1284/947 1833/1466 1834/843 1295/1195
f 1315/1467 1943/1468 1944/1469 1318/1470
f 1479/1471 1605/1472 1604/1473 1480/1474
f 1407/1475 1415/1476 2188/1251 2186/1250
f 1096/1477 1094/1478 1095/1479 1097/1480
f 2075/655 2076/1481 2078/1482 2077/656
f 881/1483 880/1484 870/1485 871/1486
f 1092/1487 1078/1290 1079/1293 1093/1488
f 807/1489 787/1490 880/1484 881/1483
f 2031/1007 2032/1006 2036/1491 2035/636
f 1188/1492 1158/756 1156/755 1187/1493
f 2019/1494 2020/1495 2010/1496 2009/1497
f 464/1498 460/1499 462/1500 469/1501
f 817/862 844/1502 843/910 818/863
f 1179/1503 1140/1504 1138/1505 1178/1506
f 1850/1507 1851/1508 1985/1257 1995/691
f 1169/1509 1168/1510 345/1511 342/1512
f 1518/839 1535/838 1538/1076 1622/1075
f 749/887 773/1513 784/1024 753/888
f 450/1514 454/1515 1250/1516 1252/1517
f 912/1379 1050/1518 1040/1519 913/1376
f 718/1447 749/887 750/890 726/1016
f 1796/1520 1759/1521 1760/1522 1795/1523
f 550/1524 549/1525 659/1526 660/1527
f 315/1528 309/1529 1163/1530 1162/1531
f 819/912 842/911 841/874 820/1532
f 2193/1533 1901/1534 1900/506 2191/505
f 310/1535 316/1536 969/1537 970/1538
f 2092/1349 2090/1348 1429/1539 1428/1540
f 711/1541 763/1542 734/1543 712/1544
f 1220/1545 2153/1546 1965/1547 867/1548
f 811/1549 812/603 828/606 827/1550
f 2128/1551 1278/1552 1743/1553 2127/1554
f 630/1555 631/1556 589/1557 591/1558
f 1468/898 1466/771 1477/1559 1481/1560
f 2208/1561 711/1541 712/1544 2206/1425
f 407/670 418/1562 1147/1563 1149/671
f 2216/1564 2215/1565 1738/551 2008/550
f 816/1566 817/862 832/861 831/1567
f 2169/430 2170/1568 2172/1569 2171/429
f 547/1570 550/1571 551/1572 548/1573
f 1199/1574 522/1575 864/1576 1209/1577
f 784/1024 773/1513 765/1387 764/1386
f 1314/1578 1307/1579 1941/441 1942/440
f 608/1580 606/1581 521/1582 520/1583
f 2106/1584 1326/1585 1334/1586 2105/1587
f 1251/1588 1253/1589 1254/1590 1252/1591
f 1573/1592 1572/1593 1568/661 1567/1295
f 686/1594 681/831 738/830 741/1595
f 529/1596 528/1597 526/1598 525/1599
f 1228/738 1226/1600 1225/1601 1227/739
f 1431/307 1934/1602 1933/1603 1430/304
f 515/1604 803/1605 804/1606 865/1607
f 719/1608 720/1087 717/1269 716/1609
f 2054/1610 2052/1611 1312/1612 1311/1613
f 858/1461 857/1614 799/1367 968/1458
f 1782/1437 1883/1440 1884/1615 1783/1616
f 677/676 1211/675 1214/527 965/1617
f 610/1618 611/1619 609/1620 608/1621
f 863/1622 680/1097 1200/1098 1210/1623
f 1748/1624 1749/565 1804/445 1805/1625
f 590/1626 588/1627 671/1628 672/1629
f 600/882 649/1630 650/1631 601/879
f 1198/1632 792/1633 791/1634 1192/1635
f 1221/1636 1026/1637 945/1638 1242/1639
f 1914/442 1941/441 1940/1640 1913/1641
f 1592/1642 1591/1643 1586/1644 1537/1645
f 1278/968 1732/967 1724/1028 1743/1553
f 676/782 949/781 1968/1646 1969/1647
f 850/18 872/1648 871/1649 806/19
f 1923/1650 1950/658 1949/1139 1922/905
f 1164/1651 1110/1652 1108/1653 1163/1654
f 520/1583 521/1582 529/1655 516/1656
f 2036/1491 2032/1006 1785/716 1820/1273
f 1116/1657 1118/1658 1119/1659 1117/1660
f 533/1661 545/1662 541/1663 530/1664
f 1621/546 1620/957 1623/1665 1624/1666
f 2113/458 2112/1667 2073/1668 2075/655
f 352/1135 347/1134 973/1669 974/1670
f 1632/1373 1876/1671 1789/1672 1788/1374
f 2207/894 709/893 715/1123 2206/1425
f 731/1094 730/497 697/1401 733/1100
f 669/1286 668/1088 720/1087 719/1287
f 671/1673 670/932 667/931 668/1088
f 551/1674 661/1122 666/952 542/1675
f 812/603 811/1549 848/1676 847/1677
f 1032/1678 493/1679 494/1680 1031/1681
f 921/1682 1229/740 1227/739 330/1683
f 602/1684 650/1685 654/1393 653/1392
f 1072/1266 1082/1265 757/1686 748/1687
f 651/1688 697/1401 658/1400 595/1126
f 903/1092 434/1091 1398/1464 1848/1689
f 754/1431 745/1019 703/1018 752/1432
f 758/1690 757/1686 1082/1265 1080/1691
f 606/1581 604/1692 652/1693 521/1582
f 759/975 758/1690 1080/1691 1084/976
f 1778/1694 1880/1695 1779/1696 1762/1697
f 1045/1698 394/1699 393/1700 1067/1701
f 780/1702 781/1703 783/1704 762/1705
f 1605/1333 1554/1332 1556/1706 1604/1473
f 1977/1707 1978/1708 1980/1709 1979/1710
f 1855/1711 1983/1712 1981/1713 1854/1714
f 2101/1715 2100/1716 2049/1717 2051/1718
f 480/1719 1032/1678 1031/1681 495/988
f 830/1720 857/1614 858/1461 829/1721
f 1451/1722 1487/1723 1488/1724 1448/1725
f 869/1726 870/1485 880/1484 879/1727
f 1967/1728 1968/1646 949/781 797/1729
f 810/1730 811/1549 827/1550 826/1731
f 2099/1297 2100/1732 1300/1733 1267/1298
f 373/986 370/1226 361/1734 365/987
f 1941/441 1307/1579 1299/1735 1940/1640
f 339/1736 348/1737 1166/1738 1165/1739
f 1981/1740 1982/1741 1998/1742 1997/1743
f 833/864 818/863 819/912 834/1744
f 1997/1743 1998/1742 1988/1745 1987/1746
f 1303/1747 2104/1748 2105/1587 1334/1586
f 623/1749 624/1750 609/1620 611/1619
f 1700/1751 1701/1752 1703/1753 1699/1754
f 1847/589 1846/588 1900/506 1901/1534
f 1536/1146 1539/1149 1538/1076 1535/838
f 1102/1755 1090/543 1091/542 1103/1756
f 543/1757 546/1758 547/1759 544/1760
f 654/1393 655/1761 645/1204 646/1394
f 1595/514 1644/1762 1646/1083 1648/515
f 1172/1763 1171/411 365/987 364/1764
f 1174/712 1173/1765 366/1766 376/713
f 431/1767 398/1768 399/1769 404/1770
f 839/934 823/1771 942/1772 822/935
f 2074/1773 2076/1481 2075/655 2073/1668
f 1634/1774 1478/1775 1632/1373 1633/1372
f 997/1776 1195/1777 1191/1778 319/1779
f 1539/1149 1584/1148 1583/918 1541/917
f 2057/1780 2059/1781 2105/1587 2104/1748
f 1788/1374 1789/1672 1768/1782 1769/1390
f 1943/1468 1315/1467 1314/1578 1942/440
f 1976/397 1992/1783 1991/1784 1975/398
f 1365/521 1392/1785 1374/1786 1364/522
f 776/1787 785/1025 784/1024 764/1386
f 2211/1788 789/1789 1070/1790 2212/1791
f 1208/1792 510/1793 523/1794 1202/1795
f 1832/1796 1833/1466 1284/947 1283/946
f 852/1797 804/1606 803/1605 853/1798
f 1037/1799 446/1800 447/1801 1035/1802
f 1408/1289 1407/1475 2186/1250 2184/1038
f 603/1803 578/1804 577/880 601/879
f 615/1805 621/1806 622/1807 613/1808
f 1845/1163 1899/1162 1900/506 1846/588
f 1997/1743 1853/1809 1854/1714 1981/1740
f 1982/1741 1351/1810 1350/1811 1998/1742
f 815/1812 814/1813 813/1814 846/1815
f 939/1073 833/864 834/1744 940/1816
f 1981/1740 1983/1712 1984/913 1982/1741
f 1702/1339 1677/780 1652/779 1653/1340
f 2058/1817 2056/1818 1305/1819 1304/1820
f 522/1575 515/1604 865/1607 864/1576
f 613/1808 612/1821 614/1284 615/1805
f 1266/1822 1264/1823 1263/1824 1265/1825
f 1151/672 1149/671 1148/1826 1150/1827
f 1088/544 1090/543 885/1828 328/1829
f 828/606 829/605 858/1461 859/1830
f 852/1831 941/1832 942/1833 851/1834
f 820/1532 841/874 840/774 821/773
f 1023/245 467/1835 461/1836 1024/246
f 883/1837 884/1838 824/1839 329/1840
f 884/1838 883/1837 962/1841 963/1842
f 1282/1843 1348/1844 2170/1845 2168/1846
f 1200/1098 1201/990 1202/1847 1199/1848
f 1768/1849 1767/1850 1782/1437 1783/1616
f 874/1851 943/1852 838/1853 837/1854
f 2144/1259 2151/1360 2152/1855 2143/1260
f 523/1856 513/1857 515/1604 522/1575
f 882/1858 883/1837 329/1840 881/1859
f 1502/1305 1503/1860 1613/1861 1612/1306
f 1252/1591 1250/1516 1249/1862 1251/1588
f 1189/1863 2123/1114 2095/1115 1160/1864
f 761/1865 762/1866 763/1867 760/1868
f 375/714 376/713 377/1869 378/1870
f 1614/1871 1615/1872 1617/1152 1616/1151
f 1557/1873 1559/1874 1558/1875 1556/1876
f 598/1222 648/1221 649/1630 600/882
f 959/1877 901/1878 902/1879 960/1880
f 1500/1881 1491/1882 1494/1883 1503/1884
f 2065/1133 2067/1279 2109/961 2108/1130
f 1754/1885 1631/1886 1688/869 1755/872
f 1216/1887 1217/1888 1218/1889 1215/1890
f 1179/1891 411/1892 424/1893 1180/1894
f 516/1656 529/1655 525/1599 514/698
f 1661/1895 1713/1896 1710/1897 1660/1898
f 914/687 913/1376 1040/1519 1038/688
f 1143/1316 1141/1899 1140/1900 1142/1317
f 887/1067 323/1066 334/556 888/719
f 1590/1901 1589/1902 1580/1903 1549/1904
f 319/1779 312/577 998/576 997/1776
f 1878/552 1877/841 1786/717 1785/716
f 424/1893 416/1905 1181/1906 1180/1894
f 910/495 911/1907 391/767 383/731
f 1273/1908 1938/1909 1939/1910 1272/1911
f 358/1912 359/1913 1010/1914 1009/1915
f 1492/1052 1494/1055 1491/1882 1490/1916
f 445/491 458/490 915/683 916/686
f 767/1388 769/1428 774/1427 772/1389
f 1713/1896 1712/1917 1711/1918 1710/1897
f 2209/1919 710/1920 711/1541 2208/1561
f 532/1921 531/1922 543/1757 544/1760
f 1914/442 1308/1923 1313/1924 1915/439
f 1215/1925 741/1926 869/1927 1223/1928
f 1114/1244 1116/1657 1117/1660 1115/1245
f 1083/1264 1081/1929 1080/1691 1082/1265
f 1770/1930 1885/1931 1771/1248 1787/1247
f 2147/1932 1907/1933 1445/1934 2146/1935
f 1909/1936 1908/1937 1439/1938 1748/1939
f 777/1214 780/1213 762/1705 761/1865
f 2150/1346 2156/1345 2155/1940 2149/1941
f 1970/1942 1971/1943 480/1719 495/988
f 1938/1909 1911/1944 1912/1945 1939/1910
f 1190/1946 314/1947 1092/1948 1197/1949
f 1059/668 1043/1950 1042/493 1058/665
f 1806/1951 1909/1936 1748/1939 1805/1625
f 533/1661 532/825 544/1760 545/1662
f 639/538 635/1952 582/432 640/539
f 413/1953 431/1767 404/1770 403/1011
f 727/422 729/466 728/1954 752/423
f 970/823 969/1537 997/1776 998/576
f 748/1687 747/916 1074/509 1072/1266
f 923/720 1233/1955 1231/1956 922/721
f 1451/1722 1510/944 1506/1957 1487/1723
f 889/1958 320/1959 386/1960 890/1961
f 1961/1962 1960/563 1933/562 1934/1602
f 823/1771 850/18 851/17 942/1772
f 924/1963 889/1958 890/1961 925/1964
f 1300/1733 2100/1732 2101/1715 1309/1965
f 378/1870 399/1769 398/1768 375/714
f 2137/1966 1453/1967 1444/1968 2140/1969
f 1076/1106 1086/977 1087/1970 1077/1292
f 527/1395 646/1394 691/1110 684/1971
f 822/935 942/1772 941/1832 835/1972
f 1695/1341 1653/1340 1692/1973 1694/1974
f 705/1268 704/1086 664/1975 707/1976
f 971/594 972/593 337/1977 307/1978
f 1043/1979 390/1980 394/1699 1045/1698
f 788/1309 2213/1418 2210/1981 1071/1982
f 1533/1983 1534/1984 1513/1985 1512/1986
f 1069/511 743/922 744/921 1075/512
f 1649/1987 1642/1181 1641/1185 1638/1988
f 1513/1985 1534/1984 1592/1989 1519/1990
f 1962/1991 1961/1962 1934/1602 1935/1992
f 1265/1993 961/1994 1902/1995 2195/1996
f 2047/978 2049/981 2100/1716 2099/1297
f 2091/1350 2092/1349 2094/1997 2093/454
f 1207/993 511/992 502/1998 1204/1999
f 1032/1678 480/1719 675/2000 1033/2001
f 518/2002 519/2003 517/2004 506/2005
f 367/800 1129/799 1131/2006 379/2007
f 508/2008 507/2009 503/2010 500/2011
f 331/2012 878/1324 1226/1323 1228/738
f 1600/2013 1608/2014 1609/2015 1599/2016
f 883/1837 882/1858 872/2017 962/1841
f 1056/2018 1054/2019 1055/2020 1057/2021
f 594/2022 641/647 674/650 642/2023
f 1543/2024 1545/2025 1544/2026 1542/2027
f 1659/2028 1665/2029 1613/2030 1618/2031
f 1509/2032 1521/2033 1520/2034 1504/2035
f 7/121 6/123 18/34 19/33
f 1440/2036 1891/2037 1436/2038 1437/2039
f 815/1232 816/1231 831/1567 814/1813
f 1664/2040 1663/2041 1611/1307 1612/1306
f 1115/1245 351/2042 340/2043 1113/1246
f 1425/2044 1422/787 2096/786 2094/2045
f 1702/1339 1704/1338 1705/2046 1701/2047
f 1730/2048 1729/966 1728/1167 1727/2049
f 1256/2050 457/2051 449/2052 1254/2053
f 1170/410 1122/409 1120/2054 1169/2055
f 510/2056 501/2057 498/2058 505/2059
f 980/2060 981/2061 377/2062 380/2063
f 979/999 360/2064 361/2065 978/1020
f 1864/1465 920/1329 1063/2066 2001/2067
f 1098/696 1100/695 1101/2068 1099/2069
f 377/1869 981/2061 982/2070 378/1870
f 1135/2071 400/2072 374/2073 1133/2074
f 1968/1646 1967/1728 1890/2075 1891/2076
f 2081/2077 2083/1121 2117/1120 2116/2078
f 1670/2079 1667/2080 1655/2081 1654/2082
f 781/1703 780/1702 779/1212 782/1430
f 714/1253 2208/1561 2206/1425 715/1123
f 410/625 409/624 990/1416 991/2083
f 1419/2084 1418/2085 1936/2086 1935/2087
f 1150/1827 1152/2088 1153/2089 1151/672
f 943/1852 823/1771 839/934 838/1853
f 2157/2090 2158/567 2160/570 2159/2091
f 568/1161 569/1160 557/2092 552/2093
f 712/1544 734/1543 706/2094 708/895
f 1767/1850 1766/2095 1781/1438 1782/1437
f 1955/2096 1954/1215 1927/1125 1928/2097
f 411/2098 413/1953 403/1011 414/2099
f 2195/1996 1902/1995 1901/1534 2193/1533
f 736/776 934/2100 838/1853 839/934
f 779/1212 795/2101 317/2102 782/1430
f 1508/859 1490/2103 1489/2104 1486/860
f 1855/1711 1856/937 2003/726 1983/1712
f 1734/2105 1715/2106 1723/2107 1699/2108
f 1004/642 1003/2109 354/2110 357/639
f 1401/2111 1394/2112 2194/2113 2192/2114
f 1306/2115 2103/2116 2104/1748 1303/1747
f 1402/2117 1401/2111 2192/2114 2190/2118
f 1008/997 1009/2119 981/2061 980/998
f 448/2120 897/2121 896/2122 451/2123
f 675/2000 480/1719 1971/1943 1972/2124
f 1901/1534 1902/1995 1848/2125 1847/589
f 1760/1522 1761/2126 1794/1033 1795/1523
f 918/502 437/501 442/2127 917/2128
f 2193/1533 2194/2129 2196/2130 2195/1996
f 119/263 118/223 133/335 132/264
f 2172/1569 2176/2131 2175/2132 2171/429
f 649/1630 648/1221 656/2133 655/2134
f 944/677 1025/2135 1222/2136 1241/678
f 1645/2137 1644/2138 1643/2139 1640/2140
f 1024/2141 1963/2142 1936/2143 996/2144
f 540/2145 542/1675 666/952 553/819
f 2007/2146 2008/550 2034/549 2033/1008
f 958/1326 957/1325 899/2147 900/2148
f 2146/2149 2174/2150 2173/2151 2145/2152
f 864/1576 865/1607 681/831 686/1594
f 484/607 483/2153 948/2154 487/1351
f 931/2155 512/2156 514/698 932/697
f 487/1351 948/2154 1029/784 1030/783
f 947/2157 948/2154 483/2153 798/1459
f 1940/1640 1299/1735 1272/1911 1939/1910
f 1383/855 1382/2158 1957/2159 1958/856
f 1874/386 1464/772 1456/2160 1872/2161
f 472/1051 473/2162 1186/2163 1185/1048
f 1555/2164 1557/1873 1556/1876 1554/1332
f 1150/1827 1148/1826 1183/2165 1184/2166
f 1177/2167 1176/2168 398/1768 431/1767
f 326/2169 322/2170 329/1840 824/1839
f 912/1379 911/2171 1066/1413 1050/1518
f 2146/1935 2145/2152 2148/2172 2147/1932
f 1653/1340 1652/779 1651/1037 1692/1973
f 1419/330 1935/2087 1934/1602 1431/307
f 1987/1746 1988/1745 1986/709 1985/1257
f 937/2173 831/1567 832/861 938/1072
f 1055/2174 1105/2175 336/2176 332/2177
f 432/2178 400/2072 1135/2071 1137/2179
f 430/2180 432/2178 1137/2179 1139/2181
f 1141/2182 412/2183 430/2180 1139/2181
f 425/2184 412/2183 1141/2182 1143/1316
f 425/2184 1143/1316 1145/1315 415/2185
f 417/886 416/2186 419/633 420/885
f 1054/2187 904/2188 326/2189 1104/2190
f 667/1089 665/930 664/1255 704/1086
f 408/623 405/626 1184/1049 1183/2165
f 989/631 1017/2191 1018/2192 990/1416
f 381/2193 358/1912 1009/1915 1008/997
f 1638/2194 1633/1372 1637/1375 1639/2195
f 939/1073 940/1816 853/2196 854/2197
f 1369/484 1370/483 1381/1156 1378/2198
f 1508/859 1522/616 1521/2033 1509/2032
f 450/1514 1252/1517 1254/1590 449/2052
f 1400/587 1395/590 1863/2199 1862/2200
f 1360/468 1924/2201 1923/2202 1339/469
f 616/643 620/2203 621/1806 615/1283
f 413/1953 411/2098 1179/1891 1178/1506
f 1937/2204 1280/2205 2125/2206 2129/2207
f 1689/842 1685/2208 1686/2209 1877/841
f 1438/447 1445/450 1907/1933 1908/2210
f 2132/2211 2097/2212 1276/2213 2126/2214
f 1904/806 2197/805 1903/2215 1830/2216
f 371/2217 372/815 1123/818 1125/2218
f 854/2219 802/2220 801/2221 855/2222
f 361/2065 370/1226 977/1103 978/1020
f 1031/1681 494/1680 487/1351 1030/783
f 314/1947 794/2223 1078/1290 1092/1948
f 539/598 541/597 545/1662 548/2224
f 1890/2075 1967/1728 1966/1396 1889/448
f 569/1160 570/1270 556/2225 557/2092
f 1360/468 1359/467 1392/1785 1365/521
f 668/1088 669/1286 672/1629 671/1673
f 584/416 583/415 586/1267 587/2226
f 622/1807 623/1749 611/1619 613/1808
f 760/1868 763/1867 711/1541 710/1920
f 1734/1096 2205/1095 1714/1435 1715/2106
f 1607/2227 1601/2228 1602/1331 1606/1330
f 860/609 490/608 488/2229 861/2230
f 1652/779 1645/778 1640/2140 1651/1037
f 2104/1748 2103/2116 2055/1276 2057/1780
f 393/1700 456/2231 1051/1415 1067/1701
f 591/2232 590/2233 592/648 593/1159
f 2025/2234 2026/2235 2041/2236 2042/2237
f 1086/977 1084/976 1085/2238 1087/1970
f 1819/2239 1886/718 1771/1248 1798/2240
f 1621/546 1624/1666 1625/2241 1674/547
f 1396/926 2000/929 2002/2242 1399/2243
f 1519/1990 1520/2034 1521/2033 1513/1985
f 1057/2021 1047/760 1046/435 1056/2018
f 1561/2244 1563/2245 1562/2246 1560/2247
f 1100/695 1102/1755 1103/1756 1101/2068
f 1159/757 468/2248 471/2249 1157/758
f 475/2250 1153/2251 1155/2252 474/2253
f 1947/426 1920/2254 1921/908 1948/705
f 1064/2255 1065/573 1062/572 1063/2256
f 2046/2257 2048/979 2047/978 2045/2258
f 992/582 1020/581 1021/2259 993/2260
f 2010/1496 2020/1495 1704/1338 1695/1341
f 1844/1442 1843/1441 1897/1079 1898/1165
f 2063/1132 2064/1398 2066/1197 2065/1133
f 477/2261 476/2262 992/582 993/2260
f 1182/2263 417/886 408/623 1183/2165
f 1563/2264 1575/2265 1574/2266 1565/2267
f 2022/2268 2024/2269 1735/2270 1706/2271
f 566/933 565/1176 663/821 665/930
f 2022/2268 2021/2272 2023/2273 2024/2269
f 734/1543 763/1542 762/1866 783/1704
f 1424/2274 2122/451 2123/1114 1423/2275
f 406/669 1151/672 1153/2089 475/2250
f 2017/2276 2018/2277 2020/1495 2019/1494
f 558/868 554/2278 571/1005 572/865
f 946/392 947/2157 798/1459 485/389
f 904/554 323/553 322/1069 326/2189
f 1079/1293 790/2279 792/2280 1093/1488
f 871/1649 872/1648 882/1858 881/1483
f 775/2281 706/2094 734/1543 783/1704
f 1691/2282 1815/2283 1816/870 1688/869
f 1347/2284 1357/2285 1853/2286 1852/2287
f 723/1102 725/1101 724/1285 722/1288
f 2192/2114 2194/2113 2193/1533 2191/505
f 389/1043 390/1980 1043/1979 1059/668
f 955/794 897/2288 898/2289 956/795
f 1174/712 1130/2290 1128/2291 1173/1765
f 1459/613 1461/840 1525/1241 1460/741
f 2178/2292 1345/2293 1353/460 2180/459
f 643/2294 698/500 696/499 694/464
f 1681/2295 1676/2296 1668/2297 1673/2298
f 1801/2299 1883/1440 1882/1439 1802/2300
f 1452/742 1451/945 1448/1725 1449/2301
f 1856/937 1352/936 1413/2302 1857/2303
f 1539/1149 1541/917 1540/1077 1538/1076
f 1138/2304 1139/2181 1137/2179 1136/2305
f 614/1284 612/1821 518/2306 509/2307
f 1185/1048 1152/2088 1150/1827 1184/1049
f 2120/2308 2119/2309 2087/2310 2089/2311
f 1026/2312 867/2313 808/2314 1027/2315
f 2043/2316 2044/2317 2046/2257 2045/2258
f 754/1431 1083/1264 1073/1263 745/1019
f 589/1557 588/1627 590/1626 591/1558
f 1415/1476 1402/2117 2190/2118 2188/1251
f 871/1486 870/1485 738/830 806/19
f 1896/1080 1897/1079 1843/1441 1842/2318
f 2175/2132 2176/2131 2178/2319 2177/2320
f 768/2321 771/2322 706/2094 775/2281
f 462/2323 460/2324 1418/2325 1423/2326
f 1552/532 1553/531 1602/1331 1601/2228
f 1979/2327 1989/2328 1857/2329 1858/2330
f 476/2262 477/2261 473/2162 472/1051
f 1993/690 1849/948 1850/1194 1995/691
f 2071/2331 2072/2332 2074/1773 2073/1668
f 628/2333 637/2334 638/2335 597/2336
f 682/1108 526/2337 684/2338 683/1109
f 924/1963 923/720 888/719 889/1958
f 1753/2339 1754/2340 1799/1407 1800/1406
f 1873/848 1455/614 1452/742 1449/849
f 329/1840 322/2170 807/1489 881/1859
f 498/2341 486/1364 799/1367 800/2342
f 484/607 859/610 858/1461 483/2153
f 1957/2159 1382/2158 1388/2343 1956/2344
f 686/1594 1218/2345 1209/1577 864/1576
f 1755/872 1798/2346 1799/1407 1754/1885
f 2058/1817 1304/1820 1333/2347 2060/2348
f 1478/1775 1477/2349 1876/1671 1632/1373
f 2163/2350 2164/1189 2166/1188 2165/2351
f 1687/763 1693/1455 1694/1454 1692/1036
f 415/2185 1145/1315 1147/1420 418/1562
f 1413/2352 1841/2353 1842/2354 1409/2355
f 1097/1480 1071/2356 1070/2357 1096/1477
f 1041/2358 452/2359 453/1337 1039/1336
f 1112/1243 1165/1739 1166/1738 1114/1244
f 722/1288 719/1287 716/1609 721/2360
f 835/1972 941/1832 940/1816 834/1744
f 1260/2361 443/2362 444/2363 1258/2364
f 1884/1405 1883/1440 1801/2299 1800/1406
f 1928/2097 1929/2365 1956/2366 1955/2096
f 1675/2367 1673/2368 1672/548 1674/547
f 506/2005 517/2004 512/2369 504/2370
f 1152/2088 1154/2371 1155/2252 1153/2089
f 1533/1983 1588/2372 1587/2373 1534/1984
f 1168/2374 1118/1658 1116/1657 1167/2375
f 971/594 307/1978 310/1535 970/823
f 468/2248 1159/757 1161/1210 463/2376
f 875/693 1098/696 1094/2377 836/2378
f 1893/682 1892/2379 2175/2132 2177/679
f 1812/2380 1474/735 2133/734 2143/1260
f 2060/2381 2062/2382 2061/2383 2059/2384
f 1916/2385 1316/2386 1317/2387 1917/2388
f 1467/2389 1465/2390 1475/736 1474/735
f 1177/2167 1136/2391 1134/2392 1176/2168
f 1866/2393 1865/2394 2161/2395 2163/2396
f 493/1679 1032/1678 1033/2001 678/2397
f 1298/2398 1913/2399 1912/2400 1268/2401
f 1104/2402 326/2169 824/1839 1089/2403
f 341/754 1111/753 1113/1246 340/2043
f 908/2404 396/2405 386/2406 907/2407
f 1514/837 1517/836 1520/2034 1519/1990
f 1495/2408 1483/2409 1484/729 1496/728
f 610/1618 608/1621 520/1583 519/2410
f 1119/1659 344/2411 350/2412 1117/1660
f 2042/2413 2041/2414 1993/690 1994/689
f 1741/1361 2126/2415 2127/1554 1743/1362
f 1685/766 1689/842 2214/2416 1687/763
f 493/1679 678/2397 489/2417 488/2418
f 1296/1187 1282/1843 2168/1846 2166/1188
f 442/2419 900/2148 899/2147 445/491
f 1235/1172 1237/2420 1238/2421 1236/1173
f 897/2288 448/2120 458/490 898/2289
f 455/1378 391/767 911/1907 912/1379
f 1035/1802 447/1801 438/2422 1061/2423
f 1240/2424 395/2425 387/2426 1238/2427
f 906/2428 320/2429 334/556 905/555
f 1854/1714 1853/1809 1357/2285 1343/2430
f 1310/2431 1313/1924 1308/1923 1309/2432
f 1420/810 1433/2433 1961/1962 1962/807
f 2146/2149 1445/1934 1888/449 2174/2150
f 1230/737 325/2434 331/2012 1228/738
f 957/1325 956/795 898/2289 899/2147
f 1157/758 1155/2252 1154/2371 1156/755
f 356/2435 355/2436 975/2437 976/2438
f 1194/2439 1195/1777 997/1776 969/1537
f 592/648 590/2233 672/1629 673/649
f 1854/1714 1343/2430 1344/939 1855/1711
f 888/719 334/556 320/2429 889/1958
f 612/1821 610/1618 519/2410 518/2306
f 1472/2440 1468/898 1481/1560 1473/2441
f 651/1688 642/2442 733/1100 697/1401
f 1060/802 918/502 917/2128 1034/2443
f 595/1126 594/2022 642/2023 651/1688
f 2189/508 1899/507 1898/1165 2187/1252
f 959/1877 960/1880 1263/2444 1261/2445
f 929/2446 931/2447 843/910 844/1502
f 1231/1956 1233/1955 1234/1174 1232/2448
f 860/609 827/1550 828/606 859/610
f 2195/1996 2196/2130 1266/1822 1265/1993
f 375/714 398/1768 1176/2168 1175/711
f 826/1731 825/2449 809/2450 810/1730
f 1517/836 1615/2451 1504/2035 1520/2034
f 1027/2452 1028/2453 947/2157 946/392
f 2114/455 2115/1071 1385/2454 1372/456
f 1977/1707 1991/1784 1992/1783 1978/1708
f 1348/1844 1356/2455 2172/1569 2170/1845
f 1118/1658 1168/2374 1169/1509 1120/2054
f 1507/617 1486/860 1487/1723 1506/618
f 1290/1062 1829/2456 1818/2457 1828/1063
f 573/866 509/2458 507/2009 508/867
f 1130/2459 1132/2460 1133/2461 1131/2462
f 873/2463 962/1841 872/2017 850/18
f 1247/833 1248/2464 1246/2465 1245/834
f 1913/1641 1940/1640 1939/1910 1912/2400
f 1194/2439 969/1537 316/1536 1193/520
f 1578/971 1527/2466 1550/2467 1551/972
f 974/1670 973/1669 1001/2468 1002/2469
f 2070/2470 2072/2332 2071/2331 2069/2471
f 2064/1398 2063/1132 2061/2383 2062/2382
f 1609/2015 1610/516 1547/2472 1599/2016
f 1867/2473 1866/2393 2163/2396 2165/2351
f 497/2474 930/2475 845/1230 482/1229
f 637/2334 629/2476 593/1159 638/2335
f 1551/972 1550/2467 1600/2013 1599/2016
f 2028/1205 2040/1208 1904/806 1830/2216
f 1531/2477 1577/2478 1559/1874 1557/1873
f 1545/2479 1581/2480 1589/1902 1590/1901
f 935/1310 837/1854 838/1853 934/1311
f 963/1842 962/1841 873/2463 876/2481
f 1868/845 1869/405 1836/408 1835/846
f 470/2482 469/2483 1188/1492 1187/1493
f 774/1427 793/2484 791/2485 772/1389
f 909/496 382/732 396/851 908/954
f 771/2322 717/1269 705/1268 706/2094
f 1482/1035 1434/1034 1448/1725 1488/1724
f 812/603 847/1677 846/1815 813/604
f 635/1952 636/1218 581/1217 582/432
f 552/822 557/2092 540/2145 553/819
f 983/559 982/2486 1010/2487 1011/560
f 1565/2488 1567/1295 1566/1296 1564/2489
f 1631/1886 1754/1885 1753/2339 1813/811
f 785/1025 1087/1970 1085/2238 756/1022
f 690/1449 695/463 702/421 701/995
f 2121/2490 1427/306 1426/305 2120/2491
f 1306/2492 1316/2493 1313/1924 1310/2431
f 416/2186 424/1893 426/2494 419/633
f 2121/2490 2122/451 1424/2274 1427/306
f 1065/573 1064/2255 1060/802 1061/2495
f 1336/470 1339/469 1338/2496 1337/2497
f 907/2407 1048/436 1058/665 908/2404
f 1802/2300 1882/1439 1881/443 1803/446
f 2162/2498 2161/2499 2159/2091 2160/570
f 1997/1743 1987/1746 1852/2287 1853/1809
f 513/1857 802/2500 803/1605 515/1604
f 926/2501 950/2502 1243/2503 1239/2504
f 414/2099 426/630 424/1893 411/2098
f 1349/707 1988/710 1998/1742 1350/1811
f 1380/704 1377/703 1378/2198 1381/1156
f 2078/2505 1373/2506 1386/2507 2080/2508
f 1418/2085 1419/2084 1424/329 1423/2326
f 2212/1791 1070/1790 1071/2356 2210/1981
f 1093/1488 792/2280 1198/1632 1196/2509
f 2116/2078 2115/1071 2079/1070 2081/2077
f 1258/2364 444/2363 457/2051 1256/2050
f 1310/2431 1309/2432 2101/1715 2102/2510
f 500/2011 503/2010 930/2475 497/746
f 1938/1909 1273/1908 1280/2205 1937/2204
f 554/2278 558/868 499/744 535/950
f 1243/2503 1244/2511 1240/2512 1239/2504
f 1623/1665 1540/1077 1542/2513 1624/1666
f 517/2004 516/1656 514/698 512/2369
f 874/2514 1099/2069 1101/2068 876/2515
f 1852/2287 1987/1746 1985/1257 1851/1508
f 1356/2455 1346/2516 2176/2131 2172/1569
f 386/2406 396/2405 891/854 890/1961
f 1262/1422 436/2517 443/2362 1260/1423
f 1529/530 1530/2518 1555/2519 1553/531
f 1270/1299 1267/1298 1268/2520 1271/473
f 874/2514 876/2515 873/2463 943/1852
f 1786/717 1877/841 1686/2209 1787/1247
f 481/2521 496/743 497/746 482/1229
f 2056/1818 2058/1817 2057/1780 2055/1276
f 307/1978 306/2522 309/2523 310/1535
f 452/2359 1041/2358 1051/1415 456/2231
f 960/1880 961/1994 1265/1993 1263/2444
f 1464/772 1469/897 1458/584 1456/2160
f 618/1219 619/2524 617/2525 580/1220
f 532/825 849/824 927/2526 531/1922
f 1537/2527 1536/1146 1535/838 1514/837
f 1144/1318 1181/2528 1182/2529 1146/1419
f 1530/2518 1531/2477 1557/1873 1555/2519
f 2112/2530 1392/1785 1359/467 2111/2531
f 771/2322 770/2532 716/1609 717/1269
f 455/1378 451/1377 896/2122 895/2533
f 2131/2534 2130/2535 2030/2536 2029/2537
f 1219/2538 866/2539 1964/2540 2154/2541
f 1543/920 1582/919 1581/2480 1545/2025
f 1979/2327 1858/2330 1859/2542 1977/1707
f 2179/2543 2180/459 2182/462 2181/1040
f 917/2128 442/2127 445/491 916/686
f 1991/1784 1977/1707 1859/2542 1860/2544
f 337/1977 339/2545 306/2522 307/1978
f 974/1670 1002/2469 1003/2546 975/2547
f 1777/876 1761/2126 1760/1522 1776/877
f 473/2162 470/2482 1187/1493 1186/2163
f 1346/2516 1345/2293 2178/2292 2176/2131
f 344/2411 1119/1659 1121/817 343/816
f 436/2517 1262/1422 1264/2548 439/2549
f 461/2550 1421/809 1963/808 1024/2141
f 565/1176 568/1161 552/2093 663/821
f 1990/481 1414/480 1354/2551 2004/725
f 2112/1667 2113/458 1374/457 1392/1785
f 2087/1193 2088/1192 2090/1348 2089/2311
f 2120/2491 1426/305 1366/309 2119/2309
f 2138/2552 2139/749 1629/748 1454/2553
f 2106/1584 2105/1587 2059/1781 2061/2383
f 915/683 458/490 448/2120 914/687
f 1001/2468 346/2554 353/2555 1002/2469
f 1035/1802 1061/2423 1060/802 1034/2443
f 1172/1763 1126/2556 1124/412 1171/411
f 1858/2330 1857/2329 1413/2302 1409/2355
f 435/571 1399/2243 2002/2242 1062/572
f 380/2063 360/2064 979/999 980/2060
f 950/2502 926/2501 891/854 892/853
f 410/625 991/2083 992/582 476/1282
f 507/2009 506/2005 504/2370 503/2010
f 1657/2557 1655/2558 1658/2559 1659/2560
f 1603/1085 1547/2472 1610/516 1648/1082
f 1805/1625 1804/445 1880/444 1778/1694
f 1564/2561 1470/583 1471/586 1562/2562
f 1659/2560 1614/1871 1616/1151 1657/2557
f 2044/2563 2131/2564 2124/2565 1274/2566
f 611/1619 610/1618 612/1821 613/1808
f 2186/1250 2185/1249 2183/1081 2184/1038
f 1953/1216 1952/791 1925/790 1926/523
f 896/2122 954/2567 953/2568 895/2533
f 1076/1106 1078/1290 794/2223 796/1105
f 2017/2276 2021/2272 2022/2268 2018/2277
f 1975/398 1991/1784 1860/2544 1861/2569
f 1205/2570 1214/527 1213/526 1206/2571
f 905/555 1056/2018 1046/435 906/2428
f 951/835 893/769 894/768 952/832
f 1489/2104 1488/1724 1487/1723 1486/860
f 1569/662 1532/2572 1511/2573 1516/663
f 1203/2574 1208/2575 1207/993 1204/1999
f 558/868 508/867 500/2011 499/744
f 1569/662 1571/2576 1570/2577 1532/2572
f 1256/2050 1254/2053 1253/1589 1255/796
f 1679/2578 1680/2579 1647/1084 1646/1083
f 1654/2082 1655/2081 1657/2557 1616/1151
f 1681/2295 1680/2580 1682/2581 1676/2296
f 1723/2107 1715/2106 1716/2582 1720/2583
f 2132/2584 2126/2415 1741/1361 1742/2585
f 2102/1278 2101/1715 2051/1718 2053/1275
f 746/915 2211/1788 2212/1791 1068/510
f 1316/2493 1916/2385 1915/439 1313/1924
f 2037/2586 2038/2587 2040/1208 2039/1207
f 1519/1990 1592/1989 1537/1645 1514/837
f 2027/1206 1831/2588 1905/2589 2039/1207
f 1834/843 1833/1466 1866/2393 1867/844
f 2215/2590 1693/1455 1687/763 2214/2416
f 359/1913 397/1202 1011/560 1010/1914
f 903/1092 961/1994 960/1880 902/1093
f 1651/1037 1640/2140 1649/2591 1650/764
f 2035/636 2036/1491 2038/1271 2037/2586
f 1077/1292 776/2592 790/2279 1079/1293
f 1053/1335 459/1334 446/1800 1037/1799
f 705/1268 707/1976 708/895 706/2094
f 501/2057 491/2593 486/1364 498/2058
f 1597/1180 1607/2227 1606/1330 1598/1184
f 974/1670 975/2547 355/2436 352/1135
f 1433/2433 1432/2594 1960/563 1961/1962
f 1423/2275 2123/1114 1189/1863 462/2323
f 360/2064 364/1764 365/987 361/2065
f 1166/1738 348/1737 349/1136 1167/2595
f 990/1416 1018/2192 1019/580 991/2083
f 1104/2402 1089/2403 1088/544 1105/2596
f 1678/2597 1682/2598 1677/780 1702/1339
f 2217/2599 2218/2600 1696/2601 2005/2602
f 587/2226 586/1267 588/1627 589/1557
f 471/2249 474/2253 1155/2252 1157/758
f 1680/2579 1679/2578 1677/780 1682/2581
f 1148/1826 1149/671 1147/1563 1146/1419
f 2048/979 2046/2257 1269/2603 1302/2604
f 363/2605 381/2193 1008/997 1007/996
f 467/1835 1023/245 1022/2606 466/2607
f 2135/984 2136/2608 2142/1304 2141/985
f 1017/1319 421/1322 422/2609 1018/2192
f 1680/2580 1681/2295 1683/2610 1647/1084
f 1411/2611 1410/479 1980/482 1978/1708
f 1442/485 1441/488 1809/2612 1810/2613
f 655/1761 656/2133 644/1383 645/1204
f 1176/2168 1134/2392 1132/2614 1175/711
f 597/2336 638/2335 641/647 594/2022
f 2112/1667 2111/2531 2071/2331 2073/1668
f 1337/2497 1338/2496 1341/2615 1327/533
f 363/2605 1007/996 1006/1021 362/2616
f 1218/1889 686/1594 741/1595 1215/1890
f 835/1972 820/1532 821/773 822/935
f 629/2476 630/1555 591/1558 593/1159
f 984/558 404/1012 399/1769 983/559
f 2154/2541 1964/2540 1887/2617 2173/2618
f 607/2619 625/2620 579/2621 605/2622
f 2098/1300 1270/1299 1276/471 2097/2212
f 1584/1148 2245/2623 1582/919 1583/918
f 2130/2624 2131/2564 2044/2563 2043/2316
f 1045/1698 1067/1701 1066/1413 1044/2625
f 783/1704 781/1703 769/1428 775/2281
f 1945/2626 1330/2627 1318/1470 1944/1469
f 1437/2039 1436/2038 1806/875 1807/394
f 1435/850 1763/2628 1764/2629 1793/847
f 1876/1671 1875/385 1790/388 1789/1672
f 964/2630 885/1828 1090/543 1102/1755
f 546/1758 549/1525 550/1524 547/1759
f 1599/2016 1547/2472 1548/973 1551/972
f 1238/2427 387/2426 321/2631 1236/1173
f 1106/1408 1162/1531 1163/1530 1108/1409
f 505/2632 801/2221 802/2220 513/1857
f 2024/2269 2202/899 2204/902 1735/2270
f 2079/1070 2080/2633 2082/2634 2081/2077
f 2096/786 1161/785 1160/1864 2095/1115
f 1220/1545 867/1548 1026/2312 1221/1636
f 1566/1296 1461/840 1470/583 1564/2489
f 1113/1246 1111/753 1110/2635 1112/1243
f 1213/526 966/2636 491/2637 1206/2571
f 905/555 904/554 1054/2187 1056/2018
f 1063/2066 920/1329 919/503 1064/2255
f 2254/2638 1570/2577 1571/2576 2243/2639
f 1619/1153 1617/1152 1518/839 1622/1075
f 1505/2640 1504/2035 1615/2451 1614/1871
f 501/2057 510/2056 1208/1792 1203/2574
f 956/795 957/1325 1257/1328 1255/796
f 1526/2641 2241/2642 2247/2643 2253/2644
f 1604/1473 1556/1706 1558/1875 1473/2645
f 2250/2646 2246/2647 1526/2648 2248/2649
f 1526/2648 2246/2647 2245/2650 2244/2651
f 1999/2652 2000/929 1974/928 1973/399
f 797/2653 1028/2453 1027/2452 808/2314
f 1671/2654 1668/2655 1699/2108 1723/2107
f 701/995 702/421 703/424 742/924
f 2061/2383 2063/1132 2107/1131 2106/1584
f 469/2483 462/1500 1189/2656 1188/1492
f 545/1662 544/1760 547/1759 548/2224
f 1619/1153 1622/1075 1623/1074 1620/957
f 1038/688 1040/1519 1041/2358 1039/1336
f 1390/2657 1954/1215 1955/2096 1389/2658
f 1654/2082 1619/1153 1620/957 1670/2079
f 1475/736 1462/2659 2142/1304 2136/733
f 602/1684 603/1355 601/879 650/1685
f 1980/1709 1990/481 1989/723 1979/1710
f 486/1364 491/2593 966/2636 967/1365
f 2067/958 2068/602 2070/601 2069/959
f 1242/1639 1241/678 1222/2136 1221/1636
f 1066/1413 911/2171 910/495 1044/2625
f 736/776 735/1234 739/1312 934/2100
f 1045/1698 1044/2625 1042/493 1043/1979
f 1672/548 1673/2368 1668/2297 1671/1314
f 1083/1264 754/1431 755/1434 1081/1929
f 1568/661 1572/1593 1571/2576 1569/662
f 1126/2556 1172/1763 1173/1765 1128/2291
f 464/963 469/1501 470/2482 465/964
f 685/2660 863/1622 1210/1623 1217/2661
f 477/2261 465/964 470/2482 473/2162
f 1770/1930 1783/1616 1884/1615 1885/1931
f 1740/1436 1726/901 2014/900 2016/2662
f 1302/2604 1301/2663 2050/980 2048/979
f 557/2092 556/2225 538/2664 540/2145
f 894/768 895/2533 953/2568 952/832
f 1450/2665 1453/2666 1462/2667 1457/2668
f 687/775 683/1109 688/2669 689/2670
f 1126/2556 1128/2291 1129/799 1127/798
f 1747/2671 1890/2075 1889/448 1438/447
f 673/649 672/1629 669/1286 724/1285
f 1481/1560 1477/1559 1478/1775 1480/2672
f 1559/1874 1577/2478 1576/2673 1561/2674
f 1170/410 1169/2055 342/1512 373/986
f 1110/2635 1111/753 1109/752 1108/1653
f 1465/2390 1457/2668 1462/2667 1475/736
f 1769/1390 1770/1930 1787/1247 1686/1391
f 376/713 366/1766 380/2063 377/1869
f 1525/1241 1515/664 1516/663 1524/1242
f 953/2568 1249/2675 1247/833 952/832
f 1205/2570 679/2676 965/1617 1214/527
f 2154/2541 2173/2618 2174/2150 2153/2677
f 787/1490 807/1489 322/2170 886/2678
f 1295/1195 1281/891 1851/1508 1850/1194
f 438/2422 441/574 1065/573 1061/2423
f 2148/750 2145/2152 1627/2679 1906/747
f 2196/2130 2194/2129 1394/2112 1397/2680
f 967/1365 485/389 798/1459 968/1366
f 1347/2681 1281/891 1835/846 1836/408
f 1241/678 1242/1639 1212/525 1211/675
f 774/1427 782/1430 317/2102 793/2484
f 800/2682 856/2683 855/2222 801/2221
f 1700/2684 1676/2296 1682/2581 1678/2597
f 562/414 567/434 568/1161 565/1176
f 1641/1185 1598/1184 1479/2685 1634/2686
f 528/1597 527/1395 684/1971 526/1598
f 464/1498 995/962 996/247 460/1499
f 718/1447 723/1102 722/1288 721/2360
f 1668/2297 1676/2296 1700/2684 1699/2108
f 1678/2597 1702/1339 1701/2047 1700/2684
f 642/2442 674/650 725/1101 733/1100
f 1152/2088 1185/1048 1186/2163 1154/2371
f 347/1134 348/1137 339/1736 337/1977
f 2137/1301 2140/1969 2139/749 2138/1302
f 1751/2687 1750/2688 1457/2668 1465/2390
f 509/2458 518/2306 506/2005 507/2009
f 1440/2689 1447/2690 1970/2691 1969/2692
f 1737/2693 1832/2694 1283/2695 1756/2696
f 849/824 810/1730 809/2450 927/2526
f 1229/2697 921/2698 922/721 1231/1956
f 1719/2699 1731/2700 1733/1199 1725/1198
f 1180/1894 1142/1317 1140/1900 1179/1891
f 1774/418 1775/417 1759/2701 1758/382
f 383/731 893/769 892/853 382/732
f 1225/1601 1226/1600 1224/942 1223/2702
f 351/2042 1115/1245 1117/1660 350/2412
f 1114/1244 1166/1738 1167/2595 1116/1657
f 1560/2703 1472/2440 1473/2441 1558/1875
f 2011/2704 1697/2705 1698/2706 2009/2707
f 1862/2200 1861/2708 1403/2709 1400/587
f 805/20 681/831 865/1607 804/1606
f 1541/917 1543/920 1542/2027 1540/1077
f 391/767 455/1378 895/2533 894/768
f 1182/2529 1183/2165 1148/1826 1146/1419
f 364/1764 366/1766 1173/1765 1172/1763
f 1001/2468 1000/592 338/1363 346/2554
f 1720/2583 1716/2582 1718/2710 1721/403
f 848/827 811/1549 810/1730 849/824
f 1533/1983 1512/1986 1511/1030 1532/2572
f 504/2370 512/2369 931/2155 929/2446
f 1890/2075 1747/2671 1436/2038 1891/2076
f 1781/1438 1780/2711 1881/443 1882/1439
f 429/2712 428/2713 1015/654 1014/653
f 626/1462 599/1182 598/1222 575/2714
f 964/2630 1102/1755 1100/695 877/694
f 917/2128 916/686 1036/685 1034/2443
f 1718/2710 1716/2582 1717/1026 1719/1029
f 2190/2118 2189/508 2187/1252 2188/1251
f 1999/2652 1973/399 1862/2200 1863/2199
f 1729/966 1730/2048 1731/2715 1732/967
f 2045/2258 2047/978 2099/1297 2098/1300
f 862/2716 825/2449 826/1731 861/2717
f 1684/2718 1713/1896 1661/1895 1662/2719
f 966/2636 492/390 485/389 967/1365
f 1201/990 1207/993 1208/2575 1202/1847
f 1138/1505 1140/1504 1141/1899 1139/2181
f 1895/1368 1896/1080 1842/2318 1841/2353
f 1613/1861 1665/2029 1664/2040 1612/1306
f 1389/2658 1955/2096 1956/2366 1388/2343
f 2145/2152 2173/2151 1887/2617 1627/2679
f 861/2717 488/2229 489/2417 862/2716
f 1503/1884 1502/1305 1499/1371 1500/1881
f 1596/1179 1643/1178 1644/2138 1595/514
f 1221/1636 1222/2136 1219/2720 1220/1545
f 1603/1085 1647/1084 1683/2610 1594/476
f 2135/984 1476/983 1630/2721 2134/2722
f 901/2723 900/2148 442/2419 437/501
f 2098/1300 2097/2212 2043/2316 2045/2258
f 2111/2531 1359/467 1336/470 2110/2724
f 1780/2711 1779/1696 1880/1695 1881/443
f 1499/1371 1498/1370 1495/2408 1496/728
f 1842/2318 1843/1441 1406/1444 1409/2355
f 347/1134 337/1977 972/593 973/1669
f 2006/1456 2005/2725 2011/2726 2012/1457
f 914/687 448/2120 451/2123 913/1376
f 876/2481 1101/2068 1103/1756 963/1842
f 1574/2266 1573/1592 1567/1295 1565/2267
f 1297/2727 2042/2413 1994/689 1293/2728
f 510/1793 505/2059 513/1857 523/1794
f 657/1381 658/1127 698/500 643/1382
f 947/2157 1028/2453 1029/784 948/2154
f 2196/2130 1397/2680 433/2729 1266/1822
f 1920/2254 1321/622 1341/2730 1921/908
f 953/2568 954/2567 1251/1588 1249/2675
f 1601/2228 1607/2227 1608/2014 1600/2013
f 1358/660 1951/659 1952/791 1362/2731
f 2006/1456 1693/1455 2215/2590 2216/1564
f 2029/2537 1275/2732 2124/2733 2131/2534
f 1009/2119 1010/1914 982/2486 981/2061
f 2126/2214 1276/2213 1277/474 2127/2734
f 1165/1739 1112/1243 1110/2635 1164/1651
f 1963/808 1962/807 1935/1992 1936/2143
f 1096/1477 1070/2357 789/1789 936/2735
f 2151/1360 1635/1359 1690/1343 2150/1346
f 770/2532 773/2736 721/2360 716/1609
f 2134/2722 1630/2721 1811/1358 2144/1259
f 1662/2719 1661/1895 1664/2040 1665/2029
f 1658/2559 1662/2719 1665/2029 1659/2560
f 1742/2737 1740/1436 2016/2662 2030/2738
f 1618/2031 1613/2030 1503/1860 1494/1055
f 551/1674 550/1571 660/1527 661/1122
f 1437/393 1443/396 1447/2690 1440/2036
f 2012/1457 2011/2726 2009/2707 2010/1496
f 1477/2349 1466/771 1875/385 1876/1671
f 1821/637 2035/636 2037/2586 1823/2739
f 1181/1906 416/1905 417/886 1182/2529
f 797/1729 808/2314 1966/1396 1967/1728
f 664/1975 662/820 709/953 707/1976
f 1708/2740 2017/2276 2019/1494 1707/2741
f 843/910 931/2447 932/697 842/911
f 1709/2742 2021/2272 2017/2276 1708/2740
f 1776/877 1775/417 1808/420 1807/878
f 1134/2392 1136/2391 1137/2179 1135/2071
f 2027/1206 2028/1205 2026/2235 2025/2234
f 954/2567 955/794 1253/793 1251/1588
f 1685/766 1639/765 1637/1375 1686/2209
f 1638/2194 1641/1185 1634/2686 1633/1372
f 1864/1465 1863/2199 1395/590 1398/1464
f 1534/1984 1587/2373 1591/1643 1592/1989
f 2142/1304 1462/2659 1453/2666 2137/1301
f 1025/2135 866/2539 1219/2538 1222/2136
f 522/1575 1199/1574 1202/1847 523/1856
f 1290/1062 1756/1061 1283/2695 1287/2743
f 1068/510 2212/1791 2210/1981 1069/511
f 644/1383 643/1382 694/464 693/2744
f 1775/417 1776/877 1760/1522 1759/2701
f 2162/2745 1286/2746 1285/1186 2164/1189
f 1999/2652 2001/2747 2002/2242 2000/929
f 1778/1694 1762/1697 1761/2126 1777/876
f 1471/586 1469/585 1468/898 1472/2440
f 2102/2510 2103/1277 1306/2115 1310/2431
f 976/1104 975/2437 1003/2546 1004/642
f 1615/2451 1517/836 1518/839 1617/1152
f 576/1141 575/1140 598/1222 600/882
f 320/2429 906/2428 907/437 386/1960
f 1946/425 1323/428 1330/2627 1945/2626
f 1656/1201 1684/1200 1662/2719 1658/2559
f 1650/764 1649/2591 1638/1988 1639/765
f 1267/1298 1300/1733 1298/2398 1268/2520
f 756/1022 1085/2238 1081/1929 755/1434
f 1441/488 1443/396 1808/395 1809/2612
f 2093/454 2094/1997 2096/786 2095/1115
f 1250/1516 1248/2464 1247/833 1249/1862
f 315/1528 1162/1531 1198/2748 1192/519
f 728/1954 750/1017 751/889 752/423
f 1544/1446 1545/2025 1590/1901 1593/478
f 1755/872 1817/871 1818/2749 1798/2346
f 1817/871 1827/1060 1828/1063 1818/2749
f 465/964 477/2261 993/2260 994/965
f 768/2321 766/1402 770/2532 771/2322
f 693/2744 694/464 695/463 690/1449
f 1608/2014 1596/1179 1595/514 1609/2015
f 1246/2750 384/2751 385/2752 1244/2753
f 787/1490 330/2754 879/1727 880/1484
f 1626/477 1675/884 1674/547 1625/1445
f 648/1221 647/1129 657/1128 656/2133
f 1748/1624 1439/1938 1450/2755 1749/565
f 1355/2756 1351/1810 1982/1741 1984/913
f 652/2757 653/1392 527/1395 528/1597
f 2092/1349 1428/1540 1425/2044 2094/1997
f 492/390 966/2636 1213/526 1212/525
f 813/604 814/1813 830/1720 829/605
f 1497/2758 1493/2759 1491/1882 1500/1881
f 1130/2290 1131/2462 1129/799 1128/2291
f 776/1787 1077/1292 1087/1970 785/1025
f 2179/680 2181/1040 1895/1368 1894/681
f 1449/2301 1448/1725 1434/1034 1435/850
f 2030/2536 2130/2535 2132/2584 1742/2737
f 870/1485 869/1726 741/1926 738/830
f 1493/2759 1497/2758 1485/730 1482/2760
f 1705/2046 1706/2761 1703/1753 1701/2047
f 1691/1056 1688/869 1631/1886 1636/1057
f 1806/1951 1805/1625 1778/1694 1777/876
f 1003/2109 1002/2469 353/2555 354/2110
f 1695/1341 1694/1974 2012/1457 2010/1496
f 2143/1260 2152/1855 1636/1057 1812/2380
f 2119/2309 1366/309 1369/484 2118/2762
f 687/775 689/2670 735/1234 736/776
f 1075/512 744/921 745/1019 1073/1263
f 1819/804 1798/2240 1903/2215 2197/805
f 645/1204 644/1383 693/2744 692/1111
f 433/2729 439/2549 1264/2548 1266/1822
f 1826/2763 1737/2693 1756/2696 1827/1060
f 753/1023 756/1022 755/1434 751/889
f 892/853 893/769 951/835 950/2502
f 816/1231 845/1230 844/1502 817/862
f 1772/2764 1830/2216 1903/2215 1829/2765
f 1798/2240 1818/2749 1829/2456 1903/2215
f 1344/939 1343/2430 1838/2766 1839/2767
f 2128/1551 2129/2768 1745/969 1278/1552
f 633/2769 634/537 585/540 584/416
f 454/1515 392/2770 1248/2464 1250/1516
f 428/2713 427/1321 1016/1320 1015/654
f 901/2723 959/1877 958/1326 900/2148
f 1524/1242 1516/663 1511/2573 1523/615
f 1791/2771 1792/2772 1765/2773 1766/2774
f 481/2775 846/1815 847/1677 530/2776
f 1052/684 1053/1335 1037/1799 1036/685
f 2178/2292 2180/459 2179/2543 2177/2320
f 2150/1346 2149/1941 2152/1058 2151/1360
f 793/2484 317/2102 1194/2777 1193/2778
f 519/2410 520/1583 516/1656 517/2004
f 1189/2656 1160/1209 1158/756 1188/1492
f 1794/1033 1763/2628 1435/850 1434/1034
f 1640/2140 1643/2139 1642/1181 1649/2591
f 2043/2316 2097/2212 2132/2211 2130/2624
f 1199/1848 1209/1577 1210/1623 1200/1098
f 1798/2240 1771/1248 1885/1931 1799/1407
f 2155/2779 2157/2780 1825/2781 1815/2782
f 1244/2511 385/2752 395/2425 1240/2512
f 619/2524 620/2203 616/643 617/2525
f 1893/682 1839/1117 1838/2766 1892/2379
f 1902/1995 961/1994 903/1092 1848/2125
f 1093/1488 1196/2509 1197/1949 1092/1487
f 1395/590 1847/589 1848/2125 1398/1464
f 1403/2783 1416/1443 1844/1442 1845/1163
f 1259/1327 1260/1423 1258/2364 1257/1328
f 692/1111 693/2744 690/1449 699/1112
f 945/1638 1026/1637 1027/2315 946/392
f 1975/398 1861/2569 1862/2200 1973/399
f 1712/1917 1730/2048 1727/2049 1711/1918
f 1050/1412 1051/1415 1041/2358 1040/1519
f 1994/689 1996/692 1294/2784 1293/2728
f 437/501 440/504 902/1093 901/2723
f 1895/1368 1841/2353 1840/1116 1894/681
f 521/1582 652/1693 528/1597 529/1655
f 1937/2204 2129/2207 2128/2785 1910/2786
f 345/1511 1168/1510 1167/2375 349/1136
f 605/1354 579/2621 578/1804 603/1355
f 740/940 685/2660 1217/2661 1216/941
f 1865/2394 1866/2393 1833/1466 1832/1796
f 1341/2615 1321/622 1325/2787 1327/533
f 1978/1708 1992/1783 1417/2788 1411/2611
f 937/2789 856/2790 857/1614 830/1720
f 1122/409 1123/818 1121/817 1120/2054
f 1443/396 1441/488 1446/487 1447/2690
f 1869/405 1868/845 2167/2791 2169/430
f 945/391 492/390 1212/525 1242/1639
f 804/1606 852/1797 851/1834 805/20
f 958/1326 959/1877 1261/2445 1259/1327
f 1439/1938 1908/1937 1907/1933 1444/2792
f 795/2793 318/2794 1191/2795 1195/2796
f 1837/407 1870/406 1892/2379 1838/2766
f 650/1631 649/1630 655/2134 654/1393
f 2051/1718 2052/1611 2054/1610 2053/1275
f 1761/2126 1762/1697 1763/2628 1794/1033
f 1863/2199 1864/1465 2001/2067 1999/2652
f 2162/2498 2160/570 1292/569 1286/2797
f 1062/572 2002/2242 2001/2747 1063/2256
f 364/1764 360/2064 380/2063 366/1766
f 1750/566 1749/565 1450/2755 1457/2668
f 1406/1444 1416/1443 1860/2544 1859/2542
f 1646/1083 1644/1762 1645/2137 1679/2578
f 1563/2245 1565/2267 1564/2489 1562/2246
f 1021/2798 479/2799 466/2607 1022/2606
f 2170/1845 2169/430 2167/2791 2168/1846
f 941/1832 852/1831 853/1798 940/1816
f 1097/1480 935/1310 788/1309 1071/2356
f 713/2800 2209/1919 2208/1561 714/1253
f 1510/944 1524/1242 1523/615 1506/1957
f 482/1229 815/1232 846/1815 481/2521
f 1839/1117 1840/1116 1352/936 1344/939
f 933/700 525/699 526/1598 682/1108
f 1321/622 1322/621 1326/2801 1325/2787
f 1497/727 1500/1881 1499/1371 1496/728
f 1243/2503 950/2502 951/835 1245/834
f 1485/730 1484/729 1797/2802 1796/2803
f 1917/2388 1944/1469 1943/1468 1916/2385
f 1550/2467 1552/532 1601/2228 1600/2013
f 1236/1173 321/2631 335/2804 1234/1174
f 1790/388 1791/387 1766/2774 1767/1850
f 1810/2613 1809/2612 1774/418 1773/380
f 766/1402 765/1387 773/1513 770/2532
f 596/1183 627/1463 628/2333 597/2336
f 608/1580 609/1620 607/2805 606/1581
f 1740/1436 1742/2737 1741/1361 1722/1027
f 2058/1817 2060/2348 2059/2384 2057/1780
f 1624/1666 1542/2513 1544/2026 1625/2241
f 993/2260 1021/2259 1022/2606 994/965
f 1972/2124 1971/1943 1446/487 1628/486
f 1752/813 1751/2687 1465/2390 1467/814
f 1187/1493 1156/755 1154/2371 1186/2163
f 976/2438 977/1103 370/1226 356/2435
f 1375/2806 1372/456 1385/2454 1387/701
f 2015/1451 1744/1450 1275/2732 2029/2537
f 823/1771 943/1852 873/2463 850/18
f 1017/1319 989/631 988/634 1016/1320
f 2053/1275 2054/1610 2056/1818 2055/1276
f 996/2144 1936/2143 1418/2085 460/2324
f 2052/1611 2050/980 1301/2663 1312/1612
f 994/965 1022/2606 1023/245 995/962
f 540/2145 538/2664 539/598 542/1675
f 1127/798 368/797 371/2217 1125/2218
f 1331/2807 1918/2808 1917/2388 1317/2387
f 1338/2496 1922/905 1921/908 1341/2615
f 1750/566 1751/2687 1802/2300 1803/446
f 679/2676 1205/2570 1204/1999 502/1998
f 659/1526 713/2800 714/1253 660/1527
f 1337/2497 2109/535 2110/960 1336/470
f 1945/2626 1918/2809 1919/2810 1946/425
f 2118/2762 2085/1118 2087/1193 2119/2309
f 808/2314 867/2313 1965/1547 1966/1396
f 2086/1191 1368/2811 1367/2812 2088/1192
f 1218/1889 1217/1888 1210/1623 1209/1577
f 339/2545 1165/1739 1164/1651 306/2522
f 606/1581 607/2805 605/2622 604/1692
f 1311/1613 1305/1819 2056/1818 2054/1610
f 1763/2628 1762/1697 1779/1696 1764/2629
f 496/743 481/2521 530/2776 536/951
f 1918/2809 1945/2626 1944/1469 1917/2388
f 1387/701 1380/704 1929/2365 1928/2097
f 1772/2764 2026/2235 2028/1205 1830/2216
f 498/2341 800/2342 801/2221 505/2059
f 563/644 614/1284 509/2307 573/866
f 791/1634 792/1633 790/2279 772/1389
f 1943/1468 1942/440 1915/439 1916/2385
f 1857/2329 1989/2328 2003/726 1856/937
f 2166/1188 2168/1846 2167/2791 2165/2351
f 1747/2671 1438/447 1908/2210 1909/1936
f 1235/1172 924/1963 925/1964 1237/2420
f 2251/2813 1588/2814 1570/2577 2254/2638
f 1924/789 1951/792 1950/658 1923/2202
f 559/1002 580/1220 617/2525 564/1003
f 355/2436 356/2435 342/1224 345/1511
f 1929/2365 1930/2815 1957/2159 1956/2366
f 837/1854 935/1310 1097/1480 1095/1479
f 1473/2441 1481/1560 1480/2672 1604/1473
f 2021/2272 1709/2742 1736/2816 2023/2273
f 1109/752 308/751 313/2817 1107/1411
f 2033/1008 2031/1007 1784/638 1879/2818
f 848/827 533/826 530/1664 847/1677
f 352/1135 355/2436 345/1511 349/1136
f 2034/549 1878/552 1785/716 2032/1006
f 232/291 229/377 201/300 199/299
f 1526/2648 2253/2644 2252/2819 2248/2649
f 1852/2287 1851/1508 1281/891 1347/2284
f 2060/2348 1333/2347 1332/2820 2062/2382
f 2081/2077 2082/2634 2084/1044 2083/1121
f 493/1679 488/2418 490/608 494/1680
f 2107/1131 1325/2787 1326/2801 2106/1584
f 1968/1646 1891/2076 1440/2036 1969/1647
f 684/2338 691/1110 688/1113 683/1109
f 1447/2690 1446/487 1971/1943 1970/2691
f 1142/1317 1180/1894 1181/1906 1144/1318
f 1091/542 1089/541 824/1839 884/1838
f 1537/1645 1586/1644 1585/1147 1536/1146
f 1845/1163 1846/588 1400/587 1403/2783
f 1910/2821 1277/474 1271/473 1911/2822
f 1237/2420 1239/2504 1240/2512 1238/2421
f 1780/2711 1765/2823 1764/2629 1779/1696
f 1107/1411 313/2817 1190/2824 1197/2825
f 856/2790 800/2682 799/1367 857/1614
f 1952/791 1953/1216 1363/2826 1362/2731
f 1841/2353 1413/2352 1352/936 1840/1116
f 1347/2284 1836/408 1837/407 1357/2285
f 624/1750 625/2620 607/2619 609/1620
f 1923/1650 1922/905 1338/2496 1339/469
f 2072/2332 2070/2470 1335/600 1361/2827
f 2072/2332 1361/2827 1393/2828 2074/1773
f 2074/1773 1393/2828 1391/2829 2076/1481
f 2082/2634 2080/2633 1386/2507 1376/1046
f 2078/2505 2076/1481 1391/2829 1373/2506
f 1053/1335 1052/684 1038/688 1039/1336
f 1792/2830 1872/2831 1873/848 1793/847
f 1958/856 1957/2159 1930/2815 1931/925
f 1931/1154 1370/1157 1371/308 1932/561
f 324/2832 1232/2448 1234/1174 335/2804
f 414/627 403/1011 985/1010 986/628
f 836/2378 1094/2377 1096/1477 936/2735
f 1357/2285 1837/407 1838/2766 1343/2430
f 310/1535 309/2523 315/1528 316/1536
f 1360/468 1365/521 1925/524 1924/2201
f 1671/1314 1723/2107 1720/2583 1666/1313
f 1596/1179 1608/2014 1607/2227 1597/1180
f 1020/581 478/829 479/2799 1021/2259
f 1124/412 1125/2218 1123/818 1122/409
f 2175/2132 1892/2379 1870/406 2171/429
f 1436/2038 1747/2671 1909/1936 1806/875
f 330/1683 1227/739 1225/1601 879/1727
f 2165/2351 2167/2791 1868/845 1867/2473
f 2052/1611 2051/1718 2049/1717 2050/980
f 930/2475 929/2446 844/1502 845/1230
f 1912/2400 1911/1944 1271/473 1268/2401
f 1354/2551 1355/2756 1984/913 2004/725
f 1791/2771 1874/386 1872/2161 1792/2772
f 1219/2720 2154/2541 2153/2677 1220/1545
f 1261/1421 1263/2444 1264/1823 1262/1422
f 1580/1903 1579/970 1548/973 1549/1904
f 1860/2544 1416/1443 1403/2783 1861/2569
f 1223/2702 1224/942 1216/941 1215/1925
f 2108/534 1327/533 1325/2787 2107/1131
f 1553/531 1555/2519 1554/1332 1602/1331
f 1705/2046 1704/1338 2020/1495 2018/2277
f 2018/2277 2022/2268 1706/2271 1705/2046
f 897/2121 955/794 954/2567 896/2122
f 1300/1733 1309/1965 1308/1923 1298/2398
f 1739/2833 2007/2146 2033/1008 1879/2818
f 1661/1895 1660/1898 1663/2041 1664/2040
f 1288/708 1294/2784 1996/692 1986/709
f 1792/2830 1793/847 1764/2629 1765/2773
f 856/2683 937/2789 938/1072 855/2222
f 802/2500 854/2219 853/2196 803/1605
f 924/1963 1235/1172 1233/1175 923/720
f 1819/2239 1822/803 1820/1273 1886/718
f 1918/2809 1331/2807 1322/621 1919/2810
f 834/1744 819/912 820/1532 835/1972
f 1072/1266 1074/509 1075/512 1073/1263
f 1559/1874 1561/2674 1560/2247 1558/1875
f 309/2523 306/2522 1164/1651 1163/1530
f 1562/2246 1471/586 1472/2440 1560/2247
f 324/2832 325/2834 1230/2835 1232/2448
f 1758/382 1759/2701 1796/1520 1797/651
f 1094/2377 1098/696 1099/2069 1095/1479
f 1177/2167 431/1767 413/1953 1178/1506
f 1091/542 884/1838 963/1842 1103/1756
f 879/1727 1225/1601 1223/2702 869/1726
f 1598/1184 1606/1330 1605/1333 1479/2685
f 2213/1418 743/1417 1069/511 2210/1981
f 604/1692 602/1356 653/1392 652/1693
f 1055/2174 332/2177 333/762 1057/2021
f 1712/1917 1713/1896 1684/2718 1733/1199
f 2064/1398 2062/2382 1332/2820 1329/1399
f 2090/1348 2088/1192 1367/2812 1429/1539
f 1317/2387 1303/1747 1334/1586 1331/2807
f 2084/1044 2086/1191 2085/1190 2083/1121
f 2216/1564 2217/2599 2005/2602 2006/1456
f 2117/1120 2118/1119 1369/484 1378/2198
f 1724/1028 1732/967 1731/2715 1719/1029
f 1133/2461 374/2073 379/2007 1131/2462
f 1380/704 1381/1156 1930/1155 1929/2365
f 1274/2566 1269/2603 2046/2257 2044/2563
f 1872/2161 1456/2160 1455/614 1873/848
f 491/2637 501/2057 1203/2574 1206/2571
f 1439/1938 1444/2792 1453/1967 1450/2755
f 422/2609 423/828 1019/580 1018/2192
f 1175/711 1132/2614 1130/2459 1174/712
f 1928/2097 1927/1125 1375/1124 1387/701
f 1667/404 1670/2079 1669/545 1666/401
f 1384/858 1959/857 1960/563 1432/2594
f 1409/2355 1406/1444 1859/2542 1858/2330
f 1136/2391 1177/2167 1178/1506 1138/2304
f 1549/1904 1546/475 1593/478 1590/1901
f 729/466 696/465 732/498 728/1954
f 891/854 926/2501 925/1964 890/1961
f 973/1669 972/593 1000/592 1001/2468
f 631/1556 632/2836 587/2226 589/1557
f 674/650 673/649 724/1285 725/1101
f 2117/1120 1378/2198 1377/703 2116/2078
f 205/301 203/315 183/378 189/302
f 1953/1216 1954/1215 1390/2657 1363/2826
f 1550/2467 1527/2466 1528/529 1552/532
f 542/1675 539/598 548/2224 551/1674
f 925/1964 926/2501 1239/2504 1237/2420
f 1034/2443 1036/685 1037/1799 1035/1802
f 2014/900 2013/1065 2015/1451 2016/2662
f 1675/884 1683/883 1681/2295 1673/2368
f 2136/2608 2135/984 2134/2722 2133/734
f 2089/1347 2091/1350 2121/452 2120/2308
f 1316/2386 1306/2492 1303/1747 1317/2387
f 1120/2054 1121/817 1119/1659 1118/1658
f 1205/2570 1206/2571 1203/2574 1204/1999
f 861/2230 826/1731 827/1550 860/609
f 837/1854 1095/1479 1099/2069 874/1851
f 776/2592 764/1386 772/1389 790/2279
f 779/1212 778/1211 318/2794 795/2101
f 1085/2238 1084/976 1080/1691 1081/1929
f 2147/1932 2140/1969 1444/1968 1907/1933
f 429/2712 1014/653 1013/1001 402/1168
f 1454/2553 1463/982 2141/985 2138/2552
f 1815/2283 1691/2282 2149/1059 2155/2779
f 1484/729 1483/2409 1871/652 1797/2802
f 1949/1139 1319/1138 1342/706 1948/907
f 1404/1294 1417/2788 1992/1783 1976/397
f 1831/2588 2027/1206 2025/2234 1289/2837
f 2125/2838 1279/1166 1745/969 2129/2768
f 749/887 718/1447 721/2360 773/1513
f 1733/1199 1731/2700 1730/2048 1712/1917
f 1919/2810 1920/619 1947/426 1946/425
f 2159/2091 2161/2499 1865/2839 1291/2840
f 585/540 640/539 567/434 562/414
f 1490/1916 1508/859 1509/2032 1492/1052
f 1933/1603 1932/561 1371/308 1430/304
f 1243/2503 1245/834 1246/2465 1244/2511
f 1482/1035 1485/730 1796/2803 1795/1032
f 369/640 362/2616 1006/1021 1005/641
f 1258/2364 1256/2050 1255/796 1257/1328
f 1937/2204 1910/2786 1911/2822 1938/1909
f 830/1720 814/1813 831/1567 937/2789
f 564/1003 563/644 573/866 572/1004
f 1766/2095 1765/2773 1780/2711 1781/1438
f 632/2836 633/2769 584/416 587/2226
f 988/634 419/633 426/2494 987/629
f 1368/2811 2086/1191 2084/1044 1379/1047
f 503/2010 504/2370 929/2446 930/2475
f 1825/2841 1291/2842 1737/2693 1826/2763
f 949/781 1029/784 1028/2453 797/1729
f 1364/522 1374/1786 1372/456 1375/1124
f 1134/2392 1135/2071 1133/2074 1132/2614
f 688/2669 699/1112 700/994 689/2670
f 1461/840 1566/1296 1515/664 1525/1241
f 1480/2672 1478/1775 1634/1774 1479/1471
f 2157/2780 2159/2091 1291/2840 1825/2781
f 1322/621 1331/2807 1334/1586 1326/2801
f 2037/2586 2039/1207 1905/2589 1823/2739
f 2016/2662 2015/1451 2029/2537 2030/2738
f 1588/2372 1533/1983 1532/2572 1570/2577
f 2139/749 2140/1969 2147/1932 2148/750
f 938/1072 939/1073 854/2197 855/2222
f 1789/1672 1790/388 1767/1850 1768/1782
f 1696/2601 1697/2705 2011/2704 2005/2602
f 2040/1208 2038/2587 1822/1274 1904/806
f 399/1769 378/1870 982/2070 983/559
f 1561/2244 1576/2673 1575/2265 1563/2245
f 787/1490 886/2678 921/1682 330/2754
f 2116/2078 1377/703 1385/702 2115/1071
f 1047/760 327/759 388/1042 1049/667
f 1124/412 1126/2556 1127/798 1125/2218
f 392/2770 384/2751 1246/2750 1248/2464
f 2153/2677 2174/2150 1888/449 1965/1547
f 1013/1169 985/1000 984/1013 1012/1170
f 2203/1064 2201/2843 1746/1453 2013/1065
f 1548/973 1547/2472 1546/475 1549/1904
f 2156/1345 2158/567 2157/2090 2155/1940
f 1522/616 1512/1031 1513/1985 1521/2033
f 1801/2299 1802/2300 1751/2687 1752/813
f 1493/2759 1489/2104 1490/2103 1491/1882
f 1913/1641 1298/2398 1308/1923 1914/442
f 2024/2269 2023/2273 2203/1064 2202/899
f 1492/1052 1509/2032 1504/2035 1505/1053
f 2190/2118 2192/2114 2191/505 2189/508
f 2077/656 2078/1482 2080/2508 2079/1070
f 2111/2531 2110/2724 2069/959 2071/2331
f 1547/2472 1603/1085 1594/476 1546/475
f 1107/1411 1197/2825 1196/2844 1106/1408
f 2227/1237 2236/2845 2235/2846 574/1238
f 594/2022 595/1126 596/1183 597/2336
f 588/1627 586/1267 670/932 671/1628
f 581/673 580/1220 559/1002 560/674
f 559/1002 571/1005 570/1270 560/674
f 841/874 933/700 682/1108 840/774
f 775/2281 769/1428 767/1388 768/2321
f 1054/2019 1104/2190 1105/2175 1055/2020
f 1088/544 328/1829 336/2847 1105/2596
f 887/722 922/721 921/2698 886/1068
f 1229/2697 1231/1956 1232/2448 1230/2835
f 1631/1886 1813/811 1812/2380 1636/1057
f 1815/2283 1825/2781 1826/2763 1816/870
f 1817/871 1816/870 1826/2763 1827/1060
f 1769/1390 1768/1782 1783/1616 1770/1930
f 1812/2380 1813/811 1467/814 1474/735
f 1800/1406 1801/2299 1752/813 1753/2339
f 571/1005 554/2278 555/904 570/1270
f 570/1270 555/904 538/903 556/2225
f 541/1663 537/596 536/951 530/1664
f 256/143 257/174 2198/2848 239/144
f 1618/1054 1505/1053 1614/1871 1659/2028
f 1489/2104 1493/2759 1482/2760 1488/1724
f 1667/404 1721/403 1725/1198 1656/1201
f 1718/2710 1719/1029 1725/1198 1721/403
f 1656/1201 1658/2559 1655/2558 1667/404
f 2023/2273 1736/2816 2201/2843 2203/1064
f 1717/1026 1716/2582 1715/2106 1714/1435
f 1740/1436 1722/1027 1717/1026 1714/1435
f 1735/2270 2204/902 1734/1096 1706/2271
f 1699/2108 1703/1753 1706/2761 1734/2105
f 1707/2741 2019/1494 2009/1497 1698/2706
f 1970/2691 495/988 676/782 1969/2692
f 1738/551 2215/1565 2214/2416 1689/842
f 2007/2146 1739/2833 2218/2600 2217/2599
f 2008/550 2007/2146 2217/2599 2216/1564
f 40/56 36/55 45/118 43/119
f 208/160 204/159 2224/313 206/171
f 139/374 146/179 147/178 2222/217
f 211/138 212/349 2226/327 210/135
f 1578/971 1579/970 2250/2646 2248/2649
f 625/2620 624/1750 2228/1342 2232/1228
f 577/880 578/1804 2232/1228 2229/1227
f 633/2769 632/2836 2236/2845 2227/1237
f 2231/2849 637/2334 628/2333 2238/2850
f 1579/970 1580/1903 1589/1902 2250/2646
f 636/1218 635/1952 2230/1236 2234/1235
f 576/881 577/880 2229/1227 2237/1142
f 621/1806 620/2203 2233/1239 2239/1240
f 624/1750 623/1749 2239/1240 2228/1342
f 629/2476 637/2334 2231/2849 2235/2851
f 2231/2849 2238/2850 574/1145 2235/2851
f 1578/971 2248/2649 2252/2819 1527/2466
f 2247/2643 2241/2642 1575/2265 1576/2673
f 2252/2819 2253/2644 1530/2518 1529/530
f 1526/2641 2243/2852 2242/2853 2241/2642
f 2242/2853 2243/2852 1571/2576 1572/1593
f 1526/2641 2251/2813 2254/2638 2243/2852
f 2253/2644 2247/2643 1531/2477 1530/2518
f 1589/1902 1581/2480 2246/2647 2250/2646
f 2245/2623 2246/2647 1581/2480 1582/919
f 2249/2854 2244/2855 1585/1147 1586/1644
f 1585/1147 2244/2855 2245/2650 1584/1148
f 2249/2854 2251/2813 1526/2641 2244/2855
f 632/2836 631/1556 2235/2846 2236/2845
f 620/2203 619/2524 2234/1235 2233/1239
f 635/1952 639/538 2227/1237 2230/1236
f 619/2524 618/1219 636/1218 2234/1235
f 639/538 634/537 633/2769 2227/1237
f 630/1555 629/2476 2235/2851 631/1556
f 622/1807 621/1806 2239/1240 623/1749
f 579/2621 625/2620 2232/1228 578/1804
f 626/1462 575/2714 2240/1143 2238/1144
f 627/1463 626/1462 2238/1144 628/2333
f 1575/2265 2241/2642 2242/2853 1574/2266
f 1527/2466 2252/2819 1529/530 1528/529
f 2251/2813 2249/2854 1587/2373 1588/2814
f 2247/2643 1576/2673 1577/2478 1531/2477
f 2249/2854 1586/1644 1591/1643 1587/2373
f 1574/2266 2242/2853 1572/1593 1573/1592
f 1287/949 1849/948 1993/690 2041/2414
f 2025/2234 2042/2237 1297/2856 1289/2837
f 1772/2764 1829/2765 1290/1062 1287/2743
f 1772/2764 1287/2743 2041/2236 2026/2235
f 1865/2839 1832/2694 1737/2693 1291/2840
f 2164/1189 2163/2350 2161/2395 2162/2745
f 1193/2778 1192/1635 791/1634 793/2484
f 1198/2748 1162/1531 1106/1408 1196/2844
f 1194/2777 317/2102 795/2101 1195/2796
f 1277/474 1910/2821 2128/2785 2127/2734